?,Automated,Date,Date (Days),Date (ISO Week numbers),Downtime date,Downtime Reason,Employee,Employee Qualification,grey,KPI color,Maintenance date,Production Line,Split,Split (string),Split text,Summary visible,Target met,Tech issue date,Work Conditions,# Downtime days,% Availability OEE,% Availability OOE,% challenging,% Defect density,% Downtime Rate,% First Pass Yield (FPY),% Overall Equipment Effectiveness (OEE),% Overall Operations Effectiveness (OOE),% Production Attainment,% Target,% Target (KPI),Between downtime,Between maintenance,Between tech issues,Breaks dim,Breaks time,Color hub,Color hub (copy),Cost - defect Measure,Costs,Costs (copy),Defect Density KPI string,Defect density KPI vl,Defective Units,Difference from target,Difference from target (std),Difference from target Ms,Dim FPY,Dim Run Hours,Dim Throughput / hour,Downtime Hours,Downtime hours cost,Downtime hours TOTAL costs,Downtime time,DR KPI string,DR KPI vl,Good Units dim,Hub,Hub (label),Int iso weeks,KPI Point 1,KPI Point 2,KPI Point 3,KPI Point 4,KPI Point Hub,KPI Point Hub (upper),KPI Point volume,Maintenance time,Maintenance time dim,OEE KPI string,OEE KPI vl,Other issue time,Performance,Planned - downtime time,Planned time,Planned Units,Point -0.7,Point -1,Point -1 (blank),Point 1,Produced Units,Production Attainment KPI string,Production Attainment KPI vl,Production KPI string,Production KPI vl,Production volume,Production volume dim,Profit | good units,Profit | Max theoretical,Profit | net,Profit | net %,Raw Material Shortage time,Run time ([Planned time] - [Downtime time] - [Breaks time]),Scheduled time ([Planned time] - [Breaks] ),Scheduled time ([Planned time] - [Breaks] - [Maintenance time]),Scheduled time dim,Target met (reg),Target met (reg) KPI,Tech issue time,Tech issue time dim,Theoretical run rate,Throughput / hour,Wasted hours other reason dim
?,True,1/1/2023,"January 1, 2023",2022 W52,,Maintenance,Max Parker,5,grey,color,,Line 1 (auto),Total,Total,,True,False,,Normal,0,100%,88%,0%,1.1%,0%,99%,61%,54%,0%,-13%,87.0%,,,,1,1, worse than target,( worse than target ),80,,, better than target,1.850574713,1,-13,0,-13,0.988505747,,,,0,,0, better than target,3,86,87,87,44919,Point,Point,Point,Point,Point,Point,Point,0,, worse than target,3.571428571,,0.621428571,8,8,100,Point,Point,Point,Point,87, worse than critical,40, worse than target,13,87,87,8600,14000,,,,7,7,7,,False,False,,,,12.428571429,0
?,True,1/2/2023,"January 2, 2023",2023 W1,,Maintenance,Zoe Martinez,3,grey,color,,Line 1 (auto),Total,Total,,True,True,,Challenging,0,100%,88%,100%,0.9%,0%,99%,82%,72%,100%,+16.0%,116.0%,,,,1,1, better than target,( better than target ),80,,, better than target,2.137931034,1,16,0,16,0.991379310,,,,0,,0, better than target,3,115,116,116,44926,Point,Point,Point,Point,Point,Point,Point,0,, better than target,17.142857143,,0.828571429,8,8,100,Point,Point,Point,Point,116, better than target,40, better than target,16,116,116,11500,14000,,,,7,7,7,,True,True,,,,16.571428571,0
?,True,1/3/2023,"January 3, 2023",2023 W1,,Other,Owen Taylor,9,grey,color,,Line 1 (auto),Total,Total,,True,False,,Challenging,0,100%,88%,100%,1.2%,0%,99%,58%,51%,0%,-18%,82.0%,,,,1,1, worse than target,( worse than target ),80,,, better than target,1.780487805,1,-18,0,-18,0.987804878,,,,0,,0, better than target,3,81,82,82,44926,Point,Point,Point,Point,Point,Point,Point,0,, worse than target,7.142857143,,0.585714286,8,8,100,Point,Point,Point,Point,82, worse than critical,40, worse than target,18,82,82,8100,14000,,,,7,7,7,,False,False,,,,11.714285714,0
?,True,1/4/2023,"January 4, 2023",2023 W1,,Maintenance,Ivy Anderson,6,grey,color,,Line 1 (auto),Total,Total,,True,True,,Normal,0,100%,88%,0%,2.6%,0%,97%,81%,71%,100%,+16.0%,116.0%,,,,1,1, better than target,( better than target ),240,,, better than target,0.413793103,3,16,0,16,0.974137931,,,,0,,0, better than target,3,113,116,116,44926,Point,Point,Point,Point,Point,Point,Point,0,, better than target,15.714285714,,0.828571429,8,8,100,Point,Point,Point,Point,116, better than target,40, better than target,16,116,116,11300,14000,,,,7,7,7,,True,True,,,,16.571428571,0
?,True,1/5/2023,"January 5, 2023",2023 W1,,Tech Issue,Mia Smith,2,grey,color,,Line 1 (auto),Total,Total,,True,False,,Normal,0,100%,88%,0%,0.0%,0%,100%,69%,60%,0%,-04%,96.0%,,,,1,1, worse than target,( worse than target ),0,,, better than target,3,0,-4,0,-4,1,,,,0,,0, better than target,3,96,96,96,44926,Point,Point,Point,Point,Point,Point,Point,0,, better than target,3.571428571,,0.685714286,8,8,100,Point,Point,Point,Point,96, worse than critical,40, worse than target,4,96,96,9600,14000,,,,7,7,7,,False,False,,,,13.714285714,0
?,True,1/6/2023,"January 6, 2023",2023 W1,,Tech Issue,Owen Taylor,9,grey,color,,Line 1 (auto),Total,Total,,True,True,,Normal,0,100%,88%,0%,2.7%,0%,97%,78%,68%,100%,+12.0%,112.0%,,,,1,1, better than target,( better than target ),240,,, better than target,0.321428571,3,12,0,12,0.973214286,,,,0,,0, better than target,3,109,112,112,44926,Point,Point,Point,Point,Point,Point,Point,0,, better than target,12.857142857,,0.8,8,8,100,Point,Point,Point,Point,112, better than target,40, better than target,12,112,112,10900,14000,,,,7,7,7,,True,True,,,,16,0
?,True,1/7/2023,"January 7, 2023",2023 W1,,Maintenance,Leo Johnson,6,grey,color,,Line 1 (auto),Total,Total,,True,False,,Normal,0,100%,88%,0%,1.0%,0%,99%,69%,61%,0%,-02%,98.0%,,,,1,1, worse than target,( worse than target ),80,,, better than target,1.979591837,1,-2,0,-2,0.989795918,,,,0,,0, better than target,3,97,98,98,44926,Point,Point,Point,Point,Point,Point,Point,0,, better than target,4.285714286,,0.7,8,8,100,Point,Point,Point,Point,98, worse than critical,40, worse than target,2,98,98,9700,14000,,,,7,7,7,,False,False,,,,14,0
?,True,1/8/2023,"January 8, 2023",2023 W1,,Material Shortage,Ava White,4,grey,color,,Line 1 (auto),Total,Total,,True,True,,Normal,0,100%,88%,0%,0.9%,0%,99%,76%,66%,100%,+7.0%,107.0%,,,,1,1, better than target,( better than target ),80,,, better than target,2.065420561,1,7,0,7,0.990654206,,,,0,,0, better than target,3,106,107,107,44926,Point,Point,Point,Point,Point,Point,Point,0,, better than target,10.714285714,,0.764285714,8,8,100,Point,Point,Point,Point,107, better than target,40, better than target,7.000000000,107,107,10600,14000,,,,7,7,7,,True,True,,,,15.285714286,0
?,True,1/9/2023,"January 9, 2023",2023 W2,,Other,Ava White,3,grey,color,,Line 1 (auto),Total,Total,,True,True,,Challenging,0,100%,88%,100%,0.0%,0%,100%,78%,68%,100%,+9.0%,109.0%,,,,1,1, better than target,( better than target ),0,,, better than target,3,0,9,0,9,1,,,,0,,0, better than target,3,109,109,109,44933,Point,Point,Point,Point,Point,Point,Point,0,, better than target,12.857142857,,0.778571429,8,8,100,Point,Point,Point,Point,109, better than target,40, better than target,9.000000000,109,109,10900,14000,,,,7,7,7,,True,True,,,,15.571428571,0
?,True,1/10/2023,"January 10, 2023",2023 W2,,Tech Issue,Ivy Anderson,6,grey,color,,Line 1 (auto),Total,Total,,True,False,,Normal,0,100%,88%,0%,3.2%,0%,97%,65%,57%,0%,-06%,94.0%,,,,1,1, worse than target,( worse than target ),240,,, worse than target,0.191489362,3,-6,0,-6,0.968085106,,,,0,,0, better than target,3,91,94,94,44933,Point,Point,Point,Point,Point,Point,Point,0,, better than target,0,,0.671428571,8,8,100,Point,Point,Point,Point,94, worse than critical,40, worse than target,6.000000000,94,94,9100,14000,,,,7,7,7,,False,False,,,,13.428571429,0
?,True,1/11/2023,"January 11, 2023",2023 W2,,Other,Owen Taylor,1,grey,color,,Line 1 (auto),Total,Total,,True,False,,Normal,0,100%,88%,0%,0.0%,0%,100%,57%,50%,0%,-20%,80.0%,,,,1,1, worse than target,( worse than target ),0,,, better than target,3,0,-20,0,-20,1,,,,0,,0, better than target,3,80,80,80,44933,Point,Point,Point,Point,Point,Point,Point,0,, worse than target,7.857142857,,0.571428571,8,8,100,Point,Point,Point,Point,80, worse than critical,40, worse than target,20,80,80,8000,14000,,,,7,7,7,,False,False,,,,11.428571429,0
?,True,1/12/2023,"January 12, 2023",2023 W2,,Tech Issue,Zoe Martinez,6,grey,color,,Line 1 (auto),Total,Total,,True,True,,Challenging,0,100%,88%,100%,1.0%,0%,99%,71%,63%,100%,+1.0%,101.0%,,,,1,1, better than target,( better than target ),80,,, better than target,2.009900990,1,1,0,1,0.990099010,,,,0,,0, better than target,3,100,101,101,44933,Point,Point,Point,Point,Point,Point,Point,0,, better than target,6.428571429,,0.721428571,8,8,100,Point,Point,Point,Point,101, better than target,40, better than target,1,101,101,10000,14000,,,,7,7,7,,True,True,,,,14.428571429,0
?,True,1/13/2023,"January 13, 2023",2023 W2,,Other,Zoe Martinez,1,grey,color,,Line 1 (auto),Total,Total,,True,False,,Normal,0,100%,88%,0%,0.0%,0%,100%,65%,57%,0%,-09%,91.0%,,,,1,1, worse than target,( worse than target ),0,,, better than target,3,0,-9,0,-9,1,,,,0,,0, better than target,3,91,91,91,44933,Point,Point,Point,Point,Point,Point,Point,0,, better than target,0,,0.65,8,8,100,Point,Point,Point,Point,91, worse than critical,40, worse than target,9,91,91,9100,14000,,,,7,7,7,,False,False,,,,13,0
?,True,1/14/2023,"January 14, 2023",2023 W2,,Other,Eli Brown,3,grey,color,,Line 1 (auto),Total,Total,,True,True,,Normal,0,100%,88%,0%,3.8%,0%,96%,73%,64%,100%,+6.0%,106.0%,,,,1,1, better than target,( better than target ),320,,, worse than target,0.773584906,4,6,0,6,0.962264151,,,,0,,0, better than target,3,102,106,106,44933,Point,Point,Point,Point,Point,Point,Point,0,, better than target,7.857142857,,0.757142857,8,8,100,Point,Point,Point,Point,106, better than target,40, better than target,6.000000000,106,106,10200,14000,,,,7,7,7,,True,True,,,,15.142857143,0
?,True,1/15/2023,"January 15, 2023",2023 W2,1/15/2023,Other,Max Parker,3,grey,color,,Line 1 (auto),Total,Total,,True,True,,Challenging,1,86%,75%,100%,3.6%,13%,96%,76%,67%,100%,+11.0%,111.0%,1,,,1,1, better than target,( better than target ),320,2720,2720, worse than target,0.603603604,4,11,0,11,0.963963964,6,18.5,1,2200,2400,1, worse than critical,5.5,107,111,111,44933,Point,Point,Point,Point,Point,Point,Point,0,, better than target,11.428571429,1,0.925,7,8,100,Point,Point,Point,Point,111, better than target,40, better than target,11,111,111,10700,14000,7980,57%,0,6,7,7,,True,True,0,,,18.5,1
?,True,1/16/2023,"January 16, 2023",2023 W3,,Tech Issue,Luna Garcia,1,grey,color,,Line 1 (auto),Total,Total,,True,False,,Normal,0,100%,88%,0%,0.0%,0%,100%,58%,51%,0%,-19%,81.0%,,,,1,1, worse than target,( worse than target ),0,,, better than target,3,0,-19,0,-19,1,,,,0,,0, better than target,3,81,81,81,44940,Point,Point,Point,Point,Point,Point,Point,0,, worse than target,7.142857143,,0.578571429,8,8,100,Point,Point,Point,Point,81, worse than critical,40, worse than target,19,81,81,8100,14000,,,,7,7,7,,False,False,,,,11.571428571,0
?,True,1/17/2023,"January 17, 2023",2023 W3,,Other,Mia Smith,8,grey,color,,Line 1 (auto),Total,Total,,True,False,,Normal,0,100%,88%,0%,2.0%,0%,98%,69%,61%,0%,-01%,99.0%,,,,1,1, worse than target,( worse than target ),160,,, better than target,0.979797980,2,-1,0,-1,0.979797980,,,,0,,0, better than target,3,97,99,99,44940,Point,Point,Point,Point,Point,Point,Point,0,, better than target,4.285714286,,0.707142857,8,8,100,Point,Point,Point,Point,99, worse than critical,40, worse than target,1,99,99,9700,14000,,,,7,7,7,,False,False,,,,14.142857143,0
?,True,1/18/2023,"January 18, 2023",2023 W3,,Tech Issue,Luna Garcia,6,grey,color,,Line 1 (auto),Total,Total,,True,False,,Normal,0,100%,88%,0%,1.2%,0%,99%,59%,51%,0%,-17%,83.0%,,,,1,1, worse than target,( worse than target ),80,,, better than target,1.795180723,1,-17,0,-17,0.987951807,,,,0,,0, better than target,3,82,83,83,44940,Point,Point,Point,Point,Point,Point,Point,0,, worse than target,6.428571429,,0.592857143,8,8,100,Point,Point,Point,Point,83, worse than critical,40, worse than target,17,83,83,8200,14000,,,,7,7,7,,False,False,,,,11.857142857,0
?,True,1/19/2023,"January 19, 2023",2023 W3,1/19/2023,Other,Max Parker,1,grey,color,,Line 1 (auto),Total,Total,,True,False,,Challenging,1,71%,63%,100%,3.1%,25%,97%,68%,59%,0%,-02%,98.0%,1,,,1,1, worse than target,( worse than target ),240,4040,4040, worse than target,0.061224490,3,-2,0,-2,0.969387755,5,19.6,2,3400,3800,2, worse than critical,18,95,98,98,44940,Point,Point,Point,Point,Point,Point,Point,0,, better than target,2.857142857,2,0.98,6,8,100,Point,Point,Point,Point,98, worse than critical,40, worse than target,2,98,98,9500,14000,5460,39%,0,5,7,7,,False,False,0,,,19.6,2
?,True,1/20/2023,"January 20, 2023",2023 W3,,Maintenance,Luna Garcia,9,grey,color,,Line 1 (auto),Total,Total,,True,False,,Normal,0,100%,88%,0%,1.0%,0%,99%,69%,61%,0%,-02%,98.0%,,,,1,1, worse than target,( worse than target ),80,,, better than target,1.979591837,1,-2,0,-2,0.989795918,,,,0,,0, better than target,3,97,98,98,44940,Point,Point,Point,Point,Point,Point,Point,0,, better than target,4.285714286,,0.7,8,8,100,Point,Point,Point,Point,98, worse than critical,40, worse than target,2,98,98,9700,14000,,,,7,7,7,,False,False,,,,14,0
?,True,1/21/2023,"January 21, 2023",2023 W3,,Maintenance,Zoe Martinez,5,grey,color,,Line 1 (auto),Total,Total,,True,True,,Normal,0,100%,88%,0%,0.0%,0%,100%,82%,72%,100%,+15.0%,115.0%,,,,1,1, better than target,( better than target ),0,,, better than target,3,0,15,0,15,1,,,,0,,0, better than target,3,115,115,115,44940,Point,Point,Point,Point,Point,Point,Point,0,, better than target,17.142857143,,0.821428571,8,8,100,Point,Point,Point,Point,115, better than target,40, better than target,15,115,115,11500,14000,,,,7,7,7,,True,True,,,,16.428571429,0
?,True,1/22/2023,"January 22, 2023",2023 W3,,Maintenance,Mia Smith,5,grey,color,,Line 1 (auto),Total,Total,,True,False,,Normal,0,100%,88%,0%,0.0%,0%,100%,66%,58%,0%,-08%,92.0%,,,,1,1, worse than target,( worse than target ),0,,, better than target,3,0,-8,0,-8,1,,,,0,,0, better than target,3,92,92,92,44940,Point,Point,Point,Point,Point,Point,Point,0,, better than target,0.714285714,,0.657142857,8,8,100,Point,Point,Point,Point,92, worse than critical,40, worse than target,8,92,92,9200,14000,,,,7,7,7,,False,False,,,,13.142857143,0
?,True,1/23/2023,"January 23, 2023",2023 W4,,Material Shortage,Zoe Martinez,1,grey,color,,Line 1 (auto),Total,Total,,True,False,,Normal,0,100%,88%,0%,1.1%,0%,99%,63%,55%,0%,-11%,89.0%,,,,1,1, worse than target,( worse than target ),80,,, better than target,1.876404494,1,-11,0,-11,0.988764045,,,,0,,0, better than target,3,88,89,89,44947,Point,Point,Point,Point,Point,Point,Point,0,, worse than target,2.142857143,,0.635714286,8,8,100,Point,Point,Point,Point,89, worse than critical,40, worse than target,11,89,89,8800,14000,,,,7,7,7,,False,False,,,,12.714285714,0
?,True,1/24/2023,"January 24, 2023",2023 W4,,Other,Ava White,1,grey,color,,Line 1 (auto),Total,Total,,True,True,,Challenging,0,100%,88%,100%,0.0%,0%,100%,75%,66%,100%,+5.0%,105.0%,,,,1,1, better than target,( better than target ),0,,, better than target,3,0,5,0,5,1,,,,0,,0, better than target,3,105,105,105,44947,Point,Point,Point,Point,Point,Point,Point,0,, better than target,10,,0.75,8,8,100,Point,Point,Point,Point,105, better than target,40, better than target,5,105,105,10500,14000,,,,7,7,7,,True,True,,,,15,0
?,True,1/25/2023,"January 25, 2023",2023 W4,,Maintenance,Ava White,6,grey,color,,Line 1 (auto),Total,Total,,True,False,,Normal,0,100%,88%,0%,3.6%,0%,96%,57%,50%,0%,-17%,83.0%,,,,1,1, worse than target,( worse than target ),240,,, worse than target,0.614457831,3,-17,0,-17,0.963855422,,,,0,,0, better than target,3,80,83,83,44947,Point,Point,Point,Point,Point,Point,Point,0,, worse than target,7.857142857,,0.592857143,8,8,100,Point,Point,Point,Point,83, worse than critical,40, worse than target,17,83,83,8000,14000,,,,7,7,7,,False,False,,,,11.857142857,0
?,True,1/26/2023,"January 26, 2023",2023 W4,,Other,Mia Smith,3,grey,color,,Line 1 (auto),Total,Total,,True,False,,Challenging,0,100%,88%,100%,1.2%,0%,99%,59%,52%,0%,-16%,84.0%,,,,1,1, worse than target,( worse than target ),80,,, better than target,1.809523810,1,-16,0,-16,0.988095238,,,,0,,0, better than target,3,83,84,84,44947,Point,Point,Point,Point,Point,Point,Point,0,, worse than target,5.714285714,,0.6,8,8,100,Point,Point,Point,Point,84, worse than critical,40, worse than target,16,84,84,8300,14000,,,,7,7,7,,False,False,,,,12,0
?,True,1/27/2023,"January 27, 2023",2023 W4,,Tech Issue,Max Parker,3,grey,color,,Line 1 (auto),Total,Total,,True,False,,Normal,0,100%,88%,0%,2.5%,0%,98%,56%,49%,0%,-20%,80.0%,,,,1,1, worse than target,( worse than target ),160,,, better than target,0.5,2,-20,0,-20,0.975,,,,0,,0, better than target,3,78,80,80,44947,Point,Point,Point,Point,Point,Point,Point,0,, worse than target,9.285714286,,0.571428571,8,8,100,Point,Point,Point,Point,80, worse than critical,40, worse than target,20,80,80,7800,14000,,,,7,7,7,,False,False,,,,11.428571429,0
?,True,1/28/2023,"January 28, 2023",2023 W4,,Other,Leo Johnson,9,grey,color,,Line 1 (auto),Total,Total,,True,False,,Challenging,0,100%,88%,100%,3.1%,0%,97%,66%,58%,0%,-04%,96.0%,,,,1,1, worse than target,( worse than target ),240,,, worse than target,0.125,3,-4,0,-4,0.96875,,,,0,,0, better than target,3,93,96,96,44947,Point,Point,Point,Point,Point,Point,Point,0,, better than target,1.428571429,,0.685714286,8,8,100,Point,Point,Point,Point,96, worse than critical,40, worse than target,4,96,96,9300,14000,,,,7,7,7,,False,False,,,,13.714285714,0
?,True,1/29/2023,"January 29, 2023",2023 W4,,Material Shortage,Ivy Anderson,3,grey,color,,Line 1 (auto),Total,Total,,True,True,,Challenging,0,100%,88%,100%,1.0%,0%,99%,72%,63%,100%,+2.0%,102.0%,,,,1,1, better than target,( better than target ),80,,, better than target,2.019607843,1,2,0,2,0.990196078,,,,0,,0, better than target,3,101,102,102,44947,Point,Point,Point,Point,Point,Point,Point,0,, better than target,7.142857143,,0.728571429,8,8,100,Point,Point,Point,Point,102, better than target,40, better than target,2,102,102,10100,14000,,,,7,7,7,,True,True,,,,14.571428571,0
?,True,1/30/2023,"January 30, 2023",2023 W5,,Maintenance,Luna Garcia,1,grey,color,,Line 1 (auto),Total,Total,,True,False,,Normal,0,100%,88%,0%,0.0%,0%,100%,71%,62%,0%,-01%,99.0%,,,,1,1, worse than target,( worse than target ),0,,, better than target,3,0,-1,0,-1,1,,,,0,,0, better than target,3,99,99,99,44954,Point,Point,Point,Point,Point,Point,Point,0,, better than target,5.714285714,,0.707142857,8,8,100,Point,Point,Point,Point,99, worse than critical,40, worse than target,1,99,99,9900,14000,,,,7,7,7,,False,False,,,,14.142857143,0
?,True,1/31/2023,"January 31, 2023",2023 W5,,Other,Leo Johnson,8,grey,color,,Line 1 (auto),Total,Total,,True,False,,Normal,0,100%,88%,0%,3.4%,0%,97%,61%,53%,0%,-12%,88.0%,,,,1,1, worse than target,( worse than target ),240,,, worse than target,0.409090909,3,-12,0,-12,0.965909091,,,,0,,0, better than target,3,85,88,88,44954,Point,Point,Point,Point,Point,Point,Point,0,, worse than target,4.285714286,,0.628571429,8,8,100,Point,Point,Point,Point,88, worse than critical,40, worse than target,12,88,88,8500,14000,,,,7,7,7,,False,False,,,,12.571428571,0
?,True,2/1/2023,"February 1, 2023",2023 W5,,Maintenance,Ava White,1,grey,color,,Line 1 (auto),Total,Total,,True,False,,Challenging,0,100%,88%,100%,0.0%,0%,100%,69%,60%,0%,-04%,96.0%,,,,1,1, worse than target,( worse than target ),0,,, better than target,3,0,-4,0,-4,1,,,,0,,0, better than target,3,96,96,96,44954,Point,Point,Point,Point,Point,Point,Point,0,, better than target,3.571428571,,0.685714286,8,8,100,Point,Point,Point,Point,96, worse than critical,40, worse than target,4,96,96,9600,14000,,,,7,7,7,,False,False,,,,13.714285714,0
?,True,2/2/2023,"February 2, 2023",2023 W5,,Maintenance,Max Parker,7,grey,color,,Line 1 (auto),Total,Total,,True,True,,Challenging,0,100%,88%,100%,0.0%,0%,100%,84%,73%,100%,+17.0%,117.0%,,,,1,1, better than target,( better than target ),0,,, better than target,3,0,17,0,17,1,,,,0,,0, better than target,3,117,117,117,44954,Point,Point,Point,Point,Point,Point,Point,0,, better than target,18.571428571,,0.835714286,8,8,100,Point,Point,Point,Point,117, better than target,40, better than target,17,117,117,11700,14000,,,,7,7,7,,True,True,,,,16.714285714,0
?,True,2/3/2023,"February 3, 2023",2023 W5,,Tech Issue,Ava White,2,grey,color,,Line 1 (auto),Total,Total,,True,True,,Challenging,0,100%,88%,100%,3.8%,0%,96%,72%,63%,100%,+5.0%,105.0%,,,,1,1, better than target,( better than target ),320,,, worse than target,0.809523810,4,5,0,5,0.961904762,,,,0,,0, better than target,3,101,105,105,44954,Point,Point,Point,Point,Point,Point,Point,0,, better than target,7.142857143,,0.75,8,8,100,Point,Point,Point,Point,105, better than target,40, better than target,5,105,105,10100,14000,,,,7,7,7,,True,True,,,,15,0
?,True,2/4/2023,"February 4, 2023",2023 W5,,Tech Issue,Ivy Anderson,2,grey,color,,Line 1 (auto),Total,Total,,True,False,,Normal,0,100%,88%,0%,2.4%,0%,98%,59%,52%,0%,-15%,85.0%,,,,1,1, worse than target,( worse than target ),160,,, better than target,0.647058824,2,-15,0,-15,0.976470588,,,,0,,0, better than target,3,83,85,85,44954,Point,Point,Point,Point,Point,Point,Point,0,, worse than target,5.714285714,,0.607142857,8,8,100,Point,Point,Point,Point,85, worse than critical,40, worse than target,15,85,85,8300,14000,,,,7,7,7,,False,False,,,,12.142857143,0
?,True,2/5/2023,"February 5, 2023",2023 W5,2/5/2023,Maintenance,Leo Johnson,4,grey,color,2/5/2023,Line 1 (auto),Total,Total,,True,False,,Normal,1,100%,63%,0%,1.2%,25%,99%,85%,53%,0%,-14%,86.0%,1,1,,1,1, worse than target,( worse than target ),80,7480,7480, better than target,1.837209302,1,-14,0,-14,0.988372093,5,17.2,2,3400,7400,2, worse than critical,18,85,86,86,44954,Point,Point,Point,Point,Point,Point,Point,2,2, better than target,20,0,0.86,6,8,100,Point,Point,Point,Point,86, worse than critical,40, worse than target,14,86,86,8500,14000,1020,7%,0,5,7,5,5,False,False,0,,20,17.2,0
?,True,2/6/2023,"February 6, 2023",2023 W6,,Material Shortage,Mia Smith,9,grey,color,,Line 1 (auto),Total,Total,,True,True,,Normal,0,100%,88%,0%,1.9%,0%,98%,73%,64%,100%,+4.0%,104.0%,,,,1,1, better than target,( better than target ),160,,, better than target,1.076923077,2,4,0,4,0.980769231,,,,0,,0, better than target,3,102,104,104,44961,Point,Point,Point,Point,Point,Point,Point,0,, better than target,7.857142857,,0.742857143,8,8,100,Point,Point,Point,Point,104, better than target,40, better than target,4,104,104,10200,14000,,,,7,7,7,,True,True,,,,14.857142857,0
?,True,2/7/2023,"February 7, 2023",2023 W6,,Other,Leo Johnson,7,grey,color,,Line 1 (auto),Total,Total,,True,True,,Challenging,0,100%,88%,100%,0.9%,0%,99%,79%,69%,100%,+11.0%,111.0%,,,,1,1, better than target,( better than target ),80,,, better than target,2.099099099,1,11,0,11,0.990990991,,,,0,,0, better than target,3,110,111,111,44961,Point,Point,Point,Point,Point,Point,Point,0,, better than target,13.571428571,,0.792857143,8,8,100,Point,Point,Point,Point,111, better than target,40, better than target,11,111,111,11000,14000,,,,7,7,7,,True,True,,,,15.857142857,0
?,True,2/8/2023,"February 8, 2023",2023 W6,,Tech Issue,Luna Garcia,9,grey,color,,Line 1 (auto),Total,Total,,True,True,,Challenging,0,100%,88%,100%,2.6%,0%,97%,81%,71%,100%,+16.0%,116.0%,,,,1,1, better than target,( better than target ),240,,, better than target,0.413793103,3,16,0,16,0.974137931,,,,0,,0, better than target,3,113,116,116,44961,Point,Point,Point,Point,Point,Point,Point,0,, better than target,15.714285714,,0.828571429,8,8,100,Point,Point,Point,Point,116, better than target,40, better than target,16,116,116,11300,14000,,,,7,7,7,,True,True,,,,16.571428571,0
?,True,2/9/2023,"February 9, 2023",2023 W6,2/9/2023,Tech Issue,Luna Garcia,6,grey,color,,Line 1 (auto),Total,Total,,True,True,2/9/2023,Challenging,1,86%,75%,100%,2.5%,13%,97%,82%,72%,100%,+18.0%,118.0%,1,,1,1,1, better than target,( better than target ),240,6440,6440, better than target,0.457627119,3,18,0,18,0.974576271,6,19.666666667,1,2200,6200,1, worse than critical,5.5,115,118,118,44961,Point,Point,Point,Point,Point,Point,Point,0,, better than target,17.142857143,0,0.983333333,7,8,100,Point,Point,Point,Point,118, better than target,40, better than target,18,118,118,11500,14000,5060,36%,0,6,7,7,,True,True,1,1,,19.666666667,1
?,True,2/10/2023,"February 10, 2023",2023 W6,,Other,Owen Taylor,4,grey,color,,Line 1 (auto),Total,Total,,True,True,,Normal,0,100%,88%,0%,2.7%,0%,97%,77%,68%,100%,+11.0%,111.0%,,,,1,1, better than target,( better than target ),240,,, better than target,0.297297297,3,11,0,11,0.972972973,,,,0,,0, better than target,3,108,111,111,44961,Point,Point,Point,Point,Point,Point,Point,0,, better than target,12.142857143,,0.792857143,8,8,100,Point,Point,Point,Point,111, better than target,40, better than target,11,111,111,10800,14000,,,,7,7,7,,True,True,,,,15.857142857,0
?,True,2/11/2023,"February 11, 2023",2023 W6,,Other,Owen Taylor,1,grey,color,,Line 1 (auto),Total,Total,,True,False,,Challenging,0,100%,88%,100%,2.3%,0%,98%,60%,53%,0%,-14%,86.0%,,,,1,1, worse than target,( worse than target ),160,,, better than target,0.674418605,2,-14,0,-14,0.976744186,,,,0,,0, better than target,3,84,86,86,44961,Point,Point,Point,Point,Point,Point,Point,0,, worse than target,5,,0.614285714,8,8,100,Point,Point,Point,Point,86, worse than critical,40, worse than target,14,86,86,8400,14000,,,,7,7,7,,False,False,,,,12.285714286,0
?,True,2/12/2023,"February 12, 2023",2023 W6,,Material Shortage,Mia Smith,8,grey,color,,Line 1 (auto),Total,Total,,True,False,,Normal,0,100%,88%,0%,3.0%,0%,97%,69%,60%,0%,-01%,99.0%,,,,1,1, worse than target,( worse than target ),240,,, worse than target,0.030303030,3,-1,0,-1,0.969696970,,,,0,,0, better than target,3,96,99,99,44961,Point,Point,Point,Point,Point,Point,Point,0,, better than target,3.571428571,,0.707142857,8,8,100,Point,Point,Point,Point,99, worse than critical,40, worse than target,1,99,99,9600,14000,,,,7,7,7,,False,False,,,,14.142857143,0
?,True,2/13/2023,"February 13, 2023",2023 W7,,Other,Finn Sullivan,1,grey,color,,Line 1 (auto),Total,Total,,True,True,,Normal,0,100%,88%,0%,3.5%,0%,97%,79%,69%,100%,+15.0%,115.0%,,,,1,1, better than target,( better than target ),320,,, worse than target,0.478260870,4,15,0,15,0.965217391,,,,0,,0, better than target,3,111,115,115,44968,Point,Point,Point,Point,Point,Point,Point,0,, better than target,14.285714286,,0.821428571,8,8,100,Point,Point,Point,Point,115, better than target,40, better than target,15,115,115,11100,14000,,,,7,7,7,,True,True,,,,16.428571429,0
?,True,2/14/2023,"February 14, 2023",2023 W7,,Maintenance,Leo Johnson,4,grey,color,,Line 1 (auto),Total,Total,,True,False,,Challenging,0,100%,88%,100%,4.8%,0%,95%,57%,50%,0%,-16%,84.0%,,,,1,1, worse than target,( worse than target ),320,,, worse than target,1.761904762,4,-16,0,-16,0.952380952,,,,0,,0, better than target,3,80,84,84,44968,Point,Point,Point,Point,Point,Point,Point,0,, worse than target,7.857142857,,0.6,8,8,100,Point,Point,Point,Point,84, worse than critical,40, worse than target,16,84,84,8000,14000,,,,7,7,7,,False,False,,,,12,0
?,True,2/15/2023,"February 15, 2023",2023 W7,,Tech Issue,Ivy Anderson,3,grey,color,,Line 1 (auto),Total,Total,,True,False,,Normal,0,100%,88%,0%,0.0%,0%,100%,70%,61%,0%,-02%,98.0%,,,,1,1, worse than target,( worse than target ),0,,, better than target,3,0,-2,0,-2,1,,,,0,,0, better than target,3,98,98,98,44968,Point,Point,Point,Point,Point,Point,Point,0,, better than target,5.000000000,,0.7,8,8,100,Point,Point,Point,Point,98, worse than critical,40, worse than target,2,98,98,9800,14000,,,,7,7,7,,False,False,,,,14,0
?,True,2/16/2023,"February 16, 2023",2023 W7,2/16/2023,Maintenance,Mia Smith,5,grey,color,2/16/2023,Line 1 (auto),Total,Total,,True,True,,Challenging,1,100%,63%,100%,0.0%,25%,100%,114%,71%,100%,+14.0%,114.0%,1,1,,1,1, better than target,( better than target ),0,7400,7400, better than target,3,0,14,0,14,1,5,22.8,2,3400,7400,2, worse than critical,18,114,114,114,44968,Point,Point,Point,Point,Point,Point,Point,2,2, better than target,49,0,1.14,6,8,100,Point,Point,Point,Point,114, better than target,40, better than target,14,114,114,11400,14000,4000,29%,0,5,7,5,5,True,True,0,,20,22.8,0
?,True,2/17/2023,"February 17, 2023",2023 W7,2/17/2023,Other,Ivy Anderson,8,grey,color,,Line 1 (auto),Total,Total,,True,False,,Normal,1,71%,63%,0%,2.2%,25%,98%,62%,54%,0%,-11%,89.0%,1,,,1,1, worse than target,( worse than target ),160,3960,3960, better than target,0.752808989,2,-11,0,-11,0.977528090,5,17.8,2,3400,3800,2, worse than critical,18,87,89,89,44968,Point,Point,Point,Point,Point,Point,Point,0,, worse than target,2.857142857,2,0.89,6,8,100,Point,Point,Point,Point,89, worse than critical,40, worse than target,11,89,89,8700,14000,4740,34%,0,5,7,7,,False,False,0,,,17.8,2
?,True,2/18/2023,"February 18, 2023",2023 W7,,Other,Max Parker,6,grey,color,,Line 1 (auto),Total,Total,,True,True,,Challenging,0,100%,88%,100%,2.9%,0%,97%,73%,64%,100%,+5.0%,105.0%,,,,1,1, better than target,( better than target ),240,,, better than target,0.142857143,3,5,0,5,0.971428571,,,,0,,0, better than target,3,102,105,105,44968,Point,Point,Point,Point,Point,Point,Point,0,, better than target,7.857142857,,0.75,8,8,100,Point,Point,Point,Point,105, better than target,40, better than target,5,105,105,10200,14000,,,,7,7,7,,True,True,,,,15,0
?,True,2/19/2023,"February 19, 2023",2023 W7,2/19/2023,Tech Issue,Owen Taylor,3,grey,color,,Line 1 (auto),Total,Total,,True,True,2/19/2023,Challenging,1,57%,50%,100%,2.8%,38%,97%,74%,64%,100%,+6.0%,106.0%,1,,1,1,1, better than target,( better than target ),240,16840,16840, better than target,0.169811321,3,6,0,6,0.971698113,4,26.5,3,4600,16600,3, worse than critical,30.5,103,106,106,44968,Point,Point,Point,Point,Point,Point,Point,0,, better than target,8.571428571,0,1.325,5,8,100,Point,Point,Point,Point,106, better than target,40, better than target,6.000000000,106,106,10300,14000,-6540,-47%,0,4,7,7,,True,True,3,3,,26.5,3
?,True,2/20/2023,"February 20, 2023",2023 W8,,Material Shortage,Zoe Martinez,3,grey,color,,Line 1 (auto),Total,Total,,True,False,,Challenging,0,100%,88%,100%,1.1%,0%,99%,65%,57%,0%,-08%,92.0%,,,,1,1, worse than target,( worse than target ),80,,, better than target,1.913043478,1,-8,0,-8,0.989130435,,,,0,,0, better than target,3,91,92,92,44975,Point,Point,Point,Point,Point,Point,Point,0,, worse than target,1.110223025e-14,,0.657142857,8,8,100,Point,Point,Point,Point,92, worse than critical,40, worse than target,8,92,92,9100,14000,,,,7,7,7,,False,False,,,,13.142857143,0
?,True,2/21/2023,"February 21, 2023",2023 W8,,Other,Mia Smith,3,grey,color,,Line 1 (auto),Total,Total,,True,False,,Normal,0,100%,88%,0%,4.4%,0%,96%,61%,54%,0%,-10%,90.0%,,,,1,1, worse than target,( worse than target ),320,,, worse than target,1.444444444,4,-10,0,-10,0.955555556,,,,0,,0, better than target,3,86,90,90,44975,Point,Point,Point,Point,Point,Point,Point,0,, worse than target,3.571428571,,0.642857143,8,8,100,Point,Point,Point,Point,90, worse than critical,40, worse than target,10,90,90,8600,14000,,,,7,7,7,,False,False,,,,12.857142857,0
?,True,2/22/2023,"February 22, 2023",2023 W8,,Material Shortage,Eli Brown,3,grey,color,,Line 1 (auto),Total,Total,,True,True,,Normal,0,100%,88%,0%,4.0%,0%,96%,69%,60%,100%,+0.0%,100.0%,,,,1,1, better than target,( better than target ),320,,, worse than target,1,4,0,0,0,0.96,,,,0,,0, better than target,3,96,100,100,44975,Point,Point,Point,Point,Point,Point,Point,0,, better than target,3.571428571,,0.714285714,8,8,100,Point,Point,Point,Point,100, better than target,40, better than target,0,100,100,9600,14000,,,,7,7,7,,True,True,,,,14.285714286,0
?,True,2/23/2023,"February 23, 2023",2023 W8,,Material Shortage,Finn Sullivan,5,grey,color,,Line 1 (auto),Total,Total,,True,False,,Challenging,0,100%,88%,100%,4.4%,0%,96%,62%,54%,0%,-09%,91.0%,,,,1,1, worse than target,( worse than target ),320,,, worse than target,1.395604396,4,-9,0,-9,0.956043956,,,,0,,0, better than target,3,87,91,91,44975,Point,Point,Point,Point,Point,Point,Point,0,, worse than target,2.857142857,,0.65,8,8,100,Point,Point,Point,Point,91, worse than critical,40, worse than target,9,91,91,8700,14000,,,,7,7,7,,False,False,,,,13,0
?,True,2/24/2023,"February 24, 2023",2023 W8,,Tech Issue,Ava White,1,grey,color,,Line 1 (auto),Total,Total,,True,False,,Normal,0,100%,88%,0%,1.1%,0%,99%,62%,54%,0%,-12%,88.0%,,,,1,1, worse than target,( worse than target ),80,,, better than target,1.863636364,1,-12,0,-12,0.988636364,,,,0,,0, better than target,3,87,88,88,44975,Point,Point,Point,Point,Point,Point,Point,0,, worse than target,2.857142857,,0.628571429,8,8,100,Point,Point,Point,Point,88, worse than critical,40, worse than target,12,88,88,8700,14000,,,,7,7,7,,False,False,,,,12.571428571,0
?,True,2/25/2023,"February 25, 2023",2023 W8,,Tech Issue,Luna Garcia,5,grey,color,,Line 1 (auto),Total,Total,,True,True,,Challenging,0,100%,88%,100%,1.7%,0%,98%,81%,71%,100%,+16.0%,116.0%,,,,1,1, better than target,( better than target ),160,,, better than target,1.275862069,2,16,0,16,0.982758621,,,,0,,0, better than target,3,114,116,116,44975,Point,Point,Point,Point,Point,Point,Point,0,, better than target,16.428571429,,0.828571429,8,8,100,Point,Point,Point,Point,116, better than target,40, better than target,16,116,116,11400,14000,,,,7,7,7,,True,True,,,,16.571428571,0
?,True,2/26/2023,"February 26, 2023",2023 W8,,Other,Ivy Anderson,7,grey,color,,Line 1 (auto),Total,Total,,True,True,,Normal,0,100%,88%,0%,2.7%,0%,97%,79%,69%,100%,+13.0%,113.0%,,,,1,1, better than target,( better than target ),240,,, better than target,0.345132743,3,13,0,13,0.973451327,,,,0,,0, better than target,3,110,113,113,44975,Point,Point,Point,Point,Point,Point,Point,0,, better than target,13.571428571,,0.807142857,8,8,100,Point,Point,Point,Point,113, better than target,40, better than target,13,113,113,11000,14000,,,,7,7,7,,True,True,,,,16.142857143,0
?,True,2/27/2023,"February 27, 2023",2023 W9,,Tech Issue,Max Parker,1,grey,color,,Line 1 (auto),Total,Total,,True,False,,Challenging,0,100%,88%,100%,1.2%,0%,99%,61%,53%,0%,-14%,86.0%,,,,1,1, worse than target,( worse than target ),80,,, better than target,1.837209302,1,-14,0,-14,0.988372093,,,,0,,0, better than target,3,85,86,86,44982,Point,Point,Point,Point,Point,Point,Point,0,, worse than target,4.285714286,,0.614285714,8,8,100,Point,Point,Point,Point,86, worse than critical,40, worse than target,14,86,86,8500,14000,,,,7,7,7,,False,False,,,,12.285714286,0
?,True,2/28/2023,"February 28, 2023",2023 W9,,Tech Issue,Mia Smith,9,grey,color,,Line 1 (auto),Total,Total,,True,False,,Normal,0,100%,88%,0%,4.8%,0%,95%,57%,50%,0%,-16%,84.0%,,,,1,1, worse than target,( worse than target ),320,,, worse than target,1.761904762,4,-16,0,-16,0.952380952,,,,0,,0, better than target,3,80,84,84,44982,Point,Point,Point,Point,Point,Point,Point,0,, worse than target,7.857142857,,0.6,8,8,100,Point,Point,Point,Point,84, worse than critical,40, worse than target,16,84,84,8000,14000,,,,7,7,7,,False,False,,,,12,0
?,True,3/1/2023,"March 1, 2023",2023 W9,,Maintenance,Eli Brown,2,grey,color,,Line 1 (auto),Total,Total,,True,True,,Challenging,0,100%,88%,100%,0.0%,0%,100%,79%,69%,100%,+11.0%,111.0%,,,,1,1, better than target,( better than target ),0,,, better than target,3,0,11,0,11,1,,,,0,,0, better than target,3,111,111,111,44982,Point,Point,Point,Point,Point,Point,Point,0,, better than target,14.285714286,,0.792857143,8,8,100,Point,Point,Point,Point,111, better than target,40, better than target,11,111,111,11100,14000,,,,7,7,7,,True,True,,,,15.857142857,0
?,True,3/2/2023,"March 2, 2023",2023 W9,,Material Shortage,Ava White,2,grey,color,,Line 1 (auto),Total,Total,,True,False,,Normal,0,100%,88%,0%,4.2%,0%,96%,66%,58%,0%,-04%,96.0%,,,,1,1, worse than target,( worse than target ),320,,, worse than target,1.166666667,4,-4,0,-4,0.958333333,,,,0,,0, better than target,3,92,96,96,44982,Point,Point,Point,Point,Point,Point,Point,0,, better than target,0.714285714,,0.685714286,8,8,100,Point,Point,Point,Point,96, worse than critical,40, worse than target,4,96,96,9200,14000,,,,7,7,7,,False,False,,,,13.714285714,0
?,True,3/3/2023,"March 3, 2023",2023 W9,3/3/2023,Material Shortage,Finn Sullivan,1,grey,color,,Line 1 (auto),Total,Total,,True,True,,Normal,1,57%,50%,0%,0.9%,38%,99%,76%,66%,100%,+7.0%,107.0%,1,,,1,1, better than target,( better than target ),80,5280,5280, better than target,2.065420561,1,7,0,7,0.990654206,4,26.75,3,4600,5200,3, worse than critical,30.5,106,107,107,44982,Point,Point,Point,Point,Point,Point,Point,0,, better than target,10.714285714,0,1.3375,5,8,100,Point,Point,Point,Point,107, better than target,40, better than target,7.000000000,107,107,10600,14000,5320,38%,3,4,7,7,,True,True,0,,,26.75,3
?,True,3/4/2023,"March 4, 2023",2023 W9,,Other,Leo Johnson,2,grey,color,,Line 1 (auto),Total,Total,,True,False,,Challenging,0,100%,88%,100%,1.1%,0%,99%,64%,56%,0%,-09%,91.0%,,,,1,1, worse than target,( worse than target ),80,,, better than target,1.901098901,1,-9,0,-9,0.989010989,,,,0,,0, better than target,3,90,91,91,44982,Point,Point,Point,Point,Point,Point,Point,0,, worse than target,0.714285714,,0.65,8,8,100,Point,Point,Point,Point,91, worse than critical,40, worse than target,9,91,91,9000,14000,,,,7,7,7,,False,False,,,,13,0
?,True,3/5/2023,"March 5, 2023",2023 W9,3/5/2023,Maintenance,Owen Taylor,3,grey,color,3/5/2023,Line 1 (auto),Total,Total,,True,True,,Normal,1,100%,75%,0%,3.5%,13%,96%,91%,68%,100%,+13.0%,113.0%,1,1,,1,1, better than target,( better than target ),320,4520,4520, worse than target,0.539823009,4,13,0,13,0.964601770,6,18.833333333,1,2200,4200,1, worse than critical,5.5,109,113,113,44982,Point,Point,Point,Point,Point,Point,Point,1,1, better than target,25.833333333,0,0.941666667,7,8,100,Point,Point,Point,Point,113, better than target,40, better than target,13,113,113,10900,14000,6380,46%,0,6,7,6,6,True,True,0,,16.666666667,18.833333333,0
?,True,3/6/2023,"March 6, 2023",2023 W10,,Other,Mia Smith,5,grey,color,,Line 1 (auto),Total,Total,,True,False,,Challenging,0,100%,88%,100%,0.0%,0%,100%,64%,56%,0%,-11%,89.0%,,,,1,1, worse than target,( worse than target ),0,,, better than target,3,0,-11,0,-11,1,,,,0,,0, better than target,3,89,89,89,44989,Point,Point,Point,Point,Point,Point,Point,0,, worse than target,1.428571429,,0.635714286,8,8,100,Point,Point,Point,Point,89, worse than critical,40, worse than target,11,89,89,8900,14000,,,,7,7,7,,False,False,,,,12.714285714,0
?,True,3/7/2023,"March 7, 2023",2023 W10,,Tech Issue,Luna Garcia,1,grey,color,,Line 1 (auto),Total,Total,,True,False,,Normal,0,100%,88%,0%,1.2%,0%,99%,57%,50%,0%,-19%,81.0%,,,,1,1, worse than target,( worse than target ),80,,, better than target,1.765432099,1,-19,0,-19,0.987654321,,,,0,,0, better than target,3,80,81,81,44989,Point,Point,Point,Point,Point,Point,Point,0,, worse than target,7.857142857,,0.578571429,8,8,100,Point,Point,Point,Point,81, worse than critical,40, worse than target,19,81,81,8000,14000,,,,7,7,7,,False,False,,,,11.571428571,0
?,True,3/8/2023,"March 8, 2023",2023 W10,,Material Shortage,Owen Taylor,7,grey,color,,Line 1 (auto),Total,Total,,True,True,,Challenging,0,100%,88%,100%,2.7%,0%,97%,76%,67%,100%,+10.0%,110.0%,,,,1,1, better than target,( better than target ),240,,, better than target,0.272727273,3,10,0,10,0.972727273,,,,0,,0, better than target,3,107,110,110,44989,Point,Point,Point,Point,Point,Point,Point,0,, better than target,11.428571429,,0.785714286,8,8,100,Point,Point,Point,Point,110, better than target,40, better than target,10,110,110,10700,14000,,,,7,7,7,,True,True,,,,15.714285714,0
?,True,3/9/2023,"March 9, 2023",2023 W10,3/9/2023,Maintenance,Luna Garcia,3,grey,color,3/9/2023,Line 1 (auto),Total,Total,,True,True,,Normal,1,100%,75%,0%,1.8%,13%,98%,89%,67%,100%,+9.0%,109.0%,1,1,,1,1, better than target,( better than target ),160,4360,4360, better than target,1.165137615,2,9,0,9,0.981651376,6,18.166666667,1,2200,4200,1, worse than critical,5.5,107,109,109,44989,Point,Point,Point,Point,Point,Point,Point,1,1, better than target,24.166666667,0,0.908333333,7,8,100,Point,Point,Point,Point,109, better than target,40, better than target,9.000000000,109,109,10700,14000,6340,45%,0,6,7,6,6,True,True,0,,16.666666667,18.166666667,0
?,True,3/10/2023,"March 10, 2023",2023 W10,,Material Shortage,Finn Sullivan,7,grey,color,,Line 1 (auto),Total,Total,,True,False,,Challenging,0,100%,88%,100%,0.0%,0%,100%,63%,55%,0%,-12%,88.0%,,,,1,1, worse than target,( worse than target ),0,,, better than target,3,0,-12,0,-12,1,,,,0,,0, better than target,3,88,88,88,44989,Point,Point,Point,Point,Point,Point,Point,0,, worse than target,2.142857143,,0.628571429,8,8,100,Point,Point,Point,Point,88, worse than critical,40, worse than target,12,88,88,8800,14000,,,,7,7,7,,False,False,,,,12.571428571,0
?,True,3/11/2023,"March 11, 2023",2023 W10,,Tech Issue,Leo Johnson,8,grey,color,,Line 1 (auto),Total,Total,,True,True,,Challenging,0,100%,88%,100%,4.0%,0%,96%,69%,61%,100%,+1.0%,101.0%,,,,1,1, better than target,( better than target ),320,,, worse than target,0.960396040,4,1,0,1,0.960396040,,,,0,,0, better than target,3,97,101,101,44989,Point,Point,Point,Point,Point,Point,Point,0,, better than target,4.285714286,,0.721428571,8,8,100,Point,Point,Point,Point,101, better than target,40, better than target,1,101,101,9700,14000,,,,7,7,7,,True,True,,,,14.428571429,0
?,True,3/12/2023,"March 12, 2023",2023 W10,,Other,Ivy Anderson,3,grey,color,,Line 1 (auto),Total,Total,,True,True,,Normal,0,100%,88%,0%,2.7%,0%,97%,77%,68%,100%,+11.0%,111.0%,,,,1,1, better than target,( better than target ),240,,, better than target,0.297297297,3,11,0,11,0.972972973,,,,0,,0, better than target,3,108,111,111,44989,Point,Point,Point,Point,Point,Point,Point,0,, better than target,12.142857143,,0.792857143,8,8,100,Point,Point,Point,Point,111, better than target,40, better than target,11,111,111,10800,14000,,,,7,7,7,,True,True,,,,15.857142857,0
?,True,3/13/2023,"March 13, 2023",2023 W11,,Maintenance,Mia Smith,7,grey,color,,Line 1 (auto),Total,Total,,True,True,,Challenging,0,100%,88%,100%,0.9%,0%,99%,79%,69%,100%,+12.0%,112.0%,,,,1,1, better than target,( better than target ),80,,, better than target,2.107142857,1,12,0,12,0.991071429,,,,0,,0, better than target,3,111,112,112,44996,Point,Point,Point,Point,Point,Point,Point,0,, better than target,14.285714286,,0.8,8,8,100,Point,Point,Point,Point,112, better than target,40, better than target,12,112,112,11100,14000,,,,7,7,7,,True,True,,,,16,0
?,True,3/14/2023,"March 14, 2023",2023 W11,,Other,Ava White,8,grey,color,,Line 1 (auto),Total,Total,,True,True,,Normal,0,100%,88%,0%,3.4%,0%,97%,81%,71%,100%,+17.0%,117.0%,,,,1,1, better than target,( better than target ),320,,, worse than target,0.418803419,4,17,0,17,0.965811966,,,,0,,0, better than target,3,113,117,117,44996,Point,Point,Point,Point,Point,Point,Point,0,, better than target,15.714285714,,0.835714286,8,8,100,Point,Point,Point,Point,117, better than target,40, better than target,17,117,117,11300,14000,,,,7,7,7,,True,True,,,,16.714285714,0
?,True,3/15/2023,"March 15, 2023",2023 W11,,Maintenance,Luna Garcia,1,grey,color,,Line 1 (auto),Total,Total,,True,False,,Challenging,0,100%,88%,100%,3.6%,0%,96%,58%,51%,0%,-16%,84.0%,,,,1,1, worse than target,( worse than target ),240,,, worse than target,0.571428571,3,-16,0,-16,0.964285714,,,,0,,0, better than target,3,81,84,84,44996,Point,Point,Point,Point,Point,Point,Point,0,, worse than target,7.142857143,,0.6,8,8,100,Point,Point,Point,Point,84, worse than critical,40, worse than target,16,84,84,8100,14000,,,,7,7,7,,False,False,,,,12,0
?,True,3/16/2023,"March 16, 2023",2023 W11,,Other,Zoe Martinez,1,grey,color,,Line 1 (auto),Total,Total,,True,False,,Challenging,0,100%,88%,100%,1.1%,0%,99%,62%,54%,0%,-12%,88.0%,,,,1,1, worse than target,( worse than target ),80,,, better than target,1.863636364,1,-12,0,-12,0.988636364,,,,0,,0, better than target,3,87,88,88,44996,Point,Point,Point,Point,Point,Point,Point,0,, worse than target,2.857142857,,0.628571429,8,8,100,Point,Point,Point,Point,88, worse than critical,40, worse than target,12,88,88,8700,14000,,,,7,7,7,,False,False,,,,12.571428571,0
?,True,3/17/2023,"March 17, 2023",2023 W11,,Material Shortage,Ivy Anderson,9,grey,color,,Line 1 (auto),Total,Total,,True,True,,Normal,0,100%,88%,0%,3.0%,0%,97%,69%,61%,100%,+0.0%,100.0%,,,,1,1, better than target,( better than target ),240,,, worse than target,0,3,0,0,0,0.97,,,,0,,0, better than target,3,97,100,100,44996,Point,Point,Point,Point,Point,Point,Point,0,, better than target,4.285714286,,0.714285714,8,8,100,Point,Point,Point,Point,100, better than target,40, better than target,0,100,100,9700,14000,,,,7,7,7,,True,True,,,,14.285714286,0
?,True,3/18/2023,"March 18, 2023",2023 W11,3/18/2023,Maintenance,Zoe Martinez,8,grey,color,3/18/2023,Line 1 (auto),Total,Total,,True,False,,Normal,1,100%,63%,0%,4.4%,25%,96%,87%,54%,0%,-09%,91.0%,1,1,,1,1, worse than target,( worse than target ),320,7720,7720, worse than target,1.395604396,4,-9,0,-9,0.956043956,5,18.2,2,3400,7400,2, worse than critical,18,87,91,91,44996,Point,Point,Point,Point,Point,Point,Point,2,2, better than target,22,0,0.91,6,8,100,Point,Point,Point,Point,91, worse than critical,40, worse than target,9,91,91,8700,14000,980,7%,0,5,7,5,5,False,False,0,,20,18.2,0
?,True,3/19/2023,"March 19, 2023",2023 W11,,Material Shortage,Finn Sullivan,2,grey,color,,Line 1 (auto),Total,Total,,True,False,,Normal,0,100%,88%,0%,1.2%,0%,99%,61%,53%,0%,-14%,86.0%,,,,1,1, worse than target,( worse than target ),80,,, better than target,1.837209302,1,-14,0,-14,0.988372093,,,,0,,0, better than target,3,85,86,86,44996,Point,Point,Point,Point,Point,Point,Point,0,, worse than target,4.285714286,,0.614285714,8,8,100,Point,Point,Point,Point,86, worse than critical,40, worse than target,14,86,86,8500,14000,,,,7,7,7,,False,False,,,,12.285714286,0
?,True,3/20/2023,"March 20, 2023",2023 W12,,Tech Issue,Leo Johnson,4,grey,color,,Line 1 (auto),Total,Total,,True,True,,Normal,0,100%,88%,0%,1.8%,0%,98%,80%,70%,100%,+14.0%,114.0%,,,,1,1, better than target,( better than target ),160,,, better than target,1.245614035,2,14,0,14,0.982456140,,,,0,,0, better than target,3,112,114,114,45003,Point,Point,Point,Point,Point,Point,Point,0,, better than target,15,,0.814285714,8,8,100,Point,Point,Point,Point,114, better than target,40, better than target,14,114,114,11200,14000,,,,7,7,7,,True,True,,,,16.285714286,0
?,True,3/21/2023,"March 21, 2023",2023 W12,,Tech Issue,Finn Sullivan,1,grey,color,,Line 1 (auto),Total,Total,,True,True,,Normal,0,100%,88%,0%,2.8%,0%,97%,76%,66%,100%,+9.0%,109.0%,,,,1,1, better than target,( better than target ),240,,, better than target,0.247706422,3,9,0,9,0.972477064,,,,0,,0, better than target,3,106,109,109,45003,Point,Point,Point,Point,Point,Point,Point,0,, better than target,10.714285714,,0.778571429,8,8,100,Point,Point,Point,Point,109, better than target,40, better than target,9.000000000,109,109,10600,14000,,,,7,7,7,,True,True,,,,15.571428571,0
?,True,3/22/2023,"March 22, 2023",2023 W12,,Other,Ava White,3,grey,color,,Line 1 (auto),Total,Total,,True,True,,Challenging,0,100%,88%,100%,1.8%,0%,98%,80%,70%,100%,+14.0%,114.0%,,,,1,1, better than target,( better than target ),160,,, better than target,1.245614035,2,14,0,14,0.982456140,,,,0,,0, better than target,3,112,114,114,45003,Point,Point,Point,Point,Point,Point,Point,0,, better than target,15,,0.814285714,8,8,100,Point,Point,Point,Point,114, better than target,40, better than target,14,114,114,11200,14000,,,,7,7,7,,True,True,,,,16.285714286,0
?,True,3/23/2023,"March 23, 2023",2023 W12,,Maintenance,Leo Johnson,3,grey,color,,Line 1 (auto),Total,Total,,True,False,,Normal,0,100%,88%,0%,1.0%,0%,99%,70%,61%,0%,-01%,99.0%,,,,1,1, worse than target,( worse than target ),80,,, better than target,1.989898990,1,-1,0,-1,0.989898990,,,,0,,0, better than target,3,98,99,99,45003,Point,Point,Point,Point,Point,Point,Point,0,, better than target,5.000000000,,0.707142857,8,8,100,Point,Point,Point,Point,99, worse than critical,40, worse than target,1,99,99,9800,14000,,,,7,7,7,,False,False,,,,14.142857143,0
?,True,3/24/2023,"March 24, 2023",2023 W12,,Material Shortage,Finn Sullivan,5,grey,color,,Line 1 (auto),Total,Total,,True,True,,Normal,0,100%,88%,0%,1.9%,0%,98%,74%,64%,100%,+5.0%,105.0%,,,,1,1, better than target,( better than target ),160,,, better than target,1.095238095,2,5,0,5,0.980952381,,,,0,,0, better than target,3,103,105,105,45003,Point,Point,Point,Point,Point,Point,Point,0,, better than target,8.571428571,,0.75,8,8,100,Point,Point,Point,Point,105, better than target,40, better than target,5,105,105,10300,14000,,,,7,7,7,,True,True,,,,15,0
?,True,3/25/2023,"March 25, 2023",2023 W12,3/25/2023,Other,Mia Smith,8,grey,color,,Line 1 (auto),Total,Total,,True,True,,Normal,1,71%,63%,0%,3.6%,25%,96%,76%,66%,100%,+10.0%,110.0%,1,,,1,1, better than target,( better than target ),320,4120,4120, worse than target,0.636363636,4,10,0,10,0.963636364,5,22,2,3400,3800,2, worse than critical,18,106,110,110,45003,Point,Point,Point,Point,Point,Point,Point,0,, better than target,10.714285714,2,1.1,6,8,100,Point,Point,Point,Point,110, better than target,40, better than target,10,110,110,10600,14000,6480,46%,0,5,7,7,,True,True,0,,,22,2
?,True,3/26/2023,"March 26, 2023",2023 W12,3/26/2023,Maintenance,Eli Brown,2,grey,color,3/26/2023,Line 1 (auto),Total,Total,,True,False,,Challenging,1,100%,75%,100%,4.1%,13%,96%,78%,59%,0%,-02%,98.0%,1,1,,1,1, worse than target,( worse than target ),320,4520,4520, worse than target,1.081632653,4,-2,0,-2,0.959183673,6,16.333333333,1,2200,4200,1, worse than critical,5.5,94,98,98,45003,Point,Point,Point,Point,Point,Point,Point,1,1, better than target,13.333333333,0,0.816666667,7,8,100,Point,Point,Point,Point,98, worse than critical,40, worse than target,2,98,98,9400,14000,4880,35%,0,6,7,6,6,False,False,0,,16.666666667,16.333333333,0
?,True,3/27/2023,"March 27, 2023",2023 W13,,Tech Issue,Owen Taylor,4,grey,color,,Line 1 (auto),Total,Total,,True,False,,Challenging,0,100%,88%,100%,2.4%,0%,98%,57%,50%,0%,-18%,82.0%,,,,1,1, worse than target,( worse than target ),160,,, better than target,0.560975610,2,-18,0,-18,0.975609756,,,,0,,0, better than target,3,80,82,82,45010,Point,Point,Point,Point,Point,Point,Point,0,, worse than target,7.857142857,,0.585714286,8,8,100,Point,Point,Point,Point,82, worse than critical,40, worse than target,18,82,82,8000,14000,,,,7,7,7,,False,False,,,,11.714285714,0
?,True,3/28/2023,"March 28, 2023",2023 W13,,Tech Issue,Max Parker,9,grey,color,,Line 1 (auto),Total,Total,,True,True,,Challenging,0,100%,88%,100%,1.0%,0%,99%,74%,64%,100%,+4.0%,104.0%,,,,1,1, better than target,( better than target ),80,,, better than target,2.038461538,1,4,0,4,0.990384615,,,,0,,0, better than target,3,103,104,104,45010,Point,Point,Point,Point,Point,Point,Point,0,, better than target,8.571428571,,0.742857143,8,8,100,Point,Point,Point,Point,104, better than target,40, better than target,4,104,104,10300,14000,,,,7,7,7,,True,True,,,,14.857142857,0
?,True,3/29/2023,"March 29, 2023",2023 W13,,Maintenance,Owen Taylor,6,grey,color,,Line 1 (auto),Total,Total,,True,True,,Normal,0,100%,88%,0%,2.0%,0%,98%,71%,62%,100%,+1.0%,101.0%,,,,1,1, better than target,( better than target ),160,,, better than target,1.019801980,2,1,0,1,0.980198020,,,,0,,0, better than target,3,99,101,101,45010,Point,Point,Point,Point,Point,Point,Point,0,, better than target,5.714285714,,0.721428571,8,8,100,Point,Point,Point,Point,101, better than target,40, better than target,1,101,101,9900,14000,,,,7,7,7,,True,True,,,,14.428571429,0
?,True,3/30/2023,"March 30, 2023",2023 W13,,Maintenance,Owen Taylor,4,grey,color,,Line 1 (auto),Total,Total,,True,True,,Challenging,0,100%,88%,100%,2.0%,0%,98%,70%,61%,100%,+0.0%,100.0%,,,,1,1, better than target,( better than target ),160,,, better than target,1,2,0,0,0,0.98,,,,0,,0, better than target,3,98,100,100,45010,Point,Point,Point,Point,Point,Point,Point,0,, better than target,5.000000000,,0.714285714,8,8,100,Point,Point,Point,Point,100, better than target,40, better than target,0,100,100,9800,14000,,,,7,7,7,,True,True,,,,14.285714286,0
?,True,3/31/2023,"March 31, 2023",2023 W13,,Material Shortage,Ivy Anderson,7,grey,color,,Line 1 (auto),Total,Total,,True,True,,Challenging,0,100%,88%,100%,3.7%,0%,96%,75%,66%,100%,+9.0%,109.0%,,,,1,1, better than target,( better than target ),320,,, worse than target,0.669724771,4,9,0,9,0.963302752,,,,0,,0, better than target,3,105,109,109,45010,Point,Point,Point,Point,Point,Point,Point,0,, better than target,10,,0.778571429,8,8,100,Point,Point,Point,Point,109, better than target,40, better than target,9.000000000,109,109,10500,14000,,,,7,7,7,,True,True,,,,15.571428571,0
?,True,4/1/2023,"April 1, 2023",2023 W13,,Maintenance,Max Parker,1,grey,color,,Line 1 (auto),Total,Total,,True,False,,Normal,0,100%,88%,0%,2.4%,0%,98%,59%,51%,0%,-16%,84.0%,,,,1,1, worse than target,( worse than target ),160,,, better than target,0.619047619,2,-16,0,-16,0.976190476,,,,0,,0, better than target,3,82,84,84,45010,Point,Point,Point,Point,Point,Point,Point,0,, worse than target,6.428571429,,0.6,8,8,100,Point,Point,Point,Point,84, worse than critical,40, worse than target,16,84,84,8200,14000,,,,7,7,7,,False,False,,,,12,0
?,True,4/2/2023,"April 2, 2023",2023 W13,,Other,Owen Taylor,7,grey,color,,Line 1 (auto),Total,Total,,True,True,,Normal,0,100%,88%,0%,3.8%,0%,96%,71%,63%,100%,+4.0%,104.0%,,,,1,1, better than target,( better than target ),320,,, worse than target,0.846153846,4,4,0,4,0.961538462,,,,0,,0, better than target,3,100,104,104,45010,Point,Point,Point,Point,Point,Point,Point,0,, better than target,6.428571429,,0.742857143,8,8,100,Point,Point,Point,Point,104, better than target,40, better than target,4,104,104,10000,14000,,,,7,7,7,,True,True,,,,14.857142857,0
?,True,4/3/2023,"April 3, 2023",2023 W14,,Other,Leo Johnson,6,grey,color,,Line 1 (auto),Total,Total,,True,False,,Challenging,0,100%,88%,100%,4.9%,0%,95%,56%,49%,0%,-18%,82.0%,,,,1,1, worse than target,( worse than target ),320,,, worse than target,1.878048780,4,-18,0,-18,0.951219512,,,,0,,0, better than target,3,78,82,82,45017,Point,Point,Point,Point,Point,Point,Point,0,, worse than target,9.285714286,,0.585714286,8,8,100,Point,Point,Point,Point,82, worse than critical,40, worse than target,18,82,82,7800,14000,,,,7,7,7,,False,False,,,,11.714285714,0
?,True,4/4/2023,"April 4, 2023",2023 W14,,Material Shortage,Finn Sullivan,3,grey,color,,Line 1 (auto),Total,Total,,True,False,,Challenging,0,100%,88%,100%,4.9%,0%,95%,56%,49%,0%,-18%,82.0%,,,,1,1, worse than target,( worse than target ),320,,, worse than target,1.878048780,4,-18,0,-18,0.951219512,,,,0,,0, better than target,3,78,82,82,45017,Point,Point,Point,Point,Point,Point,Point,0,, worse than target,9.285714286,,0.585714286,8,8,100,Point,Point,Point,Point,82, worse than critical,40, worse than target,18,82,82,7800,14000,,,,7,7,7,,False,False,,,,11.714285714,0
?,True,4/5/2023,"April 5, 2023",2023 W14,,Material Shortage,Ava White,7,grey,color,,Line 1 (auto),Total,Total,,True,True,,Challenging,0,100%,88%,100%,1.8%,0%,98%,79%,69%,100%,+13.0%,113.0%,,,,1,1, better than target,( better than target ),160,,, better than target,1.230088496,2,13,0,13,0.982300885,,,,0,,0, better than target,3,111,113,113,45017,Point,Point,Point,Point,Point,Point,Point,0,, better than target,14.285714286,,0.807142857,8,8,100,Point,Point,Point,Point,113, better than target,40, better than target,13,113,113,11100,14000,,,,7,7,7,,True,True,,,,16.142857143,0
?,True,4/6/2023,"April 6, 2023",2023 W14,,Maintenance,Eli Brown,5,grey,color,,Line 1 (auto),Total,Total,,True,False,,Challenging,0,100%,88%,100%,0.0%,0%,100%,71%,62%,0%,-01%,99.0%,,,,1,1, worse than target,( worse than target ),0,,, better than target,3,0,-1,0,-1,1,,,,0,,0, better than target,3,99,99,99,45017,Point,Point,Point,Point,Point,Point,Point,0,, better than target,5.714285714,,0.707142857,8,8,100,Point,Point,Point,Point,99, worse than critical,40, worse than target,1,99,99,9900,14000,,,,7,7,7,,False,False,,,,14.142857143,0
?,True,4/7/2023,"April 7, 2023",2023 W14,,Material Shortage,Owen Taylor,7,grey,color,,Line 1 (auto),Total,Total,,True,True,,Normal,0,100%,88%,0%,0.0%,0%,100%,85%,74%,100%,+19.0%,119.0%,,,,1,1, better than target,( better than target ),0,,, better than target,3,0,19,0,19,1,,,,0,,0, better than target,3,119,119,119,45017,Point,Point,Point,Point,Point,Point,Point,0,, better than target,20,,0.85,8,8,100,Point,Point,Point,Point,119, better than target,40, better than target,19,119,119,11900,14000,,,,7,7,7,,True,True,,,,17,0
?,True,4/8/2023,"April 8, 2023",2023 W14,,Material Shortage,Max Parker,3,grey,color,,Line 1 (auto),Total,Total,,True,False,,Challenging,0,100%,88%,100%,1.2%,0%,99%,59%,51%,0%,-17%,83.0%,,,,1,1, worse than target,( worse than target ),80,,, better than target,1.795180723,1,-17,0,-17,0.987951807,,,,0,,0, better than target,3,82,83,83,45017,Point,Point,Point,Point,Point,Point,Point,0,, worse than target,6.428571429,,0.592857143,8,8,100,Point,Point,Point,Point,83, worse than critical,40, worse than target,17,83,83,8200,14000,,,,7,7,7,,False,False,,,,11.857142857,0
?,True,4/9/2023,"April 9, 2023",2023 W14,,Maintenance,Max Parker,5,grey,color,,Line 1 (auto),Total,Total,,True,False,,Challenging,0,100%,88%,100%,3.2%,0%,97%,66%,58%,0%,-05%,95.0%,,,,1,1, worse than target,( worse than target ),240,,, worse than target,0.157894737,3,-5,0,-5,0.968421053,,,,0,,0, better than target,3,92,95,95,45017,Point,Point,Point,Point,Point,Point,Point,0,, better than target,0.714285714,,0.678571429,8,8,100,Point,Point,Point,Point,95, worse than critical,40, worse than target,5,95,95,9200,14000,,,,7,7,7,,False,False,,,,13.571428571,0
?,True,4/10/2023,"April 10, 2023",2023 W15,,Other,Ivy Anderson,7,grey,color,,Line 1 (auto),Total,Total,,True,True,,Normal,0,100%,88%,0%,0.0%,0%,100%,76%,67%,100%,+7.0%,107.0%,,,,1,1, better than target,( better than target ),0,,, better than target,3,0,7,0,7,1,,,,0,,0, better than target,3,107,107,107,45024,Point,Point,Point,Point,Point,Point,Point,0,, better than target,11.428571429,,0.764285714,8,8,100,Point,Point,Point,Point,107, better than target,40, better than target,7.000000000,107,107,10700,14000,,,,7,7,7,,True,True,,,,15.285714286,0
?,True,4/11/2023,"April 11, 2023",2023 W15,,Tech Issue,Mia Smith,6,grey,color,,Line 1 (auto),Total,Total,,True,False,,Normal,0,100%,88%,0%,4.7%,0%,95%,59%,51%,0%,-14%,86.0%,,,,1,1, worse than target,( worse than target ),320,,, worse than target,1.651162791,4,-14,0,-14,0.953488372,,,,0,,0, better than target,3,82,86,86,45024,Point,Point,Point,Point,Point,Point,Point,0,, worse than target,6.428571429,,0.614285714,8,8,100,Point,Point,Point,Point,86, worse than critical,40, worse than target,14,86,86,8200,14000,,,,7,7,7,,False,False,,,,12.285714286,0
?,True,4/12/2023,"April 12, 2023",2023 W15,,Maintenance,Owen Taylor,9,grey,color,,Line 1 (auto),Total,Total,,True,False,,Challenging,0,100%,88%,100%,2.1%,0%,98%,66%,58%,0%,-06%,94.0%,,,,1,1, worse than target,( worse than target ),160,,, better than target,0.872340426,2,-6,0,-6,0.978723404,,,,0,,0, better than target,3,92,94,94,45024,Point,Point,Point,Point,Point,Point,Point,0,, better than target,0.714285714,,0.671428571,8,8,100,Point,Point,Point,Point,94, worse than critical,40, worse than target,6.000000000,94,94,9200,14000,,,,7,7,7,,False,False,,,,13.428571429,0
?,True,4/13/2023,"April 13, 2023",2023 W15,4/13/2023,Tech Issue,Ivy Anderson,3,grey,color,,Line 1 (auto),Total,Total,,True,True,4/13/2023,Challenging,1,71%,63%,100%,0.0%,25%,100%,72%,63%,100%,+1.0%,101.0%,1,,1,1,1, better than target,( better than target ),0,11400,11400, better than target,3,0,1,0,1,1,5,20.2,2,3400,11400,2, worse than critical,18,101,101,101,45024,Point,Point,Point,Point,Point,Point,Point,0,, better than target,7.142857143,0,1.01,6,8,100,Point,Point,Point,Point,101, better than target,40, better than target,1,101,101,10100,14000,-1300,-9%,0,5,7,7,,True,True,2,2,,20.2,2
?,True,4/14/2023,"April 14, 2023",2023 W15,,Tech Issue,Finn Sullivan,5,grey,color,,Line 1 (auto),Total,Total,,True,False,,Normal,0,100%,88%,0%,2.2%,0%,98%,63%,55%,0%,-10%,90.0%,,,,1,1, worse than target,( worse than target ),160,,, better than target,0.777777778,2,-10,0,-10,0.977777778,,,,0,,0, better than target,3,88,90,90,45024,Point,Point,Point,Point,Point,Point,Point,0,, worse than target,2.142857143,,0.642857143,8,8,100,Point,Point,Point,Point,90, worse than critical,40, worse than target,10,90,90,8800,14000,,,,7,7,7,,False,False,,,,12.857142857,0
?,True,4/15/2023,"April 15, 2023",2023 W15,,Maintenance,Luna Garcia,8,grey,color,,Line 1 (auto),Total,Total,,True,True,,Challenging,0,100%,88%,100%,1.0%,0%,99%,74%,65%,100%,+5.0%,105.0%,,,,1,1, better than target,( better than target ),80,,, better than target,2.047619048,1,5,0,5,0.990476190,,,,0,,0, better than target,3,104,105,105,45024,Point,Point,Point,Point,Point,Point,Point,0,, better than target,9.285714286,,0.75,8,8,100,Point,Point,Point,Point,105, better than target,40, better than target,5,105,105,10400,14000,,,,7,7,7,,True,True,,,,15,0
?,True,4/16/2023,"April 16, 2023",2023 W15,4/16/2023,Material Shortage,Finn Sullivan,2,grey,color,,Line 1 (auto),Total,Total,,True,True,,Challenging,1,86%,75%,100%,0.9%,13%,99%,81%,71%,100%,+15.0%,115.0%,1,,,1,1, better than target,( better than target ),80,2480,2480, better than target,2.130434783,1,15,0,15,0.991304348,6,19.166666667,1,2200,2400,1, worse than critical,5.5,114,115,115,45024,Point,Point,Point,Point,Point,Point,Point,0,, better than target,16.428571429,0,0.958333333,7,8,100,Point,Point,Point,Point,115, better than target,40, better than target,15,115,115,11400,14000,8920,64%,1,6,7,7,,True,True,0,,,19.166666667,1
?,True,4/17/2023,"April 17, 2023",2023 W16,,Other,Eli Brown,3,grey,color,,Line 1 (auto),Total,Total,,True,True,,Normal,0,100%,88%,0%,3.6%,0%,96%,76%,66%,100%,+10.0%,110.0%,,,,1,1, better than target,( better than target ),320,,, worse than target,0.636363636,4,10,0,10,0.963636364,,,,0,,0, better than target,3,106,110,110,45031,Point,Point,Point,Point,Point,Point,Point,0,, better than target,10.714285714,,0.785714286,8,8,100,Point,Point,Point,Point,110, better than target,40, better than target,10,110,110,10600,14000,,,,7,7,7,,True,True,,,,15.714285714,0
?,True,4/18/2023,"April 18, 2023",2023 W16,,Other,Eli Brown,9,grey,color,,Line 1 (auto),Total,Total,,True,True,,Challenging,0,100%,88%,100%,2.8%,0%,97%,74%,65%,100%,+7.0%,107.0%,,,,1,1, better than target,( better than target ),240,,, better than target,0.196261682,3,7,0,7,0.971962617,,,,0,,0, better than target,3,104,107,107,45031,Point,Point,Point,Point,Point,Point,Point,0,, better than target,9.285714286,,0.764285714,8,8,100,Point,Point,Point,Point,107, better than target,40, better than target,7.000000000,107,107,10400,14000,,,,7,7,7,,True,True,,,,15.285714286,0
?,True,4/19/2023,"April 19, 2023",2023 W16,,Material Shortage,Mia Smith,7,grey,color,,Line 1 (auto),Total,Total,,True,False,,Normal,0,100%,88%,0%,1.0%,0%,99%,69%,60%,0%,-03%,97.0%,,,,1,1, worse than target,( worse than target ),80,,, better than target,1.969072165,1,-3,0,-3,0.989690722,,,,0,,0, better than target,3,96,97,97,45031,Point,Point,Point,Point,Point,Point,Point,0,, better than target,3.571428571,,0.692857143,8,8,100,Point,Point,Point,Point,97, worse than critical,40, worse than target,3,97,97,9600,14000,,,,7,7,7,,False,False,,,,13.857142857,0
?,True,4/20/2023,"April 20, 2023",2023 W16,,Material Shortage,Eli Brown,5,grey,color,,Line 1 (auto),Total,Total,,True,True,,Challenging,0,100%,88%,100%,0.0%,0%,100%,76%,66%,100%,+6.0%,106.0%,,,,1,1, better than target,( better than target ),0,,, better than target,3,0,6,0,6,1,,,,0,,0, better than target,3,106,106,106,45031,Point,Point,Point,Point,Point,Point,Point,0,, better than target,10.714285714,,0.757142857,8,8,100,Point,Point,Point,Point,106, better than target,40, better than target,6.000000000,106,106,10600,14000,,,,7,7,7,,True,True,,,,15.142857143,0
?,True,4/21/2023,"April 21, 2023",2023 W16,,Maintenance,Zoe Martinez,6,grey,color,,Line 1 (auto),Total,Total,,True,False,,Challenging,0,100%,88%,100%,1.1%,0%,99%,61%,54%,0%,-13%,87.0%,,,,1,1, worse than target,( worse than target ),80,,, better than target,1.850574713,1,-13,0,-13,0.988505747,,,,0,,0, better than target,3,86,87,87,45031,Point,Point,Point,Point,Point,Point,Point,0,, worse than target,3.571428571,,0.621428571,8,8,100,Point,Point,Point,Point,87, worse than critical,40, worse than target,13,87,87,8600,14000,,,,7,7,7,,False,False,,,,12.428571429,0
?,True,4/22/2023,"April 22, 2023",2023 W16,4/22/2023,Tech Issue,Luna Garcia,3,grey,color,,Line 1 (auto),Total,Total,,True,False,4/22/2023,Normal,1,86%,75%,0%,0.0%,13%,100%,60%,53%,0%,-16%,84.0%,1,,1,1,1, worse than target,( worse than target ),0,6200,6200, better than target,3,0,-16,0,-16,1,6,14,1,2200,6200,1, worse than critical,5.5,84,84,84,45031,Point,Point,Point,Point,Point,Point,Point,0,, worse than target,5,0,0.7,7,8,100,Point,Point,Point,Point,84, worse than critical,40, worse than target,16,84,84,8400,14000,2200,16%,0,6,7,7,,False,False,1,1,,14,1
?,True,4/23/2023,"April 23, 2023",2023 W16,,Tech Issue,Zoe Martinez,5,grey,color,,Line 1 (auto),Total,Total,,True,False,,Normal,0,100%,88%,0%,2.1%,0%,98%,66%,58%,0%,-06%,94.0%,,,,1,1, worse than target,( worse than target ),160,,, better than target,0.872340426,2,-6,0,-6,0.978723404,,,,0,,0, better than target,3,92,94,94,45031,Point,Point,Point,Point,Point,Point,Point,0,, better than target,0.714285714,,0.671428571,8,8,100,Point,Point,Point,Point,94, worse than critical,40, worse than target,6.000000000,94,94,9200,14000,,,,7,7,7,,False,False,,,,13.428571429,0
?,True,4/24/2023,"April 24, 2023",2023 W17,,Material Shortage,Max Parker,8,grey,color,,Line 1 (auto),Total,Total,,True,True,,Normal,0,100%,88%,0%,0.0%,0%,100%,79%,69%,100%,+11.0%,111.0%,,,,1,1, better than target,( better than target ),0,,, better than target,3,0,11,0,11,1,,,,0,,0, better than target,3,111,111,111,45038,Point,Point,Point,Point,Point,Point,Point,0,, better than target,14.285714286,,0.792857143,8,8,100,Point,Point,Point,Point,111, better than target,40, better than target,11,111,111,11100,14000,,,,7,7,7,,True,True,,,,15.857142857,0
?,True,4/25/2023,"April 25, 2023",2023 W17,,Maintenance,Max Parker,3,grey,color,,Line 1 (auto),Total,Total,,True,True,,Normal,0,100%,88%,0%,0.0%,0%,100%,85%,74%,100%,+19.0%,119.0%,,,,1,1, better than target,( better than target ),0,,, better than target,3,0,19,0,19,1,,,,0,,0, better than target,3,119,119,119,45038,Point,Point,Point,Point,Point,Point,Point,0,, better than target,20,,0.85,8,8,100,Point,Point,Point,Point,119, better than target,40, better than target,19,119,119,11900,14000,,,,7,7,7,,True,True,,,,17,0
?,True,4/26/2023,"April 26, 2023",2023 W17,,Other,Zoe Martinez,1,grey,color,,Line 1 (auto),Total,Total,,True,True,,Challenging,0,100%,88%,100%,0.0%,0%,100%,77%,68%,100%,+8.0%,108.0%,,,,1,1, better than target,( better than target ),0,,, better than target,3,0,8,0,8,1,,,,0,,0, better than target,3,108,108,108,45038,Point,Point,Point,Point,Point,Point,Point,0,, better than target,12.142857143,,0.771428571,8,8,100,Point,Point,Point,Point,108, better than target,40, better than target,8.000000000,108,108,10800,14000,,,,7,7,7,,True,True,,,,15.428571429,0
?,True,4/27/2023,"April 27, 2023",2023 W17,4/27/2023,Material Shortage,Ava White,8,grey,color,,Line 1 (auto),Total,Total,,True,True,,Normal,1,86%,75%,0%,1.8%,13%,98%,78%,68%,100%,+11.0%,111.0%,1,,,1,1, better than target,( better than target ),160,2560,2560, better than target,1.198198198,2,11,0,11,0.981981982,6,18.5,1,2200,2400,1, worse than critical,5.5,109,111,111,45038,Point,Point,Point,Point,Point,Point,Point,0,, better than target,12.857142857,0,0.925,7,8,100,Point,Point,Point,Point,111, better than target,40, better than target,11,111,111,10900,14000,8340,60%,1,6,7,7,,True,True,0,,,18.5,1
?,True,4/28/2023,"April 28, 2023",2023 W17,,Maintenance,Leo Johnson,7,grey,color,,Line 1 (auto),Total,Total,,True,True,,Challenging,0,100%,88%,100%,1.7%,0%,98%,81%,71%,100%,+15.0%,115.0%,,,,1,1, better than target,( better than target ),160,,, better than target,1.260869565,2,15,0,15,0.982608696,,,,0,,0, better than target,3,113,115,115,45038,Point,Point,Point,Point,Point,Point,Point,0,, better than target,15.714285714,,0.821428571,8,8,100,Point,Point,Point,Point,115, better than target,40, better than target,15,115,115,11300,14000,,,,7,7,7,,True,True,,,,16.428571429,0
?,True,4/29/2023,"April 29, 2023",2023 W17,4/29/2023,Tech Issue,Finn Sullivan,3,grey,color,,Line 1 (auto),Total,Total,,True,False,4/29/2023,Normal,1,57%,50%,0%,3.0%,38%,97%,69%,60%,0%,-01%,99.0%,1,,1,1,1, worse than target,( worse than target ),240,16840,16840, worse than target,0.030303030,3,-1,0,-1,0.969696970,4,24.75,3,4600,16600,3, worse than critical,30.5,96,99,99,45038,Point,Point,Point,Point,Point,Point,Point,0,, better than target,3.571428571,0,1.2375,5,8,100,Point,Point,Point,Point,99, worse than critical,40, worse than target,1,99,99,9600,14000,-7240,-52%,0,4,7,7,,False,False,3,3,,24.75,3
?,True,4/30/2023,"April 30, 2023",2023 W17,,Other,Ivy Anderson,4,grey,color,,Line 1 (auto),Total,Total,,True,True,,Challenging,0,100%,88%,100%,2.6%,0%,97%,80%,70%,100%,+15.0%,115.0%,,,,1,1, better than target,( better than target ),240,,, better than target,0.391304348,3,15,0,15,0.973913043,,,,0,,0, better than target,3,112,115,115,45038,Point,Point,Point,Point,Point,Point,Point,0,, better than target,15,,0.821428571,8,8,100,Point,Point,Point,Point,115, better than target,40, better than target,15,115,115,11200,14000,,,,7,7,7,,True,True,,,,16.428571429,0
?,True,5/1/2023,"May 1, 2023",2023 W18,5/1/2023,Tech Issue,Luna Garcia,7,grey,color,,Line 1 (auto),Total,Total,,True,False,5/1/2023,Normal,1,57%,50%,0%,4.9%,38%,95%,56%,49%,0%,-18%,82.0%,1,,1,1,1, worse than target,( worse than target ),320,16920,16920, worse than target,1.878048780,4,-18,0,-18,0.951219512,4,20.5,3,4600,16600,3, worse than critical,30.5,78,82,82,45045,Point,Point,Point,Point,Point,Point,Point,0,, worse than target,9.285714286,0,1.025,5,8,100,Point,Point,Point,Point,82, worse than critical,40, worse than target,18,82,82,7800,14000,-9120,-65%,0,4,7,7,,False,False,3,3,,20.5,3
?,True,5/2/2023,"May 2, 2023",2023 W18,,Other,Leo Johnson,5,grey,color,,Line 1 (auto),Total,Total,,True,False,,Normal,0,100%,88%,0%,0.0%,0%,100%,60%,53%,0%,-16%,84.0%,,,,1,1, worse than target,( worse than target ),0,,, better than target,3,0,-16,0,-16,1,,,,0,,0, better than target,3,84,84,84,45045,Point,Point,Point,Point,Point,Point,Point,0,, worse than target,5,,0.6,8,8,100,Point,Point,Point,Point,84, worse than critical,40, worse than target,16,84,84,8400,14000,,,,7,7,7,,False,False,,,,12,0
?,True,5/3/2023,"May 3, 2023",2023 W18,,Tech Issue,Max Parker,2,grey,color,,Line 1 (auto),Total,Total,,True,False,,Normal,0,100%,88%,0%,4.2%,0%,96%,65%,57%,0%,-05%,95.0%,,,,1,1, worse than target,( worse than target ),320,,, worse than target,1.210526316,4,-5,0,-5,0.957894737,,,,0,,0, better than target,3,91,95,95,45045,Point,Point,Point,Point,Point,Point,Point,0,, better than target,0,,0.678571429,8,8,100,Point,Point,Point,Point,95, worse than critical,40, worse than target,5,95,95,9100,14000,,,,7,7,7,,False,False,,,,13.571428571,0
?,True,5/4/2023,"May 4, 2023",2023 W18,,Tech Issue,Ava White,9,grey,color,,Line 1 (auto),Total,Total,,True,True,,Challenging,0,100%,88%,100%,2.8%,0%,97%,74%,64%,100%,+6.0%,106.0%,,,,1,1, better than target,( better than target ),240,,, better than target,0.169811321,3,6,0,6,0.971698113,,,,0,,0, better than target,3,103,106,106,45045,Point,Point,Point,Point,Point,Point,Point,0,, better than target,8.571428571,,0.757142857,8,8,100,Point,Point,Point,Point,106, better than target,40, better than target,6.000000000,106,106,10300,14000,,,,7,7,7,,True,True,,,,15.142857143,0
?,True,5/5/2023,"May 5, 2023",2023 W18,5/5/2023,Material Shortage,Ava White,6,grey,color,,Line 1 (auto),Total,Total,,True,False,,Challenging,1,71%,63%,100%,1.2%,25%,99%,60%,53%,0%,-15%,85.0%,1,,,1,1, worse than target,( worse than target ),80,3880,3880, better than target,1.823529412,1,-15,0,-15,0.988235294,5,17,2,3400,3800,2, worse than critical,18,84,85,85,45045,Point,Point,Point,Point,Point,Point,Point,0,, worse than target,5,0,0.85,6,8,100,Point,Point,Point,Point,85, worse than critical,40, worse than target,15,85,85,8400,14000,4520,32%,2,5,7,7,,False,False,0,,,17,2
?,True,5/6/2023,"May 6, 2023",2023 W18,,Maintenance,Ava White,5,grey,color,,Line 1 (auto),Total,Total,,True,False,,Normal,0,100%,88%,0%,1.1%,0%,99%,67%,59%,0%,-05%,95.0%,,,,1,1, worse than target,( worse than target ),80,,, better than target,1.947368421,1,-5,0,-5,0.989473684,,,,0,,0, better than target,3,94,95,95,45045,Point,Point,Point,Point,Point,Point,Point,0,, better than target,2.142857143,,0.678571429,8,8,100,Point,Point,Point,Point,95, worse than critical,40, worse than target,5,95,95,9400,14000,,,,7,7,7,,False,False,,,,13.571428571,0
?,True,5/7/2023,"May 7, 2023",2023 W18,,Maintenance,Max Parker,9,grey,color,,Line 1 (auto),Total,Total,,True,True,,Challenging,0,100%,88%,100%,0.0%,0%,100%,74%,64%,100%,+3.0%,103.0%,,,,1,1, better than target,( better than target ),0,,, better than target,3,0,3,0,3,1,,,,0,,0, better than target,3,103,103,103,45045,Point,Point,Point,Point,Point,Point,Point,0,, better than target,8.571428571,,0.735714286,8,8,100,Point,Point,Point,Point,103, better than target,40, better than target,3,103,103,10300,14000,,,,7,7,7,,True,True,,,,14.714285714,0
?,True,5/8/2023,"May 8, 2023",2023 W19,5/8/2023,Material Shortage,Zoe Martinez,9,grey,color,,Line 1 (auto),Total,Total,,True,False,,Challenging,1,71%,63%,100%,4.2%,25%,96%,66%,58%,0%,-04%,96.0%,1,,,1,1, worse than target,( worse than target ),320,4120,4120, worse than target,1.166666667,4,-4,0,-4,0.958333333,5,19.2,2,3400,3800,2, worse than critical,18,92,96,96,45052,Point,Point,Point,Point,Point,Point,Point,0,, better than target,0.714285714,0,0.96,6,8,100,Point,Point,Point,Point,96, worse than critical,40, worse than target,4,96,96,9200,14000,5080,36%,2,5,7,7,,False,False,0,,,19.2,2
?,True,5/9/2023,"May 9, 2023",2023 W19,5/9/2023,Other,Max Parker,8,grey,color,,Line 1 (auto),Total,Total,,True,False,,Normal,1,71%,63%,0%,2.3%,25%,98%,61%,53%,0%,-13%,87.0%,1,,,1,1, worse than target,( worse than target ),160,3960,3960, better than target,0.701149425,2,-13,0,-13,0.977011494,5,17.4,2,3400,3800,2, worse than critical,18,85,87,87,45052,Point,Point,Point,Point,Point,Point,Point,0,, worse than target,4.285714286,2,0.87,6,8,100,Point,Point,Point,Point,87, worse than critical,40, worse than target,13,87,87,8500,14000,4540,32%,0,5,7,7,,False,False,0,,,17.4,2
?,True,5/10/2023,"May 10, 2023",2023 W19,5/10/2023,Other,Finn Sullivan,4,grey,color,,Line 1 (auto),Total,Total,,True,False,,Normal,1,71%,63%,0%,0.0%,25%,100%,58%,51%,0%,-19%,81.0%,1,,,1,1, worse than target,( worse than target ),0,3800,3800, better than target,3,0,-19,0,-19,1,5,16.2,2,3400,3800,2, worse than critical,18,81,81,81,45052,Point,Point,Point,Point,Point,Point,Point,0,, worse than target,7.142857143,2,0.81,6,8,100,Point,Point,Point,Point,81, worse than critical,40, worse than target,19,81,81,8100,14000,4300,31%,0,5,7,7,,False,False,0,,,16.2,2
?,True,5/11/2023,"May 11, 2023",2023 W19,,Tech Issue,Owen Taylor,7,grey,color,,Line 1 (auto),Total,Total,,True,False,,Normal,0,100%,88%,0%,1.1%,0%,99%,61%,54%,0%,-13%,87.0%,,,,1,1, worse than target,( worse than target ),80,,, better than target,1.850574713,1,-13,0,-13,0.988505747,,,,0,,0, better than target,3,86,87,87,45052,Point,Point,Point,Point,Point,Point,Point,0,, worse than target,3.571428571,,0.621428571,8,8,100,Point,Point,Point,Point,87, worse than critical,40, worse than target,13,87,87,8600,14000,,,,7,7,7,,False,False,,,,12.428571429,0
?,True,5/12/2023,"May 12, 2023",2023 W19,5/12/2023,Tech Issue,Luna Garcia,2,grey,color,,Line 1 (auto),Total,Total,,True,True,5/12/2023,Normal,1,86%,75%,0%,1.8%,13%,98%,78%,68%,100%,+11.0%,111.0%,1,,1,1,1, better than target,( better than target ),160,6360,6360, better than target,1.198198198,2,11,0,11,0.981981982,6,18.5,1,2200,6200,1, worse than critical,5.5,109,111,111,45052,Point,Point,Point,Point,Point,Point,Point,0,, better than target,12.857142857,0,0.925,7,8,100,Point,Point,Point,Point,111, better than target,40, better than target,11,111,111,10900,14000,4540,32%,0,6,7,7,,True,True,1,1,,18.5,1
?,True,5/13/2023,"May 13, 2023",2023 W19,,Material Shortage,Eli Brown,4,grey,color,,Line 1 (auto),Total,Total,,True,False,,Normal,0,100%,88%,0%,2.3%,0%,98%,60%,53%,0%,-14%,86.0%,,,,1,1, worse than target,( worse than target ),160,,, better than target,0.674418605,2,-14,0,-14,0.976744186,,,,0,,0, better than target,3,84,86,86,45052,Point,Point,Point,Point,Point,Point,Point,0,, worse than target,5,,0.614285714,8,8,100,Point,Point,Point,Point,86, worse than critical,40, worse than target,14,86,86,8400,14000,,,,7,7,7,,False,False,,,,12.285714286,0
?,True,5/14/2023,"May 14, 2023",2023 W19,5/14/2023,Tech Issue,Leo Johnson,7,grey,color,,Line 1 (auto),Total,Total,,True,False,5/14/2023,Normal,1,57%,50%,0%,3.4%,38%,97%,61%,53%,0%,-12%,88.0%,1,,1,1,1, worse than target,( worse than target ),240,16840,16840, worse than target,0.409090909,3,-12,0,-12,0.965909091,4,22,3,4600,16600,3, worse than critical,30.5,85,88,88,45052,Point,Point,Point,Point,Point,Point,Point,0,, worse than target,4.285714286,0,1.1,5,8,100,Point,Point,Point,Point,88, worse than critical,40, worse than target,12,88,88,8500,14000,-8340,-60%,0,4,7,7,,False,False,3,3,,22,3
?,True,5/15/2023,"May 15, 2023",2023 W20,,Tech Issue,Ivy Anderson,3,grey,color,,Line 1 (auto),Total,Total,,True,True,,Challenging,0,100%,88%,100%,3.6%,0%,96%,76%,66%,100%,+10.0%,110.0%,,,,1,1, better than target,( better than target ),320,,, worse than target,0.636363636,4,10,0,10,0.963636364,,,,0,,0, better than target,3,106,110,110,45059,Point,Point,Point,Point,Point,Point,Point,0,, better than target,10.714285714,,0.785714286,8,8,100,Point,Point,Point,Point,110, better than target,40, better than target,10,110,110,10600,14000,,,,7,7,7,,True,True,,,,15.714285714,0
?,True,5/16/2023,"May 16, 2023",2023 W20,5/16/2023,Tech Issue,Ava White,7,grey,color,,Line 1 (auto),Total,Total,,True,True,5/16/2023,Challenging,1,86%,75%,100%,2.8%,13%,97%,75%,66%,100%,+8.0%,108.0%,1,,1,1,1, better than target,( better than target ),240,6440,6440, better than target,0.222222222,3,8,0,8,0.972222222,6,18,1,2200,6200,1, worse than critical,5.5,105,108,108,45059,Point,Point,Point,Point,Point,Point,Point,0,, better than target,10,0,0.9,7,8,100,Point,Point,Point,Point,108, better than target,40, better than target,8.000000000,108,108,10500,14000,4060,29%,0,6,7,7,,True,True,1,1,,18,1
?,True,5/17/2023,"May 17, 2023",2023 W20,,Material Shortage,Owen Taylor,7,grey,color,,Line 1 (auto),Total,Total,,True,True,,Normal,0,100%,88%,0%,0.0%,0%,100%,79%,69%,100%,+11.0%,111.0%,,,,1,1, better than target,( better than target ),0,,, better than target,3,0,11,0,11,1,,,,0,,0, better than target,3,111,111,111,45059,Point,Point,Point,Point,Point,Point,Point,0,, better than target,14.285714286,,0.792857143,8,8,100,Point,Point,Point,Point,111, better than target,40, better than target,11,111,111,11100,14000,,,,7,7,7,,True,True,,,,15.857142857,0
?,True,5/18/2023,"May 18, 2023",2023 W20,5/18/2023,Maintenance,Ava White,9,grey,color,5/18/2023,Line 1 (auto),Total,Total,,True,False,,Challenging,1,100%,63%,100%,3.0%,25%,97%,96%,60%,0%,-01%,99.0%,1,1,,1,1, worse than target,( worse than target ),240,7640,7640, worse than target,0.030303030,3,-1,0,-1,0.969696970,5,19.8,2,3400,7400,2, worse than critical,18,96,99,99,45059,Point,Point,Point,Point,Point,Point,Point,2,2, better than target,31,0,0.99,6,8,100,Point,Point,Point,Point,99, worse than critical,40, worse than target,1,99,99,9600,14000,1960,14%,0,5,7,5,5,False,False,0,,20,19.8,0
?,True,5/19/2023,"May 19, 2023",2023 W20,,Other,Mia Smith,8,grey,color,,Line 1 (auto),Total,Total,,True,False,,Challenging,0,100%,88%,100%,3.2%,0%,97%,65%,57%,0%,-06%,94.0%,,,,1,1, worse than target,( worse than target ),240,,, worse than target,0.191489362,3,-6,0,-6,0.968085106,,,,0,,0, better than target,3,91,94,94,45059,Point,Point,Point,Point,Point,Point,Point,0,, better than target,0,,0.671428571,8,8,100,Point,Point,Point,Point,94, worse than critical,40, worse than target,6.000000000,94,94,9100,14000,,,,7,7,7,,False,False,,,,13.428571429,0
?,True,5/20/2023,"May 20, 2023",2023 W20,5/20/2023,Material Shortage,Ava White,4,grey,color,,Line 1 (auto),Total,Total,,True,False,,Normal,1,71%,63%,0%,3.1%,25%,97%,66%,58%,0%,-04%,96.0%,1,,,1,1, worse than target,( worse than target ),240,4040,4040, worse than target,0.125,3,-4,0,-4,0.96875,5,19.2,2,3400,3800,2, worse than critical,18,93,96,96,45059,Point,Point,Point,Point,Point,Point,Point,0,, better than target,1.428571429,0,0.96,6,8,100,Point,Point,Point,Point,96, worse than critical,40, worse than target,4,96,96,9300,14000,5260,38%,2,5,7,7,,False,False,0,,,19.2,2
?,True,5/21/2023,"May 21, 2023",2023 W20,,Other,Ava White,5,grey,color,,Line 1 (auto),Total,Total,,True,False,,Challenging,0,100%,88%,100%,2.2%,0%,98%,64%,56%,0%,-08%,92.0%,,,,1,1, worse than target,( worse than target ),160,,, better than target,0.826086957,2,-8,0,-8,0.978260870,,,,0,,0, better than target,3,90,92,92,45059,Point,Point,Point,Point,Point,Point,Point,0,, worse than target,0.714285714,,0.657142857,8,8,100,Point,Point,Point,Point,92, worse than critical,40, worse than target,8,92,92,9000,14000,,,,7,7,7,,False,False,,,,13.142857143,0
?,True,5/22/2023,"May 22, 2023",2023 W21,,Maintenance,Mia Smith,8,grey,color,,Line 1 (auto),Total,Total,,True,True,,Challenging,0,100%,88%,100%,0.0%,0%,100%,78%,68%,100%,+9.0%,109.0%,,,,1,1, better than target,( better than target ),0,,, better than target,3,0,9,0,9,1,,,,0,,0, better than target,3,109,109,109,45066,Point,Point,Point,Point,Point,Point,Point,0,, better than target,12.857142857,,0.778571429,8,8,100,Point,Point,Point,Point,109, better than target,40, better than target,9.000000000,109,109,10900,14000,,,,7,7,7,,True,True,,,,15.571428571,0
?,True,5/23/2023,"May 23, 2023",2023 W21,,Material Shortage,Ava White,1,grey,color,,Line 1 (auto),Total,Total,,True,False,,Challenging,0,100%,88%,100%,4.0%,0%,96%,68%,59%,0%,-01%,99.0%,,,,1,1, worse than target,( worse than target ),320,,, worse than target,1.040404040,4,-1,0,-1,0.959595960,,,,0,,0, better than target,3,95,99,99,45066,Point,Point,Point,Point,Point,Point,Point,0,, better than target,2.857142857,,0.707142857,8,8,100,Point,Point,Point,Point,99, worse than critical,40, worse than target,1,99,99,9500,14000,,,,7,7,7,,False,False,,,,14.142857143,0
?,True,5/24/2023,"May 24, 2023",2023 W21,,Maintenance,Ivy Anderson,3,grey,color,,Line 1 (auto),Total,Total,,True,True,,Challenging,0,100%,88%,100%,3.0%,0%,97%,69%,61%,100%,+0.0%,100.0%,,,,1,1, better than target,( better than target ),240,,, worse than target,0,3,0,0,0,0.97,,,,0,,0, better than target,3,97,100,100,45066,Point,Point,Point,Point,Point,Point,Point,0,, better than target,4.285714286,,0.714285714,8,8,100,Point,Point,Point,Point,100, better than target,40, better than target,0,100,100,9700,14000,,,,7,7,7,,True,True,,,,14.285714286,0
?,True,5/25/2023,"May 25, 2023",2023 W21,5/25/2023,Maintenance,Ava White,8,grey,color,5/25/2023,Line 1 (auto),Total,Total,,True,False,,Challenging,1,100%,63%,100%,4.1%,25%,96%,94%,59%,0%,-02%,98.0%,1,1,,1,1, worse than target,( worse than target ),320,7720,7720, worse than target,1.081632653,4,-2,0,-2,0.959183673,5,19.6,2,3400,7400,2, worse than critical,18,94,98,98,45066,Point,Point,Point,Point,Point,Point,Point,2,2, better than target,29,0,0.98,6,8,100,Point,Point,Point,Point,98, worse than critical,40, worse than target,2,98,98,9400,14000,1680,12%,0,5,7,5,5,False,False,0,,20,19.6,0
?,True,5/26/2023,"May 26, 2023",2023 W21,,Tech Issue,Luna Garcia,1,grey,color,,Line 1 (auto),Total,Total,,True,True,,Normal,0,100%,88%,0%,2.6%,0%,97%,81%,71%,100%,+17.0%,117.0%,,,,1,1, better than target,( better than target ),240,,, better than target,0.435897436,3,17,0,17,0.974358974,,,,0,,0, better than target,3,114,117,117,45066,Point,Point,Point,Point,Point,Point,Point,0,, better than target,16.428571429,,0.835714286,8,8,100,Point,Point,Point,Point,117, better than target,40, better than target,17,117,117,11400,14000,,,,7,7,7,,True,True,,,,16.714285714,0
?,True,5/27/2023,"May 27, 2023",2023 W21,,Material Shortage,Max Parker,4,grey,color,,Line 1 (auto),Total,Total,,True,False,,Normal,0,100%,88%,0%,4.8%,0%,95%,56%,49%,0%,-17%,83.0%,,,,1,1, worse than target,( worse than target ),320,,, worse than target,1.819277108,4,-17,0,-17,0.951807229,,,,0,,0, better than target,3,79,83,83,45066,Point,Point,Point,Point,Point,Point,Point,0,, worse than target,8.571428571,,0.592857143,8,8,100,Point,Point,Point,Point,83, worse than critical,40, worse than target,17,83,83,7900,14000,,,,7,7,7,,False,False,,,,11.857142857,0
?,True,5/28/2023,"May 28, 2023",2023 W21,,Maintenance,Owen Taylor,5,grey,color,,Line 1 (auto),Total,Total,,True,False,,Challenging,0,100%,88%,100%,3.3%,0%,97%,63%,55%,0%,-09%,91.0%,,,,1,1, worse than target,( worse than target ),240,,, worse than target,0.296703297,3,-9,0,-9,0.967032967,,,,0,,0, better than target,3,88,91,91,45066,Point,Point,Point,Point,Point,Point,Point,0,, worse than target,2.142857143,,0.65,8,8,100,Point,Point,Point,Point,91, worse than critical,40, worse than target,9,91,91,8800,14000,,,,7,7,7,,False,False,,,,13,0
?,True,5/29/2023,"May 29, 2023",2023 W22,,Other,Leo Johnson,7,grey,color,,Line 1 (auto),Total,Total,,True,True,,Challenging,0,100%,88%,100%,2.9%,0%,97%,72%,63%,100%,+4.0%,104.0%,,,,1,1, better than target,( better than target ),240,,, better than target,0.115384615,3,4,0,4,0.971153846,,,,0,,0, better than target,3,101,104,104,45073,Point,Point,Point,Point,Point,Point,Point,0,, better than target,7.142857143,,0.742857143,8,8,100,Point,Point,Point,Point,104, better than target,40, better than target,4,104,104,10100,14000,,,,7,7,7,,True,True,,,,14.857142857,0
?,True,5/30/2023,"May 30, 2023",2023 W22,,Tech Issue,Leo Johnson,3,grey,color,,Line 1 (auto),Total,Total,,True,False,,Challenging,0,100%,88%,100%,3.3%,0%,97%,63%,55%,0%,-09%,91.0%,,,,1,1, worse than target,( worse than target ),240,,, worse than target,0.296703297,3,-9,0,-9,0.967032967,,,,0,,0, better than target,3,88,91,91,45073,Point,Point,Point,Point,Point,Point,Point,0,, worse than target,2.142857143,,0.65,8,8,100,Point,Point,Point,Point,91, worse than critical,40, worse than target,9,91,91,8800,14000,,,,7,7,7,,False,False,,,,13,0
?,True,5/31/2023,"May 31, 2023",2023 W22,,Material Shortage,Finn Sullivan,7,grey,color,,Line 1 (auto),Total,Total,,True,True,,Normal,0,100%,88%,0%,1.7%,0%,98%,81%,71%,100%,+16.0%,116.0%,,,,1,1, better than target,( better than target ),160,,, better than target,1.275862069,2,16,0,16,0.982758621,,,,0,,0, better than target,3,114,116,116,45073,Point,Point,Point,Point,Point,Point,Point,0,, better than target,16.428571429,,0.828571429,8,8,100,Point,Point,Point,Point,116, better than target,40, better than target,16,116,116,11400,14000,,,,7,7,7,,True,True,,,,16.571428571,0
?,True,6/1/2023,"June 1, 2023",2023 W22,,Tech Issue,Leo Johnson,2,grey,color,,Line 1 (auto),Total,Total,,True,True,,Normal,0,100%,88%,0%,2.9%,0%,97%,71%,63%,100%,+3.0%,103.0%,,,,1,1, better than target,( better than target ),240,,, better than target,0.087378641,3,3,0,3,0.970873786,,,,0,,0, better than target,3,100,103,103,45073,Point,Point,Point,Point,Point,Point,Point,0,, better than target,6.428571429,,0.735714286,8,8,100,Point,Point,Point,Point,103, better than target,40, better than target,3,103,103,10000,14000,,,,7,7,7,,True,True,,,,14.714285714,0
?,True,6/2/2023,"June 2, 2023",2023 W22,,Material Shortage,Mia Smith,8,grey,color,,Line 1 (auto),Total,Total,,True,False,,Normal,0,100%,88%,0%,4.4%,0%,96%,61%,54%,0%,-10%,90.0%,,,,1,1, worse than target,( worse than target ),320,,, worse than target,1.444444444,4,-10,0,-10,0.955555556,,,,0,,0, better than target,3,86,90,90,45073,Point,Point,Point,Point,Point,Point,Point,0,, worse than target,3.571428571,,0.642857143,8,8,100,Point,Point,Point,Point,90, worse than critical,40, worse than target,10,90,90,8600,14000,,,,7,7,7,,False,False,,,,12.857142857,0
?,True,6/3/2023,"June 3, 2023",2023 W22,,Other,Ava White,8,grey,color,,Line 1 (auto),Total,Total,,True,False,,Challenging,0,100%,88%,100%,3.7%,0%,96%,56%,49%,0%,-19%,81.0%,,,,1,1, worse than target,( worse than target ),240,,, worse than target,0.703703704,3,-19,0,-19,0.962962963,,,,0,,0, better than target,3,78,81,81,45073,Point,Point,Point,Point,Point,Point,Point,0,, worse than target,9.285714286,,0.578571429,8,8,100,Point,Point,Point,Point,81, worse than critical,40, worse than target,19,81,81,7800,14000,,,,7,7,7,,False,False,,,,11.571428571,0
?,True,6/4/2023,"June 4, 2023",2023 W22,,Maintenance,Zoe Martinez,7,grey,color,,Line 1 (auto),Total,Total,,True,False,,Normal,0,100%,88%,0%,3.6%,0%,96%,58%,51%,0%,-16%,84.0%,,,,1,1, worse than target,( worse than target ),240,,, worse than target,0.571428571,3,-16,0,-16,0.964285714,,,,0,,0, better than target,3,81,84,84,45073,Point,Point,Point,Point,Point,Point,Point,0,, worse than target,7.142857143,,0.6,8,8,100,Point,Point,Point,Point,84, worse than critical,40, worse than target,16,84,84,8100,14000,,,,7,7,7,,False,False,,,,12,0
?,True,6/5/2023,"June 5, 2023",2023 W23,,Other,Owen Taylor,2,grey,color,,Line 1 (auto),Total,Total,,True,True,,Challenging,0,100%,88%,100%,0.9%,0%,99%,81%,71%,100%,+15.0%,115.0%,,,,1,1, better than target,( better than target ),80,,, better than target,2.130434783,1,15,0,15,0.991304348,,,,0,,0, better than target,3,114,115,115,45080,Point,Point,Point,Point,Point,Point,Point,0,, better than target,16.428571429,,0.821428571,8,8,100,Point,Point,Point,Point,115, better than target,40, better than target,15,115,115,11400,14000,,,,7,7,7,,True,True,,,,16.428571429,0
?,True,6/6/2023,"June 6, 2023",2023 W23,,Maintenance,Eli Brown,5,grey,color,,Line 1 (auto),Total,Total,,True,False,,Challenging,0,100%,88%,100%,2.5%,0%,98%,56%,49%,0%,-19%,81.0%,,,,1,1, worse than target,( worse than target ),160,,, better than target,0.530864198,2,-19,0,-19,0.975308642,,,,0,,0, better than target,3,79,81,81,45080,Point,Point,Point,Point,Point,Point,Point,0,, worse than target,8.571428571,,0.578571429,8,8,100,Point,Point,Point,Point,81, worse than critical,40, worse than target,19,81,81,7900,14000,,,,7,7,7,,False,False,,,,11.571428571,0
?,True,6/7/2023,"June 7, 2023",2023 W23,,Tech Issue,Luna Garcia,8,grey,color,,Line 1 (auto),Total,Total,,True,True,,Normal,0,100%,88%,0%,1.7%,0%,98%,81%,71%,100%,+16.0%,116.0%,,,,1,1, better than target,( better than target ),160,,, better than target,1.275862069,2,16,0,16,0.982758621,,,,0,,0, better than target,3,114,116,116,45080,Point,Point,Point,Point,Point,Point,Point,0,, better than target,16.428571429,,0.828571429,8,8,100,Point,Point,Point,Point,116, better than target,40, better than target,16,116,116,11400,14000,,,,7,7,7,,True,True,,,,16.571428571,0
?,True,6/8/2023,"June 8, 2023",2023 W23,6/8/2023,Other,Leo Johnson,2,grey,color,,Line 1 (auto),Total,Total,,True,True,,Challenging,1,71%,63%,100%,2.5%,25%,97%,82%,72%,100%,+18.0%,118.0%,1,,,1,1, better than target,( better than target ),240,4040,4040, better than target,0.457627119,3,18,0,18,0.974576271,5,23.6,2,3400,3800,2, worse than critical,18,115,118,118,45080,Point,Point,Point,Point,Point,Point,Point,0,, better than target,17.142857143,2,1.18,6,8,100,Point,Point,Point,Point,118, better than target,40, better than target,18,118,118,11500,14000,7460,53%,0,5,7,7,,True,True,0,,,23.6,2
?,True,6/9/2023,"June 9, 2023",2023 W23,6/9/2023,Maintenance,Eli Brown,6,grey,color,6/9/2023,Line 1 (auto),Total,Total,,True,True,,Challenging,1,100%,50%,100%,0.0%,38%,100%,145%,73%,100%,+16.0%,116.0%,1,1,,1,1, better than target,( better than target ),0,10600,10600, better than target,3,0,16,0,16,1,4,29,3,4600,10600,3, worse than critical,30.5,116,116,116,45080,Point,Point,Point,Point,Point,Point,Point,3,3, better than target,80,0,1.45,5,8,100,Point,Point,Point,Point,116, better than target,40, better than target,16,116,116,11600,14000,1000,7%,0,4,7,4,4,True,True,0,,25,29,0
?,True,6/10/2023,"June 10, 2023",2023 W23,,Tech Issue,Max Parker,7,grey,color,,Line 1 (auto),Total,Total,,True,True,,Challenging,0,100%,88%,100%,1.0%,0%,99%,74%,64%,100%,+4.0%,104.0%,,,,1,1, better than target,( better than target ),80,,, better than target,2.038461538,1,4,0,4,0.990384615,,,,0,,0, better than target,3,103,104,104,45080,Point,Point,Point,Point,Point,Point,Point,0,, better than target,8.571428571,,0.742857143,8,8,100,Point,Point,Point,Point,104, better than target,40, better than target,4,104,104,10300,14000,,,,7,7,7,,True,True,,,,14.857142857,0
?,True,6/11/2023,"June 11, 2023",2023 W23,,Other,Max Parker,2,grey,color,,Line 1 (auto),Total,Total,,True,False,,Challenging,0,100%,88%,100%,2.0%,0%,98%,69%,60%,0%,-02%,98.0%,,,,1,1, worse than target,( worse than target ),160,,, better than target,0.959183673,2,-2,0,-2,0.979591837,,,,0,,0, better than target,3,96,98,98,45080,Point,Point,Point,Point,Point,Point,Point,0,, better than target,3.571428571,,0.7,8,8,100,Point,Point,Point,Point,98, worse than critical,40, worse than target,2,98,98,9600,14000,,,,7,7,7,,False,False,,,,14,0
?,True,6/12/2023,"June 12, 2023",2023 W24,,Maintenance,Finn Sullivan,8,grey,color,,Line 1 (auto),Total,Total,,True,True,,Challenging,0,100%,88%,100%,3.9%,0%,96%,71%,62%,100%,+3.0%,103.0%,,,,1,1, better than target,( better than target ),320,,, worse than target,0.883495146,4,3,0,3,0.961165049,,,,0,,0, better than target,3,99,103,103,45087,Point,Point,Point,Point,Point,Point,Point,0,, better than target,5.714285714,,0.735714286,8,8,100,Point,Point,Point,Point,103, better than target,40, better than target,3,103,103,9900,14000,,,,7,7,7,,True,True,,,,14.714285714,0
?,True,6/13/2023,"June 13, 2023",2023 W24,,Maintenance,Leo Johnson,3,grey,color,,Line 1 (auto),Total,Total,,True,False,,Normal,0,100%,88%,0%,0.0%,0%,100%,66%,58%,0%,-08%,92.0%,,,,1,1, worse than target,( worse than target ),0,,, better than target,3,0,-8,0,-8,1,,,,0,,0, better than target,3,92,92,92,45087,Point,Point,Point,Point,Point,Point,Point,0,, better than target,0.714285714,,0.657142857,8,8,100,Point,Point,Point,Point,92, worse than critical,40, worse than target,8,92,92,9200,14000,,,,7,7,7,,False,False,,,,13.142857143,0
?,True,6/14/2023,"June 14, 2023",2023 W24,,Material Shortage,Luna Garcia,4,grey,color,,Line 1 (auto),Total,Total,,True,False,,Challenging,0,100%,88%,100%,0.0%,0%,100%,66%,58%,0%,-08%,92.0%,,,,1,1, worse than target,( worse than target ),0,,, better than target,3,0,-8,0,-8,1,,,,0,,0, better than target,3,92,92,92,45087,Point,Point,Point,Point,Point,Point,Point,0,, better than target,0.714285714,,0.657142857,8,8,100,Point,Point,Point,Point,92, worse than critical,40, worse than target,8,92,92,9200,14000,,,,7,7,7,,False,False,,,,13.142857143,0
?,True,6/15/2023,"June 15, 2023",2023 W24,,Tech Issue,Eli Brown,2,grey,color,,Line 1 (auto),Total,Total,,True,False,,Challenging,0,100%,88%,100%,3.3%,0%,97%,64%,56%,0%,-08%,92.0%,,,,1,1, worse than target,( worse than target ),240,,, worse than target,0.260869565,3,-8,0,-8,0.967391304,,,,0,,0, better than target,3,89,92,92,45087,Point,Point,Point,Point,Point,Point,Point,0,, worse than target,1.428571429,,0.657142857,8,8,100,Point,Point,Point,Point,92, worse than critical,40, worse than target,8,92,92,8900,14000,,,,7,7,7,,False,False,,,,13.142857143,0
?,True,6/16/2023,"June 16, 2023",2023 W24,,Tech Issue,Ivy Anderson,4,grey,color,,Line 1 (auto),Total,Total,,True,False,,Normal,0,100%,88%,0%,4.5%,0%,95%,60%,53%,0%,-12%,88.0%,,,,1,1, worse than target,( worse than target ),320,,, worse than target,1.545454545,4,-12,0,-12,0.954545455,,,,0,,0, better than target,3,84,88,88,45087,Point,Point,Point,Point,Point,Point,Point,0,, worse than target,5,,0.628571429,8,8,100,Point,Point,Point,Point,88, worse than critical,40, worse than target,12,88,88,8400,14000,,,,7,7,7,,False,False,,,,12.571428571,0
?,True,6/17/2023,"June 17, 2023",2023 W24,6/17/2023,Other,Ivy Anderson,1,grey,color,,Line 1 (auto),Total,Total,,True,True,,Normal,1,57%,50%,0%,1.0%,38%,99%,72%,63%,100%,+2.0%,102.0%,1,,,1,1, better than target,( better than target ),80,5280,5280, better than target,2.019607843,1,2,0,2,0.990196078,4,25.5,3,4600,5200,3, worse than critical,30.5,101,102,102,45087,Point,Point,Point,Point,Point,Point,Point,0,, better than target,7.142857143,3,1.275,5,8,100,Point,Point,Point,Point,102, better than target,40, better than target,2,102,102,10100,14000,4820,34%,0,4,7,7,,True,True,0,,,25.5,3
?,True,6/18/2023,"June 18, 2023",2023 W24,,Maintenance,Luna Garcia,5,grey,color,,Line 1 (auto),Total,Total,,True,True,,Challenging,0,100%,88%,100%,1.8%,0%,98%,79%,69%,100%,+13.0%,113.0%,,,,1,1, better than target,( better than target ),160,,, better than target,1.230088496,2,13,0,13,0.982300885,,,,0,,0, better than target,3,111,113,113,45087,Point,Point,Point,Point,Point,Point,Point,0,, better than target,14.285714286,,0.807142857,8,8,100,Point,Point,Point,Point,113, better than target,40, better than target,13,113,113,11100,14000,,,,7,7,7,,True,True,,,,16.142857143,0
?,True,6/19/2023,"June 19, 2023",2023 W25,,Tech Issue,Leo Johnson,3,grey,color,,Line 1 (auto),Total,Total,,True,True,,Challenging,0,100%,88%,100%,0.0%,0%,100%,85%,74%,100%,+19.0%,119.0%,,,,1,1, better than target,( better than target ),0,,, better than target,3,0,19,0,19,1,,,,0,,0, better than target,3,119,119,119,45094,Point,Point,Point,Point,Point,Point,Point,0,, better than target,20,,0.85,8,8,100,Point,Point,Point,Point,119, better than target,40, better than target,19,119,119,11900,14000,,,,7,7,7,,True,True,,,,17,0
?,True,6/20/2023,"June 20, 2023",2023 W25,,Maintenance,Mia Smith,6,grey,color,,Line 1 (auto),Total,Total,,True,False,,Challenging,0,100%,88%,100%,3.5%,0%,96%,59%,51%,0%,-15%,85.0%,,,,1,1, worse than target,( worse than target ),240,,, worse than target,0.529411765,3,-15,0,-15,0.964705882,,,,0,,0, better than target,3,82,85,85,45094,Point,Point,Point,Point,Point,Point,Point,0,, worse than target,6.428571429,,0.607142857,8,8,100,Point,Point,Point,Point,85, worse than critical,40, worse than target,15,85,85,8200,14000,,,,7,7,7,,False,False,,,,12.142857143,0
?,True,6/21/2023,"June 21, 2023",2023 W25,,Tech Issue,Zoe Martinez,7,grey,color,,Line 1 (auto),Total,Total,,True,True,,Normal,0,100%,88%,0%,0.9%,0%,99%,81%,71%,100%,+15.0%,115.0%,,,,1,1, better than target,( better than target ),80,,, better than target,2.130434783,1,15,0,15,0.991304348,,,,0,,0, better than target,3,114,115,115,45094,Point,Point,Point,Point,Point,Point,Point,0,, better than target,16.428571429,,0.821428571,8,8,100,Point,Point,Point,Point,115, better than target,40, better than target,15,115,115,11400,14000,,,,7,7,7,,True,True,,,,16.428571429,0
?,True,6/22/2023,"June 22, 2023",2023 W25,,Tech Issue,Max Parker,6,grey,color,,Line 1 (auto),Total,Total,,True,True,,Normal,0,100%,88%,0%,0.9%,0%,99%,77%,68%,100%,+9.0%,109.0%,,,,1,1, better than target,( better than target ),80,,, better than target,2.082568807,1,9,0,9,0.990825688,,,,0,,0, better than target,3,108,109,109,45094,Point,Point,Point,Point,Point,Point,Point,0,, better than target,12.142857143,,0.778571429,8,8,100,Point,Point,Point,Point,109, better than target,40, better than target,9.000000000,109,109,10800,14000,,,,7,7,7,,True,True,,,,15.571428571,0
?,True,6/23/2023,"June 23, 2023",2023 W25,,Maintenance,Finn Sullivan,7,grey,color,,Line 1 (auto),Total,Total,,True,True,,Normal,0,100%,88%,0%,0.0%,0%,100%,77%,68%,100%,+8.0%,108.0%,,,,1,1, better than target,( better than target ),0,,, better than target,3,0,8,0,8,1,,,,0,,0, better than target,3,108,108,108,45094,Point,Point,Point,Point,Point,Point,Point,0,, better than target,12.142857143,,0.771428571,8,8,100,Point,Point,Point,Point,108, better than target,40, better than target,8.000000000,108,108,10800,14000,,,,7,7,7,,True,True,,,,15.428571429,0
?,True,6/24/2023,"June 24, 2023",2023 W25,,Tech Issue,Max Parker,8,grey,color,,Line 1 (auto),Total,Total,,True,False,,Challenging,0,100%,88%,100%,5.0%,0%,95%,54%,48%,0%,-20%,80.0%,,,,1,1, worse than target,( worse than target ),320,,, worse than target,2,4,-20,0,-20,0.95,,,,0,,0, better than target,3,76,80,80,45094,Point,Point,Point,Point,Point,Point,Point,0,, worse than target,10.714285714,,0.571428571,8,8,100,Point,Point,Point,Point,80, worse than critical,40, worse than target,20,80,80,7600,14000,,,,7,7,7,,False,False,,,,11.428571429,0
?,True,6/25/2023,"June 25, 2023",2023 W25,,Material Shortage,Mia Smith,9,grey,color,,Line 1 (auto),Total,Total,,True,True,,Challenging,0,100%,88%,100%,3.4%,0%,97%,81%,71%,100%,+17.0%,117.0%,,,,1,1, better than target,( better than target ),320,,, worse than target,0.418803419,4,17,0,17,0.965811966,,,,0,,0, better than target,3,113,117,117,45094,Point,Point,Point,Point,Point,Point,Point,0,, better than target,15.714285714,,0.835714286,8,8,100,Point,Point,Point,Point,117, better than target,40, better than target,17,117,117,11300,14000,,,,7,7,7,,True,True,,,,16.714285714,0
?,True,6/26/2023,"June 26, 2023",2023 W26,,Maintenance,Leo Johnson,8,grey,color,,Line 1 (auto),Total,Total,,True,False,,Challenging,0,100%,88%,100%,4.4%,0%,96%,61%,54%,0%,-10%,90.0%,,,,1,1, worse than target,( worse than target ),320,,, worse than target,1.444444444,4,-10,0,-10,0.955555556,,,,0,,0, better than target,3,86,90,90,45101,Point,Point,Point,Point,Point,Point,Point,0,, worse than target,3.571428571,,0.642857143,8,8,100,Point,Point,Point,Point,90, worse than critical,40, worse than target,10,90,90,8600,14000,,,,7,7,7,,False,False,,,,12.857142857,0
?,True,6/27/2023,"June 27, 2023",2023 W26,,Maintenance,Zoe Martinez,7,grey,color,,Line 1 (auto),Total,Total,,True,False,,Challenging,0,100%,88%,100%,1.1%,0%,99%,64%,56%,0%,-10%,90.0%,,,,1,1, worse than target,( worse than target ),80,,, better than target,1.888888889,1,-10,0,-10,0.988888889,,,,0,,0, better than target,3,89,90,90,45101,Point,Point,Point,Point,Point,Point,Point,0,, worse than target,1.428571429,,0.642857143,8,8,100,Point,Point,Point,Point,90, worse than critical,40, worse than target,10,90,90,8900,14000,,,,7,7,7,,False,False,,,,12.857142857,0
?,True,6/28/2023,"June 28, 2023",2023 W26,6/28/2023,Tech Issue,Max Parker,6,grey,color,,Line 1 (auto),Total,Total,,True,True,6/28/2023,Normal,1,86%,75%,0%,3.4%,13%,97%,81%,71%,100%,+18.0%,118.0%,1,,1,1,1, better than target,( better than target ),320,6520,6520, worse than target,0.389830508,4,18,0,18,0.966101695,6,19.666666667,1,2200,6200,1, worse than critical,5.5,114,118,118,45101,Point,Point,Point,Point,Point,Point,Point,0,, better than target,16.428571429,0,0.983333333,7,8,100,Point,Point,Point,Point,118, better than target,40, better than target,18,118,118,11400,14000,4880,35%,0,6,7,7,,True,True,1,1,,19.666666667,1
?,True,6/29/2023,"June 29, 2023",2023 W26,6/29/2023,Maintenance,Ava White,2,grey,color,6/29/2023,Line 1 (auto),Total,Total,,True,False,,Challenging,1,100%,63%,100%,0.0%,25%,100%,92%,58%,0%,-08%,92.0%,1,1,,1,1, worse than target,( worse than target ),0,7400,7400, better than target,3,0,-8,0,-8,1,5,18.4,2,3400,7400,2, worse than critical,18,92,92,92,45101,Point,Point,Point,Point,Point,Point,Point,2,2, better than target,27,0,0.92,6,8,100,Point,Point,Point,Point,92, worse than critical,40, worse than target,8,92,92,9200,14000,1800,13%,0,5,7,5,5,False,False,0,,20,18.4,0
?,False,1/1/2023,"January 1, 2023",2022 W52,1/1/2023,Tech Issue,Luna Garcia,6,grey,color,,Line 2,Total,Total,,True,True,1/1/2023,Challenging,1,57%,50%,100%,11.7%,38%,88%,65%,57%,100%,+3.0%,103.0%,1,,1,1,1, better than target,( better than target ),960,17560,17560, worse than critical,4.650485437,12,3,0,3,0.883495146,4,25.75,3,4600,16600,3, worse than critical,30.5,91,103,103,44919,Point,Point,Point,Point,Point,Point,Point,0,, better than target,0,0,1.2875,5,8,100,Point,Point,Point,Point,103, better than target,40, better than target,3,103,103,9100,14000,-8460,-60%,0,4,7,7,,True,True,3,3,,25.75,3
?,False,1/2/2023,"January 2, 2023",2023 W1,,Tech Issue,Mia Smith,7,grey,color,,Line 2,Total,Total,,True,True,,Challenging,0,100%,88%,100%,12.7%,0%,87%,64%,56%,100%,+2.0%,102.0%,,,,1,1, better than target,( better than target ),1040,,, worse than critical,5.745098039,13,2,0,2,0.872549020,,,,0,,0, better than target,3,89,102,102,44926,Point,Point,Point,Point,Point,Point,Point,0,, worse than target,1.428571429,,0.728571429,8,8,100,Point,Point,Point,Point,102, better than target,40, better than target,2,102,102,8900,14000,,,,7,7,7,,True,True,,,,14.571428571,0
?,False,1/3/2023,"January 3, 2023",2023 W1,1/3/2023,Tech Issue,Mia Smith,6,grey,color,,Line 2,Total,Total,,True,True,1/3/2023,Challenging,1,86%,75%,100%,4.8%,13%,95%,71%,63%,100%,+5.0%,105.0%,1,,1,1,1, better than target,( better than target ),400,6600,6600, worse than target,1.761904762,5,5,0,5,0.952380952,6,17.5,1,2200,6200,1, worse than critical,5.5,100,105,105,44926,Point,Point,Point,Point,Point,Point,Point,0,, better than target,6.428571429,0,0.875,7,8,100,Point,Point,Point,Point,105, better than target,40, better than target,5,105,105,10000,14000,3400,24%,0,6,7,7,,True,True,1,1,,17.5,1
?,False,1/4/2023,"January 4, 2023",2023 W1,,Tech Issue,Leo Johnson,2,grey,color,,Line 2,Total,Total,,True,False,,Challenging,0,100%,88%,100%,11.1%,0%,89%,63%,55%,0%,-01%,99.0%,,,,1,1, worse than target,( worse than target ),880,,, worse than critical,4.111111111,11,-1,0,-1,0.888888889,,,,0,,0, better than target,3,88,99,99,44926,Point,Point,Point,Point,Point,Point,Point,0,, worse than target,2.142857143,,0.707142857,8,8,100,Point,Point,Point,Point,99, worse than critical,40, worse than target,1,99,99,8800,14000,,,,7,7,7,,False,False,,,,14.142857143,0
?,False,1/5/2023,"January 5, 2023",2023 W1,,Other,Finn Sullivan,7,grey,color,,Line 2,Total,Total,,True,False,,Challenging,0,100%,88%,100%,9.7%,0%,90%,60%,53%,0%,-07%,93.0%,,,,1,1, worse than target,( worse than target ),720,,, worse than critical,2.677419355,9,-7,0,-7,0.903225806,,,,0,,0, better than target,3,84,93,93,44926,Point,Point,Point,Point,Point,Point,Point,0,, worse than target,5.000000000,,0.664285714,8,8,100,Point,Point,Point,Point,93, worse than critical,40, worse than target,7.000000000,93,93,8400,14000,,,,7,7,7,,False,False,,,,13.285714286,0
?,False,1/6/2023,"January 6, 2023",2023 W1,,Maintenance,Mia Smith,9,grey,color,,Line 2,Total,Total,,True,True,,Normal,0,100%,88%,0%,4.7%,0%,95%,73%,64%,100%,+7.0%,107.0%,,,,1,1, better than target,( better than target ),400,,, worse than target,1.672897196,5,7,0,7,0.953271028,,,,0,,0, better than target,3,102,107,107,44926,Point,Point,Point,Point,Point,Point,Point,0,, better than target,7.857142857,,0.764285714,8,8,100,Point,Point,Point,Point,107, better than target,40, better than target,7.000000000,107,107,10200,14000,,,,7,7,7,,True,True,,,,15.285714286,0
?,False,1/7/2023,"January 7, 2023",2023 W1,,Other,Luna Garcia,7,grey,color,,Line 2,Total,Total,,True,False,,Challenging,0,100%,88%,100%,14.6%,0%,85%,50%,44%,0%,-18%,82.0%,,,,1,1, worse than target,( worse than target ),960,,, worse than critical,7.634146341,12,-18,0,-18,0.853658537,,,,0,,0, better than target,3,70,82,82,44926,Point,Point,Point,Point,Point,Point,Point,0,, worse than target,15,,0.585714286,8,8,100,Point,Point,Point,Point,82, worse than critical,40, worse than target,18,82,82,7000,14000,,,,7,7,7,,False,False,,,,11.714285714,0
?,False,1/8/2023,"January 8, 2023",2023 W1,,Tech Issue,Finn Sullivan,1,grey,color,,Line 2,Total,Total,,True,True,,Normal,0,100%,88%,0%,11.9%,0%,88%,74%,65%,100%,+18.0%,118.0%,,,,1,1, better than target,( better than target ),1120,,, worse than critical,4.864406780,14,18,0,18,0.881355932,,,,0,,0, better than target,3,104,118,118,44926,Point,Point,Point,Point,Point,Point,Point,0,, better than target,9.285714286,,0.842857143,8,8,100,Point,Point,Point,Point,118, better than target,40, better than target,18,118,118,10400,14000,,,,7,7,7,,True,True,,,,16.857142857,0
?,False,1/9/2023,"January 9, 2023",2023 W2,,Maintenance,Ava White,1,grey,color,,Line 2,Total,Total,,True,False,,Normal,0,100%,88%,0%,14.4%,0%,86%,55%,48%,0%,-10%,90.0%,,,,1,1, worse than target,( worse than target ),1040,,, worse than critical,7.444444444,13,-10,0,-10,0.855555556,,,,0,,0, better than target,3,77,90,90,44933,Point,Point,Point,Point,Point,Point,Point,0,, worse than target,10,,0.642857143,8,8,100,Point,Point,Point,Point,90, worse than critical,40, worse than target,10,90,90,7700,14000,,,,7,7,7,,False,False,,,,12.857142857,0
?,False,1/10/2023,"January 10, 2023",2023 W2,,Tech Issue,Eli Brown,3,grey,color,,Line 2,Total,Total,,True,True,,Normal,0,100%,88%,0%,6.8%,0%,93%,69%,60%,100%,+3.0%,103.0%,,,,1,1, better than target,( better than target ),560,,, worse than target,3.796116505,7,3,0,3,0.932038835,,,,0,,0, better than target,3,96,103,103,44933,Point,Point,Point,Point,Point,Point,Point,0,, better than target,3.571428571,,0.735714286,8,8,100,Point,Point,Point,Point,103, better than target,40, better than target,3,103,103,9600,14000,,,,7,7,7,,True,True,,,,14.714285714,0
?,False,1/11/2023,"January 11, 2023",2023 W2,,Other,Zoe Martinez,7,grey,color,,Line 2,Total,Total,,True,True,,Challenging,0,100%,88%,100%,4.8%,0%,95%,71%,62%,100%,+4.0%,104.0%,,,,1,1, better than target,( better than target ),400,,, worse than target,1.807692308,5,4,0,4,0.951923077,,,,0,,0, better than target,3,99,104,104,44933,Point,Point,Point,Point,Point,Point,Point,0,, better than target,5.714285714,,0.742857143,8,8,100,Point,Point,Point,Point,104, better than target,40, better than target,4,104,104,9900,14000,,,,7,7,7,,True,True,,,,14.857142857,0
?,False,1/12/2023,"January 12, 2023",2023 W2,,Maintenance,Mia Smith,8,grey,color,,Line 2,Total,Total,,True,False,,Normal,0,100%,88%,0%,13.3%,0%,87%,56%,49%,0%,-10%,90.0%,,,,1,1, worse than target,( worse than target ),960,,, worse than critical,6.333333333,12,-10,0,-10,0.866666667,,,,0,,0, better than target,3,78,90,90,44933,Point,Point,Point,Point,Point,Point,Point,0,, worse than target,9.285714286,,0.642857143,8,8,100,Point,Point,Point,Point,90, worse than critical,40, worse than target,10,90,90,7800,14000,,,,7,7,7,,False,False,,,,12.857142857,0
?,False,1/13/2023,"January 13, 2023",2023 W2,,Material Shortage,Eli Brown,2,grey,color,,Line 2,Total,Total,,True,False,,Normal,0,100%,88%,0%,14.6%,0%,85%,50%,44%,0%,-18%,82.0%,,,,1,1, worse than target,( worse than target ),960,,, worse than critical,7.634146341,12,-18,0,-18,0.853658537,,,,0,,0, better than target,3,70,82,82,44933,Point,Point,Point,Point,Point,Point,Point,0,, worse than target,15,,0.585714286,8,8,100,Point,Point,Point,Point,82, worse than critical,40, worse than target,18,82,82,7000,14000,,,,7,7,7,,False,False,,,,11.714285714,0
?,False,1/14/2023,"January 14, 2023",2023 W2,,Maintenance,Max Parker,6,grey,color,,Line 2,Total,Total,,True,True,,Normal,0,100%,88%,0%,7.3%,0%,93%,73%,64%,100%,+10.0%,110.0%,,,,1,1, better than target,( better than target ),640,,, worse than critical,0.272727273,8,10,0,10,0.927272727,,,,0,,0, better than target,3,102,110,110,44933,Point,Point,Point,Point,Point,Point,Point,0,, better than target,7.857142857,,0.785714286,8,8,100,Point,Point,Point,Point,110, better than target,40, better than target,10,110,110,10200,14000,,,,7,7,7,,True,True,,,,15.714285714,0
?,False,1/15/2023,"January 15, 2023",2023 W2,,Material Shortage,Mia Smith,3,grey,color,,Line 2,Total,Total,,True,True,,Challenging,0,100%,88%,100%,4.7%,0%,95%,72%,63%,100%,+6.0%,106.0%,,,,1,1, better than target,( better than target ),400,,, worse than target,1.716981132,5,6,0,6,0.952830189,,,,0,,0, better than target,3,101,106,106,44933,Point,Point,Point,Point,Point,Point,Point,0,, better than target,7.142857143,,0.757142857,8,8,100,Point,Point,Point,Point,106, better than target,40, better than target,6.000000000,106,106,10100,14000,,,,7,7,7,,True,True,,,,15.142857143,0
?,False,1/16/2023,"January 16, 2023",2023 W3,1/16/2023,Maintenance,Mia Smith,5,grey,color,1/16/2023,Line 2,Total,Total,,True,False,,Normal,1,100%,50%,0%,9.8%,38%,90%,104%,52%,0%,-08%,92.0%,1,1,,1,1, worse than target,( worse than target ),720,11320,11320, worse than critical,2.782608696,9,-8,0,-8,0.902173913,4,23,3,4600,10600,3, worse than critical,30.5,83,92,92,44940,Point,Point,Point,Point,Point,Point,Point,3,3, better than target,38.75,0,1.15,5,8,100,Point,Point,Point,Point,92, worse than critical,40, worse than target,8,92,92,8300,14000,-3020,-22%,0,4,7,4,4,False,False,0,,25,23,0
?,False,1/17/2023,"January 17, 2023",2023 W3,,Material Shortage,Zoe Martinez,8,grey,color,,Line 2,Total,Total,,True,False,,Normal,0,100%,88%,0%,14.5%,0%,86%,51%,44%,0%,-17%,83.0%,,,,1,1, worse than target,( worse than target ),960,,, worse than critical,7.457831325,12,-17,0,-17,0.855421687,,,,0,,0, better than target,3,71,83,83,44940,Point,Point,Point,Point,Point,Point,Point,0,, worse than target,14.285714286,,0.592857143,8,8,100,Point,Point,Point,Point,83, worse than critical,40, worse than target,17,83,83,7100,14000,,,,7,7,7,,False,False,,,,11.857142857,0
?,False,1/18/2023,"January 18, 2023",2023 W3,,Material Shortage,Luna Garcia,8,grey,color,,Line 2,Total,Total,,True,False,,Challenging,0,100%,88%,100%,8.8%,0%,91%,52%,46%,0%,-20%,80.0%,,,,1,1, worse than target,( worse than target ),560,,, worse than critical,1.75,7,-20,0,-20,0.9125,,,,0,,0, better than target,3,73,80,80,44940,Point,Point,Point,Point,Point,Point,Point,0,, worse than target,12.857142857,,0.571428571,8,8,100,Point,Point,Point,Point,80, worse than critical,40, worse than target,20,80,80,7300,14000,,,,7,7,7,,False,False,,,,11.428571429,0
?,False,1/19/2023,"January 19, 2023",2023 W3,,Maintenance,Zoe Martinez,6,grey,color,,Line 2,Total,Total,,True,True,,Challenging,0,100%,88%,100%,4.7%,0%,95%,72%,63%,100%,+6.0%,106.0%,,,,1,1, better than target,( better than target ),400,,, worse than target,1.716981132,5,6,0,6,0.952830189,,,,0,,0, better than target,3,101,106,106,44940,Point,Point,Point,Point,Point,Point,Point,0,, better than target,7.142857143,,0.757142857,8,8,100,Point,Point,Point,Point,106, better than target,40, better than target,6.000000000,106,106,10100,14000,,,,7,7,7,,True,True,,,,15.142857143,0
?,False,1/20/2023,"January 20, 2023",2023 W3,,Other,Finn Sullivan,4,grey,color,,Line 2,Total,Total,,True,False,,Challenging,0,100%,88%,100%,8.1%,0%,92%,56%,49%,0%,-14%,86.0%,,,,1,1, worse than target,( worse than target ),560,,, worse than critical,1.139534884,7,-14,0,-14,0.918604651,,,,0,,0, better than target,3,79,86,86,44940,Point,Point,Point,Point,Point,Point,Point,0,, worse than target,8.571428571,,0.614285714,8,8,100,Point,Point,Point,Point,86, worse than critical,40, worse than target,14,86,86,7900,14000,,,,7,7,7,,False,False,,,,12.285714286,0
?,False,1/21/2023,"January 21, 2023",2023 W3,1/21/2023,Tech Issue,Ava White,9,grey,color,,Line 2,Total,Total,,True,True,1/21/2023,Normal,1,86%,75%,0%,11.0%,13%,89%,75%,66%,100%,+18.0%,118.0%,1,,1,1,1, better than target,( better than target ),1040,7240,7240, worse than critical,4.016949153,13,18,0,18,0.889830508,6,19.666666667,1,2200,6200,1, worse than critical,5.5,105,118,118,44940,Point,Point,Point,Point,Point,Point,Point,0,, better than target,10,0,0.983333333,7,8,100,Point,Point,Point,Point,118, better than target,40, better than target,18,118,118,10500,14000,3260,23%,0,6,7,7,,True,True,1,1,,19.666666667,1
?,False,1/22/2023,"January 22, 2023",2023 W3,,Other,Zoe Martinez,9,grey,color,,Line 2,Total,Total,,True,True,,Challenging,0,100%,88%,100%,8.8%,0%,91%,66%,58%,100%,+2.0%,102.0%,,,,1,1, better than target,( better than target ),720,,, worse than critical,1.823529412,9,2,0,2,0.911764706,,,,0,,0, better than target,3,93,102,102,44940,Point,Point,Point,Point,Point,Point,Point,0,, better than target,1.428571429,,0.728571429,8,8,100,Point,Point,Point,Point,102, better than target,40, better than target,2,102,102,9300,14000,,,,7,7,7,,True,True,,,,14.571428571,0
?,False,1/23/2023,"January 23, 2023",2023 W4,,Tech Issue,Max Parker,9,grey,color,,Line 2,Total,Total,,True,False,,Challenging,0,100%,88%,100%,11.8%,0%,88%,54%,47%,0%,-15%,85.0%,,,,1,1, worse than target,( worse than target ),800,,, worse than critical,4.764705882,10,-15,0,-15,0.882352941,,,,0,,0, better than target,3,75,85,85,44947,Point,Point,Point,Point,Point,Point,Point,0,, worse than target,11.428571429,,0.607142857,8,8,100,Point,Point,Point,Point,85, worse than critical,40, worse than target,15,85,85,7500,14000,,,,7,7,7,,False,False,,,,12.142857143,0
?,False,1/24/2023,"January 24, 2023",2023 W4,,Other,Max Parker,9,grey,color,,Line 2,Total,Total,,True,False,,Normal,0,100%,88%,0%,7.1%,0%,93%,66%,58%,0%,-01%,99.0%,,,,1,1, worse than target,( worse than target ),560,,, worse than critical,0.070707071,7,-1,0,-1,0.929292929,,,,0,,0, better than target,3,92,99,99,44947,Point,Point,Point,Point,Point,Point,Point,0,, better than target,0.714285714,,0.707142857,8,8,100,Point,Point,Point,Point,99, worse than critical,40, worse than target,1,99,99,9200,14000,,,,7,7,7,,False,False,,,,14.142857143,0
?,False,1/25/2023,"January 25, 2023",2023 W4,,Other,Luna Garcia,4,grey,color,,Line 2,Total,Total,,True,True,,Normal,0,100%,88%,0%,6.3%,0%,94%,75%,66%,100%,+12.0%,112.0%,,,,1,1, better than target,( better than target ),560,,, worse than target,3.25,7,12,0,12,0.9375,,,,0,,0, better than target,3,105,112,112,44947,Point,Point,Point,Point,Point,Point,Point,0,, better than target,10,,0.8,8,8,100,Point,Point,Point,Point,112, better than target,40, better than target,12,112,112,10500,14000,,,,7,7,7,,True,True,,,,16,0
?,False,1/26/2023,"January 26, 2023",2023 W4,1/26/2023,Material Shortage,Luna Garcia,4,grey,color,,Line 2,Total,Total,,True,False,,Normal,1,86%,75%,0%,13.0%,13%,87%,57%,50%,0%,-08%,92.0%,1,,,1,1, worse than target,( worse than target ),960,3360,3360, worse than critical,6.043478261,12,-8,0,-8,0.869565217,6,15.333333333,1,2200,2400,1, worse than critical,5.5,80,92,92,44947,Point,Point,Point,Point,Point,Point,Point,0,, worse than target,7.857142857,0,0.766666667,7,8,100,Point,Point,Point,Point,92, worse than critical,40, worse than target,8,92,92,8000,14000,4640,33%,1,6,7,7,,False,False,0,,,15.333333333,1
?,False,1/27/2023,"January 27, 2023",2023 W4,1/27/2023,Other,Zoe Martinez,2,grey,color,,Line 2,Total,Total,,True,True,,Challenging,1,57%,50%,100%,8.9%,38%,91%,73%,64%,100%,+12.0%,112.0%,1,,,1,1, better than target,( better than target ),800,6000,6000, worse than critical,1.928571429,10,12,0,12,0.910714286,4,28,3,4600,5200,3, worse than critical,30.5,102,112,112,44947,Point,Point,Point,Point,Point,Point,Point,0,, better than target,7.857142857,3,1.4,5,8,100,Point,Point,Point,Point,112, better than target,40, better than target,12,112,112,10200,14000,4200,30%,0,4,7,7,,True,True,0,,,28,3
?,False,1/28/2023,"January 28, 2023",2023 W4,,Maintenance,Luna Garcia,5,grey,color,,Line 2,Total,Total,,True,False,,Challenging,0,100%,88%,100%,12.6%,0%,87%,54%,48%,0%,-13%,87.0%,,,,1,1, worse than target,( worse than target ),880,,, worse than critical,5.643678161,11,-13,0,-13,0.873563218,,,,0,,0, better than target,3,76,87,87,44947,Point,Point,Point,Point,Point,Point,Point,0,, worse than target,10.714285714,,0.621428571,8,8,100,Point,Point,Point,Point,87, worse than critical,40, worse than target,13,87,87,7600,14000,,,,7,7,7,,False,False,,,,12.428571429,0
?,False,1/29/2023,"January 29, 2023",2023 W4,,Tech Issue,Eli Brown,1,grey,color,,Line 2,Total,Total,,True,True,,Normal,0,100%,88%,0%,9.4%,0%,91%,69%,60%,100%,+6.0%,106.0%,,,,1,1, better than target,( better than target ),800,,, worse than critical,2.433962264,10,6,0,6,0.905660377,,,,0,,0, better than target,3,96,106,106,44947,Point,Point,Point,Point,Point,Point,Point,0,, better than target,3.571428571,,0.757142857,8,8,100,Point,Point,Point,Point,106, better than target,40, better than target,6.000000000,106,106,9600,14000,,,,7,7,7,,True,True,,,,15.142857143,0
?,False,1/30/2023,"January 30, 2023",2023 W5,,Maintenance,Owen Taylor,4,grey,color,,Line 2,Total,Total,,True,True,,Challenging,0,100%,88%,100%,6.8%,0%,93%,78%,68%,100%,+17.0%,117.0%,,,,1,1, better than target,( better than target ),640,,, worse than target,3.837606838,8,17,0,17,0.931623932,,,,0,,0, better than target,3,109,117,117,44954,Point,Point,Point,Point,Point,Point,Point,0,, better than target,12.857142857,,0.835714286,8,8,100,Point,Point,Point,Point,117, better than target,40, better than target,17,117,117,10900,14000,,,,7,7,7,,True,True,,,,16.714285714,0
?,False,1/31/2023,"January 31, 2023",2023 W5,,Maintenance,Mia Smith,8,grey,color,,Line 2,Total,Total,,True,False,,Normal,0,100%,88%,0%,9.5%,0%,90%,54%,48%,0%,-16%,84.0%,,,,1,1, worse than target,( worse than target ),640,,, worse than critical,2.523809524,8,-16,0,-16,0.904761905,,,,0,,0, better than target,3,76,84,84,44954,Point,Point,Point,Point,Point,Point,Point,0,, worse than target,10.714285714,,0.6,8,8,100,Point,Point,Point,Point,84, worse than critical,40, worse than target,16,84,84,7600,14000,,,,7,7,7,,False,False,,,,12,0
?,False,2/1/2023,"February 1, 2023",2023 W5,,Tech Issue,Mia Smith,9,grey,color,,Line 2,Total,Total,,True,True,,Challenging,0,100%,88%,100%,9.5%,0%,91%,75%,66%,100%,+16.0%,116.0%,,,,1,1, better than target,( better than target ),880,,, worse than critical,2.482758621,11,16,0,16,0.905172414,,,,0,,0, better than target,3,105,116,116,44954,Point,Point,Point,Point,Point,Point,Point,0,, better than target,10,,0.828571429,8,8,100,Point,Point,Point,Point,116, better than target,40, better than target,16,116,116,10500,14000,,,,7,7,7,,True,True,,,,16.571428571,0
?,False,2/2/2023,"February 2, 2023",2023 W5,2/2/2023,Tech Issue,Leo Johnson,9,grey,color,,Line 2,Total,Total,,True,True,2/2/2023,Challenging,1,57%,50%,100%,9.6%,38%,90%,67%,59%,100%,+4.0%,104.0%,1,,1,1,1, better than target,( better than target ),800,17400,17400, worse than critical,2.615384615,10,4,0,4,0.903846154,4,26,3,4600,16600,3, worse than critical,30.5,94,104,104,44954,Point,Point,Point,Point,Point,Point,Point,0,, better than target,2.142857143,0,1.3,5,8,100,Point,Point,Point,Point,104, better than target,40, better than target,4,104,104,9400,14000,-8000,-57%,0,4,7,7,,True,True,3,3,,26,3
?,False,2/3/2023,"February 3, 2023",2023 W5,2/3/2023,Maintenance,Owen Taylor,3,grey,color,2/3/2023,Line 2,Total,Total,,True,False,,Normal,1,100%,75%,0%,9.3%,13%,91%,65%,49%,0%,-14%,86.0%,1,1,,1,1, worse than target,( worse than target ),640,4840,4840, worse than critical,2.302325581,8,-14,0,-14,0.906976744,6,14.333333333,1,2200,4200,1, worse than critical,5.5,78,86,86,44954,Point,Point,Point,Point,Point,Point,Point,1,1, better than target,0,0,0.716666667,7,8,100,Point,Point,Point,Point,86, worse than critical,40, worse than target,14,86,86,7800,14000,2960,21%,0,6,7,6,6,False,False,0,,16.666666667,14.333333333,0
?,False,2/4/2023,"February 4, 2023",2023 W5,,Maintenance,Eli Brown,6,grey,color,,Line 2,Total,Total,,True,True,,Challenging,0,100%,88%,100%,6.9%,0%,93%,77%,68%,100%,+16.0%,116.0%,,,,1,1, better than target,( better than target ),640,,, worse than target,3.896551724,8,16,0,16,0.931034483,,,,0,,0, better than target,3,108,116,116,44954,Point,Point,Point,Point,Point,Point,Point,0,, better than target,12.142857143,,0.828571429,8,8,100,Point,Point,Point,Point,116, better than target,40, better than target,16,116,116,10800,14000,,,,7,7,7,,True,True,,,,16.571428571,0
?,False,2/5/2023,"February 5, 2023",2023 W5,,Tech Issue,Zoe Martinez,6,grey,color,,Line 2,Total,Total,,True,False,,Challenging,0,100%,88%,100%,7.5%,0%,93%,53%,46%,0%,-20%,80.0%,,,,1,1, worse than target,( worse than target ),480,,, worse than critical,0.500000000,6,-20,0,-20,0.925,,,,0,,0, better than target,3,74,80,80,44954,Point,Point,Point,Point,Point,Point,Point,0,, worse than target,12.142857143,,0.571428571,8,8,100,Point,Point,Point,Point,80, worse than critical,40, worse than target,20,80,80,7400,14000,,,,7,7,7,,False,False,,,,11.428571429,0
?,False,2/6/2023,"February 6, 2023",2023 W6,,Maintenance,Finn Sullivan,8,grey,color,,Line 2,Total,Total,,True,False,,Challenging,0,100%,88%,100%,8.5%,0%,91%,54%,47%,0%,-18%,82.0%,,,,1,1, worse than target,( worse than target ),560,,, worse than critical,1.536585366,7,-18,0,-18,0.914634146,,,,0,,0, better than target,3,75,82,82,44961,Point,Point,Point,Point,Point,Point,Point,0,, worse than target,11.428571429,,0.585714286,8,8,100,Point,Point,Point,Point,82, worse than critical,40, worse than target,18,82,82,7500,14000,,,,7,7,7,,False,False,,,,11.714285714,0
?,False,2/7/2023,"February 7, 2023",2023 W6,,Material Shortage,Owen Taylor,8,grey,color,,Line 2,Total,Total,,True,True,,Challenging,0,100%,88%,100%,5.9%,0%,94%,80%,70%,100%,+19.0%,119.0%,,,,1,1, better than target,( better than target ),560,,, worse than target,2.882352941,7,19,0,19,0.941176471,,,,0,,0, better than target,3,112,119,119,44961,Point,Point,Point,Point,Point,Point,Point,0,, better than target,15,,0.85,8,8,100,Point,Point,Point,Point,119, better than target,40, better than target,19,119,119,11200,14000,,,,7,7,7,,True,True,,,,17,0
?,False,2/8/2023,"February 8, 2023",2023 W6,2/8/2023,Tech Issue,Ava White,2,grey,color,,Line 2,Total,Total,,True,False,2/8/2023,Challenging,1,57%,50%,100%,11.8%,38%,88%,59%,51%,0%,-07%,93.0%,1,,1,1,1, worse than target,( worse than target ),880,17480,17480, worse than critical,4.827956989,11,-7,0,-7,0.881720430,4,23.25,3,4600,16600,3, worse than critical,30.5,82,93,93,44961,Point,Point,Point,Point,Point,Point,Point,0,, worse than target,6.428571429,0,1.1625,5,8,100,Point,Point,Point,Point,93, worse than critical,40, worse than target,7.000000000,93,93,8200,14000,-9280,-66%,0,4,7,7,,False,False,3,3,,23.25,3
?,False,2/9/2023,"February 9, 2023",2023 W6,,Material Shortage,Max Parker,5,grey,color,,Line 2,Total,Total,,True,False,,Challenging,0,100%,88%,100%,10.0%,0%,90%,51%,45%,0%,-20%,80.0%,,,,1,1, worse than target,( worse than target ),640,,, worse than critical,3,8,-20,0,-20,0.9,,,,0,,0, better than target,3,72,80,80,44961,Point,Point,Point,Point,Point,Point,Point,0,, worse than target,13.571428571,,0.571428571,8,8,100,Point,Point,Point,Point,80, worse than critical,40, worse than target,20,80,80,7200,14000,,,,7,7,7,,False,False,,,,11.428571429,0
?,False,2/10/2023,"February 10, 2023",2023 W6,,Material Shortage,Max Parker,9,grey,color,,Line 2,Total,Total,,True,False,,Normal,0,100%,88%,0%,13.5%,0%,86%,59%,52%,0%,-04%,96.0%,,,,1,1, worse than target,( worse than target ),1040,,, worse than critical,6.541666667,13,-4,0,-4,0.864583333,,,,0,,0, better than target,3,83,96,96,44961,Point,Point,Point,Point,Point,Point,Point,0,, worse than target,5.714285714,,0.685714286,8,8,100,Point,Point,Point,Point,96, worse than critical,40, worse than target,4,96,96,8300,14000,,,,7,7,7,,False,False,,,,13.714285714,0
?,False,2/11/2023,"February 11, 2023",2023 W6,2/11/2023,Tech Issue,Mia Smith,6,grey,color,,Line 2,Total,Total,,True,True,2/11/2023,Normal,1,71%,63%,0%,8.4%,25%,92%,78%,68%,100%,+19.0%,119.0%,1,,1,1,1, better than target,( better than target ),800,12200,12200, worse than critical,1.403361345,10,19,0,19,0.915966387,5,23.8,2,3400,11400,2, worse than critical,18,109,119,119,44961,Point,Point,Point,Point,Point,Point,Point,0,, better than target,12.857142857,0,1.19,6,8,100,Point,Point,Point,Point,119, better than target,40, better than target,19,119,119,10900,14000,-1300,-9%,0,5,7,7,,True,True,2,2,,23.8,2
?,False,2/12/2023,"February 12, 2023",2023 W6,,Other,Owen Taylor,2,grey,color,,Line 2,Total,Total,,True,True,,Challenging,0,100%,88%,100%,9.5%,0%,90%,68%,59%,100%,+5.0%,105.0%,,,,1,1, better than target,( better than target ),800,,, worse than critical,2.523809524,10,5,0,5,0.904761905,,,,0,,0, better than target,3,95,105,105,44961,Point,Point,Point,Point,Point,Point,Point,0,, better than target,2.857142857,,0.75,8,8,100,Point,Point,Point,Point,105, better than target,40, better than target,5,105,105,9500,14000,,,,7,7,7,,True,True,,,,15,0
?,False,2/13/2023,"February 13, 2023",2023 W7,2/13/2023,Other,Zoe Martinez,4,grey,color,,Line 2,Total,Total,,True,False,,Challenging,1,71%,63%,100%,9.3%,25%,91%,56%,49%,0%,-14%,86.0%,1,,,1,1, worse than target,( worse than target ),640,4440,4440, worse than critical,2.302325581,8,-14,0,-14,0.906976744,5,17.2,2,3400,3800,2, worse than critical,18,78,86,86,44968,Point,Point,Point,Point,Point,Point,Point,0,, worse than target,9.285714286,2,0.86,6,8,100,Point,Point,Point,Point,86, worse than critical,40, worse than target,14,86,86,7800,14000,3360,24%,0,5,7,7,,False,False,0,,,17.2,2
?,False,2/14/2023,"February 14, 2023",2023 W7,,Maintenance,Finn Sullivan,9,grey,color,,Line 2,Total,Total,,True,True,,Challenging,0,100%,88%,100%,9.6%,0%,90%,74%,64%,100%,+14.0%,114.0%,,,,1,1, better than target,( better than target ),880,,, worse than critical,2.649122807,11,14,0,14,0.903508772,,,,0,,0, better than target,3,103,114,114,44968,Point,Point,Point,Point,Point,Point,Point,0,, better than target,8.571428571,,0.814285714,8,8,100,Point,Point,Point,Point,114, better than target,40, better than target,14,114,114,10300,14000,,,,7,7,7,,True,True,,,,16.285714286,0
?,False,2/15/2023,"February 15, 2023",2023 W7,,Other,Max Parker,2,grey,color,,Line 2,Total,Total,,True,False,,Challenging,0,100%,88%,100%,13.6%,0%,86%,50%,44%,0%,-19%,81.0%,,,,1,1, worse than target,( worse than target ),880,,, worse than critical,6.580246914,11,-19,0,-19,0.864197531,,,,0,,0, better than target,3,70,81,81,44968,Point,Point,Point,Point,Point,Point,Point,0,, worse than target,15,,0.578571429,8,8,100,Point,Point,Point,Point,81, worse than critical,40, worse than target,19,81,81,7000,14000,,,,7,7,7,,False,False,,,,11.571428571,0
?,False,2/16/2023,"February 16, 2023",2023 W7,,Material Shortage,Finn Sullivan,5,grey,color,,Line 2,Total,Total,,True,True,,Normal,0,100%,88%,0%,5.9%,0%,94%,68%,59%,100%,+1.0%,101.0%,,,,1,1, better than target,( better than target ),480,,, worse than target,2.940594059,6,1,0,1,0.940594059,,,,0,,0, better than target,3,95,101,101,44968,Point,Point,Point,Point,Point,Point,Point,0,, better than target,2.857142857,,0.721428571,8,8,100,Point,Point,Point,Point,101, better than target,40, better than target,1,101,101,9500,14000,,,,7,7,7,,True,True,,,,14.428571429,0
?,False,2/17/2023,"February 17, 2023",2023 W7,2/17/2023,Tech Issue,Max Parker,6,grey,color,,Line 2,Total,Total,,True,True,2/17/2023,Challenging,1,86%,75%,100%,11.1%,13%,89%,74%,65%,100%,+17.0%,117.0%,1,,1,1,1, better than target,( better than target ),1040,7240,7240, worse than critical,4.111111111,13,17,0,17,0.888888889,6,19.5,1,2200,6200,1, worse than critical,5.5,104,117,117,44968,Point,Point,Point,Point,Point,Point,Point,0,, better than target,9.285714286,0,0.975,7,8,100,Point,Point,Point,Point,117, better than target,40, better than target,17,117,117,10400,14000,3160,23%,0,6,7,7,,True,True,1,1,,19.5,1
?,False,2/18/2023,"February 18, 2023",2023 W7,,Maintenance,Owen Taylor,8,grey,color,,Line 2,Total,Total,,True,True,,Normal,0,100%,88%,0%,7.7%,0%,92%,77%,68%,100%,+17.0%,117.0%,,,,1,1, better than target,( better than target ),720,,, worse than critical,0.692307692,9,17,0,17,0.923076923,,,,0,,0, better than target,3,108,117,117,44968,Point,Point,Point,Point,Point,Point,Point,0,, better than target,12.142857143,,0.835714286,8,8,100,Point,Point,Point,Point,117, better than target,40, better than target,17,117,117,10800,14000,,,,7,7,7,,True,True,,,,16.714285714,0
?,False,2/19/2023,"February 19, 2023",2023 W7,,Other,Max Parker,9,grey,color,,Line 2,Total,Total,,True,False,,Normal,0,100%,88%,0%,15.9%,0%,84%,53%,46%,0%,-12%,88.0%,,,,1,1, worse than target,( worse than target ),1120,,, worse than critical,8.909090909,14,-12,0,-12,0.840909091,,,,0,,0, better than target,3,74,88,88,44968,Point,Point,Point,Point,Point,Point,Point,0,, worse than target,12.142857143,,0.628571429,8,8,100,Point,Point,Point,Point,88, worse than critical,40, worse than target,12,88,88,7400,14000,,,,7,7,7,,False,False,,,,12.571428571,0
?,False,2/20/2023,"February 20, 2023",2023 W8,,Maintenance,Owen Taylor,2,grey,color,,Line 2,Total,Total,,True,False,,Normal,0,100%,88%,0%,11.7%,0%,88%,59%,52%,0%,-06%,94.0%,,,,1,1, worse than target,( worse than target ),880,,, worse than critical,4.702127660,11,-6,0,-6,0.882978723,,,,0,,0, better than target,3,83,94,94,44975,Point,Point,Point,Point,Point,Point,Point,0,, worse than target,5.714285714,,0.671428571,8,8,100,Point,Point,Point,Point,94, worse than critical,40, worse than target,6.000000000,94,94,8300,14000,,,,7,7,7,,False,False,,,,13.428571429,0
?,False,2/21/2023,"February 21, 2023",2023 W8,,Material Shortage,Mia Smith,7,grey,color,,Line 2,Total,Total,,True,False,,Challenging,0,100%,88%,100%,10.6%,0%,89%,54%,48%,0%,-15%,85.0%,,,,1,1, worse than target,( worse than target ),720,,, worse than critical,3.588235294,9,-15,0,-15,0.894117647,,,,0,,0, better than target,3,76,85,85,44975,Point,Point,Point,Point,Point,Point,Point,0,, worse than target,10.714285714,,0.607142857,8,8,100,Point,Point,Point,Point,85, worse than critical,40, worse than target,15,85,85,7600,14000,,,,7,7,7,,False,False,,,,12.142857143,0
?,False,2/22/2023,"February 22, 2023",2023 W8,,Other,Mia Smith,5,grey,color,,Line 2,Total,Total,,True,True,,Challenging,0,100%,88%,100%,5.2%,0%,95%,79%,69%,100%,+16.0%,116.0%,,,,1,1, better than target,( better than target ),480,,, worse than target,2.172413793,6,16,0,16,0.948275862,,,,0,,0, better than target,3,110,116,116,44975,Point,Point,Point,Point,Point,Point,Point,0,, better than target,13.571428571,,0.828571429,8,8,100,Point,Point,Point,Point,116, better than target,40, better than target,16,116,116,11000,14000,,,,7,7,7,,True,True,,,,16.571428571,0
?,False,2/23/2023,"February 23, 2023",2023 W8,,Other,Ivy Anderson,8,grey,color,,Line 2,Total,Total,,True,True,,Normal,0,100%,88%,0%,7.8%,0%,92%,68%,59%,100%,+3.0%,103.0%,,,,1,1, better than target,( better than target ),640,,, worse than critical,0.766990291,8,3,0,3,0.922330097,,,,0,,0, better than target,3,95,103,103,44975,Point,Point,Point,Point,Point,Point,Point,0,, better than target,2.857142857,,0.735714286,8,8,100,Point,Point,Point,Point,103, better than target,40, better than target,3,103,103,9500,14000,,,,7,7,7,,True,True,,,,14.714285714,0
?,False,2/24/2023,"February 24, 2023",2023 W8,,Other,Mia Smith,5,grey,color,,Line 2,Total,Total,,True,True,,Challenging,0,100%,88%,100%,9.0%,0%,91%,72%,63%,100%,+11.0%,111.0%,,,,1,1, better than target,( better than target ),800,,, worse than critical,2.009009009,10,11,0,11,0.909909910,,,,0,,0, better than target,3,101,111,111,44975,Point,Point,Point,Point,Point,Point,Point,0,, better than target,7.142857143,,0.792857143,8,8,100,Point,Point,Point,Point,111, better than target,40, better than target,11,111,111,10100,14000,,,,7,7,7,,True,True,,,,15.857142857,0
?,False,2/25/2023,"February 25, 2023",2023 W8,,Other,Ivy Anderson,8,grey,color,,Line 2,Total,Total,,True,True,,Challenging,0,100%,88%,100%,8.0%,0%,92%,74%,65%,100%,+13.0%,113.0%,,,,1,1, better than target,( better than target ),720,,, worse than critical,0.964601770,9,13,0,13,0.920353982,,,,0,,0, better than target,3,104,113,113,44975,Point,Point,Point,Point,Point,Point,Point,0,, better than target,9.285714286,,0.807142857,8,8,100,Point,Point,Point,Point,113, better than target,40, better than target,13,113,113,10400,14000,,,,7,7,7,,True,True,,,,16.142857143,0
?,False,2/26/2023,"February 26, 2023",2023 W8,2/26/2023,Material Shortage,Ivy Anderson,6,grey,color,,Line 2,Total,Total,,True,True,,Normal,1,57%,50%,0%,12.6%,38%,87%,69%,61%,100%,+11.0%,111.0%,1,,,1,1, better than target,( better than target ),1120,6320,6320, worse than critical,5.612612613,14,11,0,11,0.873873874,4,27.75,3,4600,5200,3, worse than critical,30.5,97,111,111,44975,Point,Point,Point,Point,Point,Point,Point,0,, better than target,4.285714286,0,1.3875,5,8,100,Point,Point,Point,Point,111, better than target,40, better than target,11,111,111,9700,14000,3380,24%,3,4,7,7,,True,True,0,,,27.75,3
?,False,2/27/2023,"February 27, 2023",2023 W9,,Maintenance,Zoe Martinez,7,grey,color,,Line 2,Total,Total,,True,False,,Challenging,0,100%,88%,100%,14.5%,0%,86%,51%,44%,0%,-17%,83.0%,,,,1,1, worse than target,( worse than target ),960,,, worse than critical,7.457831325,12,-17,0,-17,0.855421687,,,,0,,0, better than target,3,71,83,83,44982,Point,Point,Point,Point,Point,Point,Point,0,, worse than target,14.285714286,,0.592857143,8,8,100,Point,Point,Point,Point,83, worse than critical,40, worse than target,17,83,83,7100,14000,,,,7,7,7,,False,False,,,,11.857142857,0
?,False,2/28/2023,"February 28, 2023",2023 W9,,Other,Max Parker,2,grey,color,,Line 2,Total,Total,,True,False,,Normal,0,100%,88%,0%,8.0%,0%,92%,57%,50%,0%,-13%,87.0%,,,,1,1, worse than target,( worse than target ),560,,, worse than critical,1.045977011,7,-13,0,-13,0.919540230,,,,0,,0, better than target,3,80,87,87,44982,Point,Point,Point,Point,Point,Point,Point,0,, worse than target,7.857142857,,0.621428571,8,8,100,Point,Point,Point,Point,87, worse than critical,40, worse than target,13,87,87,8000,14000,,,,7,7,7,,False,False,,,,12.428571429,0
?,False,3/1/2023,"March 1, 2023",2023 W9,,Other,Finn Sullivan,9,grey,color,,Line 2,Total,Total,,True,True,,Challenging,0,100%,88%,100%,5.2%,0%,95%,79%,69%,100%,+16.0%,116.0%,,,,1,1, better than target,( better than target ),480,,, worse than target,2.172413793,6,16,0,16,0.948275862,,,,0,,0, better than target,3,110,116,116,44982,Point,Point,Point,Point,Point,Point,Point,0,, better than target,13.571428571,,0.828571429,8,8,100,Point,Point,Point,Point,116, better than target,40, better than target,16,116,116,11000,14000,,,,7,7,7,,True,True,,,,16.571428571,0
?,False,3/2/2023,"March 2, 2023",2023 W9,3/2/2023,Tech Issue,Zoe Martinez,6,grey,color,,Line 2,Total,Total,,True,False,3/2/2023,Challenging,1,86%,75%,100%,14.1%,13%,86%,56%,49%,0%,-08%,92.0%,1,,1,1,1, worse than target,( worse than target ),1040,7240,7240, worse than critical,7.130434783,13,-8,0,-8,0.858695652,6,15.333333333,1,2200,6200,1, worse than critical,5.5,79,92,92,44982,Point,Point,Point,Point,Point,Point,Point,0,, worse than target,8.571428571,0,0.766666667,7,8,100,Point,Point,Point,Point,92, worse than critical,40, worse than target,8,92,92,7900,14000,660,5%,0,6,7,7,,False,False,1,1,,15.333333333,1
?,False,3/3/2023,"March 3, 2023",2023 W9,,Other,Owen Taylor,2,grey,color,,Line 2,Total,Total,,True,True,,Normal,0,100%,88%,0%,9.0%,0%,91%,72%,63%,100%,+11.0%,111.0%,,,,1,1, better than target,( better than target ),800,,, worse than critical,2.009009009,10,11,0,11,0.909909910,,,,0,,0, better than target,3,101,111,111,44982,Point,Point,Point,Point,Point,Point,Point,0,, better than target,7.142857143,,0.792857143,8,8,100,Point,Point,Point,Point,111, better than target,40, better than target,11,111,111,10100,14000,,,,7,7,7,,True,True,,,,15.857142857,0
?,False,3/4/2023,"March 4, 2023",2023 W9,,Material Shortage,Finn Sullivan,8,grey,color,,Line 2,Total,Total,,True,False,,Normal,0,100%,88%,0%,9.4%,0%,91%,62%,54%,0%,-04%,96.0%,,,,1,1, worse than target,( worse than target ),720,,, worse than critical,2.375,9,-4,0,-4,0.90625,,,,0,,0, better than target,3,87,96,96,44982,Point,Point,Point,Point,Point,Point,Point,0,, worse than target,2.857142857,,0.685714286,8,8,100,Point,Point,Point,Point,96, worse than critical,40, worse than target,4,96,96,8700,14000,,,,7,7,7,,False,False,,,,13.714285714,0
?,False,3/5/2023,"March 5, 2023",2023 W9,,Other,Finn Sullivan,9,grey,color,,Line 2,Total,Total,,True,False,,Normal,0,100%,88%,0%,10.1%,0%,90%,57%,50%,0%,-11%,89.0%,,,,1,1, worse than target,( worse than target ),720,,, worse than critical,3.112359551,9,-11,0,-11,0.898876404,,,,0,,0, better than target,3,80,89,89,44982,Point,Point,Point,Point,Point,Point,Point,0,, worse than target,7.857142857,,0.635714286,8,8,100,Point,Point,Point,Point,89, worse than critical,40, worse than target,11,89,89,8000,14000,,,,7,7,7,,False,False,,,,12.714285714,0
?,False,3/6/2023,"March 6, 2023",2023 W10,3/6/2023,Material Shortage,Leo Johnson,7,grey,color,,Line 2,Total,Total,,True,True,,Normal,1,57%,50%,0%,6.3%,38%,94%,75%,66%,100%,+12.0%,112.0%,1,,,1,1, better than target,( better than target ),560,5760,5760, worse than target,3.25,7,12,0,12,0.9375,4,28,3,4600,5200,3, worse than critical,30.5,105,112,112,44989,Point,Point,Point,Point,Point,Point,Point,0,, better than target,10.000000000,0,1.4,5,8,100,Point,Point,Point,Point,112, better than target,40, better than target,12,112,112,10500,14000,4740,34%,3,4,7,7,,True,True,0,,,28,3
?,False,3/7/2023,"March 7, 2023",2023 W10,,Tech Issue,Ivy Anderson,7,grey,color,,Line 2,Total,Total,,True,False,,Challenging,0,100%,88%,100%,16.3%,0%,84%,48%,42%,0%,-20%,80.0%,,,,1,1, worse than target,( worse than target ),1040,,, worse than critical,9.25,13,-20,0,-20,0.8375,,,,0,,0, better than target,3,67,80,80,44989,Point,Point,Point,Point,Point,Point,Point,0,, worse than target,17.142857143,,0.571428571,8,8,100,Point,Point,Point,Point,80, worse than critical,40, worse than target,20,80,80,6700,14000,,,,7,7,7,,False,False,,,,11.428571429,0
?,False,3/8/2023,"March 8, 2023",2023 W10,,Other,Mia Smith,9,grey,color,,Line 2,Total,Total,,True,True,,Normal,0,100%,88%,0%,11.8%,0%,88%,69%,61%,100%,+10.0%,110.0%,,,,1,1, better than target,( better than target ),1040,,, worse than critical,4.818181818,13,10,0,10,0.881818182,,,,0,,0, better than target,3,97,110,110,44989,Point,Point,Point,Point,Point,Point,Point,0,, better than target,4.285714286,,0.785714286,8,8,100,Point,Point,Point,Point,110, better than target,40, better than target,10,110,110,9700,14000,,,,7,7,7,,True,True,,,,15.714285714,0
?,False,3/9/2023,"March 9, 2023",2023 W10,,Tech Issue,Finn Sullivan,5,grey,color,,Line 2,Total,Total,,True,False,,Challenging,0,100%,88%,100%,5.3%,0%,95%,64%,56%,0%,-06%,94.0%,,,,1,1, worse than target,( worse than target ),400,,, worse than target,2.319148936,5,-6,0,-6,0.946808511,,,,0,,0, better than target,3,89,94,94,44989,Point,Point,Point,Point,Point,Point,Point,0,, worse than target,1.428571429,,0.671428571,8,8,100,Point,Point,Point,Point,94, worse than critical,40, worse than target,6.000000000,94,94,8900,14000,,,,7,7,7,,False,False,,,,13.428571429,0
?,False,3/10/2023,"March 10, 2023",2023 W10,,Maintenance,Owen Taylor,9,grey,color,,Line 2,Total,Total,,True,False,,Challenging,0,100%,88%,100%,17.1%,0%,83%,49%,43%,0%,-18%,82.0%,,,,1,1, worse than target,( worse than target ),1120,,, worse than critical,10.073170732,14,-18,0,-18,0.829268293,,,,0,,0, better than target,3,68,82,82,44989,Point,Point,Point,Point,Point,Point,Point,0,, worse than target,16.428571429,,0.585714286,8,8,100,Point,Point,Point,Point,82, worse than critical,40, worse than target,18,82,82,6800,14000,,,,7,7,7,,False,False,,,,11.714285714,0
?,False,3/11/2023,"March 11, 2023",2023 W10,,Other,Luna Garcia,2,grey,color,,Line 2,Total,Total,,True,True,,Normal,0,100%,88%,0%,9.6%,0%,90%,67%,59%,100%,+4.0%,104.0%,,,,1,1, better than target,( better than target ),800,,, worse than critical,2.615384615,10,4,0,4,0.903846154,,,,0,,0, better than target,3,94,104,104,44989,Point,Point,Point,Point,Point,Point,Point,0,, better than target,2.142857143,,0.742857143,8,8,100,Point,Point,Point,Point,104, better than target,40, better than target,4,104,104,9400,14000,,,,7,7,7,,True,True,,,,14.857142857,0
?,False,3/12/2023,"March 12, 2023",2023 W10,,Material Shortage,Finn Sullivan,2,grey,color,,Line 2,Total,Total,,True,False,,Normal,0,100%,88%,0%,8.1%,0%,92%,56%,49%,0%,-14%,86.0%,,,,1,1, worse than target,( worse than target ),560,,, worse than critical,1.139534884,7,-14,0,-14,0.918604651,,,,0,,0, better than target,3,79,86,86,44989,Point,Point,Point,Point,Point,Point,Point,0,, worse than target,8.571428571,,0.614285714,8,8,100,Point,Point,Point,Point,86, worse than critical,40, worse than target,14,86,86,7900,14000,,,,7,7,7,,False,False,,,,12.285714286,0
?,False,3/13/2023,"March 13, 2023",2023 W11,,Other,Ivy Anderson,9,grey,color,,Line 2,Total,Total,,True,True,,Challenging,0,100%,88%,100%,11.1%,0%,89%,74%,65%,100%,+17.0%,117.0%,,,,1,1, better than target,( better than target ),1040,,, worse than critical,4.111111111,13,17,0,17,0.888888889,,,,0,,0, better than target,3,104,117,117,44996,Point,Point,Point,Point,Point,Point,Point,0,, better than target,9.285714286,,0.835714286,8,8,100,Point,Point,Point,Point,117, better than target,40, better than target,17,117,117,10400,14000,,,,7,7,7,,True,True,,,,16.714285714,0
?,False,3/14/2023,"March 14, 2023",2023 W11,,Tech Issue,Luna Garcia,7,grey,color,,Line 2,Total,Total,,True,False,,Normal,0,100%,88%,0%,7.8%,0%,92%,59%,52%,0%,-10%,90.0%,,,,1,1, worse than target,( worse than target ),560,,, worse than critical,0.777777778,7,-10,0,-10,0.922222222,,,,0,,0, better than target,3,83,90,90,44996,Point,Point,Point,Point,Point,Point,Point,0,, worse than target,5.714285714,,0.642857143,8,8,100,Point,Point,Point,Point,90, worse than critical,40, worse than target,10,90,90,8300,14000,,,,7,7,7,,False,False,,,,12.857142857,0
?,False,3/15/2023,"March 15, 2023",2023 W11,,Maintenance,Luna Garcia,3,grey,color,,Line 2,Total,Total,,True,True,,Normal,0,100%,88%,0%,11.9%,0%,88%,69%,60%,100%,+9.0%,109.0%,,,,1,1, better than target,( better than target ),1040,,, worse than critical,4.926605505,13,9,0,9,0.880733945,,,,0,,0, better than target,3,96,109,109,44996,Point,Point,Point,Point,Point,Point,Point,0,, better than target,3.571428571,,0.778571429,8,8,100,Point,Point,Point,Point,109, better than target,40, better than target,9.000000000,109,109,9600,14000,,,,7,7,7,,True,True,,,,15.571428571,0
?,False,3/16/2023,"March 16, 2023",2023 W11,,Maintenance,Mia Smith,4,grey,color,,Line 2,Total,Total,,True,True,,Normal,0,100%,88%,0%,10.9%,0%,89%,70%,61%,100%,+10.0%,110.0%,,,,1,1, better than target,( better than target ),960,,, worse than critical,3.909090909,12,10,0,10,0.890909091,,,,0,,0, better than target,3,98,110,110,44996,Point,Point,Point,Point,Point,Point,Point,0,, better than target,5.000000000,,0.785714286,8,8,100,Point,Point,Point,Point,110, better than target,40, better than target,10,110,110,9800,14000,,,,7,7,7,,True,True,,,,15.714285714,0
?,False,3/17/2023,"March 17, 2023",2023 W11,,Maintenance,Luna Garcia,7,grey,color,,Line 2,Total,Total,,True,False,,Challenging,0,100%,88%,100%,10.4%,0%,90%,61%,54%,0%,-04%,96.0%,,,,1,1, worse than target,( worse than target ),800,,, worse than critical,3.416666667,10,-4,0,-4,0.895833333,,,,0,,0, better than target,3,86,96,96,44996,Point,Point,Point,Point,Point,Point,Point,0,, worse than target,3.571428571,,0.685714286,8,8,100,Point,Point,Point,Point,96, worse than critical,40, worse than target,4,96,96,8600,14000,,,,7,7,7,,False,False,,,,13.714285714,0
?,False,3/18/2023,"March 18, 2023",2023 W11,,Maintenance,Leo Johnson,5,grey,color,,Line 2,Total,Total,,True,False,,Challenging,0,100%,88%,100%,13.4%,0%,87%,51%,44%,0%,-18%,82.0%,,,,1,1, worse than target,( worse than target ),880,,, worse than critical,6.414634146,11,-18,0,-18,0.865853659,,,,0,,0, better than target,3,71,82,82,44996,Point,Point,Point,Point,Point,Point,Point,0,, worse than target,14.285714286,,0.585714286,8,8,100,Point,Point,Point,Point,82, worse than critical,40, worse than target,18,82,82,7100,14000,,,,7,7,7,,False,False,,,,11.714285714,0
?,False,3/19/2023,"March 19, 2023",2023 W11,,Other,Ava White,8,grey,color,,Line 2,Total,Total,,True,True,,Challenging,0,100%,88%,100%,10.2%,0%,90%,76%,66%,100%,+18.0%,118.0%,,,,1,1, better than target,( better than target ),960,,, worse than critical,3.169491525,12,18,0,18,0.898305085,,,,0,,0, better than target,3,106,118,118,44996,Point,Point,Point,Point,Point,Point,Point,0,, better than target,10.714285714,,0.842857143,8,8,100,Point,Point,Point,Point,118, better than target,40, better than target,18,118,118,10600,14000,,,,7,7,7,,True,True,,,,16.857142857,0
?,False,3/20/2023,"March 20, 2023",2023 W12,3/20/2023,Tech Issue,Luna Garcia,4,grey,color,,Line 2,Total,Total,,True,False,3/20/2023,Challenging,1,57%,50%,100%,5.3%,38%,95%,64%,56%,0%,-05%,95.0%,1,,1,1,1, worse than target,( worse than target ),400,17000,17000, worse than target,2.263157895,5,-5,0,-5,0.947368421,4,23.75,3,4600,16600,3, worse than critical,30.5,90,95,95,45003,Point,Point,Point,Point,Point,Point,Point,0,, worse than target,0.714285714,0,1.1875,5,8,100,Point,Point,Point,Point,95, worse than critical,40, worse than target,5,95,95,9000,14000,-8000,-57%,0,4,7,7,,False,False,3,3,,23.75,3
?,False,3/21/2023,"March 21, 2023",2023 W12,,Other,Luna Garcia,6,grey,color,,Line 2,Total,Total,,True,False,,Challenging,0,100%,88%,100%,12.5%,0%,88%,50%,44%,0%,-20%,80.0%,,,,1,1, worse than target,( worse than target ),800,,, worse than critical,5.5,10,-20,0,-20,0.875,,,,0,,0, better than target,3,70,80,80,45003,Point,Point,Point,Point,Point,Point,Point,0,, worse than target,15,,0.571428571,8,8,100,Point,Point,Point,Point,80, worse than critical,40, worse than target,20,80,80,7000,14000,,,,7,7,7,,False,False,,,,11.428571429,0
?,False,3/22/2023,"March 22, 2023",2023 W12,3/22/2023,Other,Luna Garcia,4,grey,color,,Line 2,Total,Total,,True,False,,Challenging,1,57%,50%,100%,13.7%,38%,86%,59%,51%,0%,-05%,95.0%,1,,,1,1, worse than target,( worse than target ),1040,6240,6240, worse than critical,6.684210526,13,-5,0,-5,0.863157895,4,23.75,3,4600,5200,3, worse than critical,30.5,82,95,95,45003,Point,Point,Point,Point,Point,Point,Point,0,, worse than target,6.428571429,3,1.1875,5,8,100,Point,Point,Point,Point,95, worse than critical,40, worse than target,5,95,95,8200,14000,1960,14%,0,4,7,7,,False,False,0,,,23.75,3
?,False,3/23/2023,"March 23, 2023",2023 W12,,Other,Luna Garcia,3,grey,color,,Line 2,Total,Total,,True,True,,Challenging,0,100%,88%,100%,7.6%,0%,92%,69%,61%,100%,+5.0%,105.0%,,,,1,1, better than target,( better than target ),640,,, worse than critical,0.619047619,8,5,0,5,0.923809524,,,,0,,0, better than target,3,97,105,105,45003,Point,Point,Point,Point,Point,Point,Point,0,, better than target,4.285714286,,0.75,8,8,100,Point,Point,Point,Point,105, better than target,40, better than target,5,105,105,9700,14000,,,,7,7,7,,True,True,,,,15,0
?,False,3/24/2023,"March 24, 2023",2023 W12,,Other,Eli Brown,5,grey,color,,Line 2,Total,Total,,True,False,,Normal,0,100%,88%,0%,13.8%,0%,86%,49%,43%,0%,-20%,80.0%,,,,1,1, worse than target,( worse than target ),880,,, worse than critical,6.75,11,-20,0,-20,0.8625,,,,0,,0, better than target,3,69,80,80,45003,Point,Point,Point,Point,Point,Point,Point,0,, worse than target,15.714285714,,0.571428571,8,8,100,Point,Point,Point,Point,80, worse than critical,40, worse than target,20,80,80,6900,14000,,,,7,7,7,,False,False,,,,11.428571429,0
?,False,3/25/2023,"March 25, 2023",2023 W12,,Maintenance,Eli Brown,3,grey,color,,Line 2,Total,Total,,True,False,,Challenging,0,100%,88%,100%,9.6%,0%,90%,61%,53%,0%,-06%,94.0%,,,,1,1, worse than target,( worse than target ),720,,, worse than critical,2.574468085,9,-6,0,-6,0.904255319,,,,0,,0, better than target,3,85,94,94,45003,Point,Point,Point,Point,Point,Point,Point,0,, worse than target,4.285714286,,0.671428571,8,8,100,Point,Point,Point,Point,94, worse than critical,40, worse than target,6.000000000,94,94,8500,14000,,,,7,7,7,,False,False,,,,13.428571429,0
?,False,3/26/2023,"March 26, 2023",2023 W12,,Other,Finn Sullivan,2,grey,color,,Line 2,Total,Total,,True,False,,Normal,0,100%,88%,0%,16.5%,0%,84%,51%,44%,0%,-15%,85.0%,,,,1,1, worse than target,( worse than target ),1120,,, worse than critical,9.470588235,14,-15,0,-15,0.835294118,,,,0,,0, better than target,3,71,85,85,45003,Point,Point,Point,Point,Point,Point,Point,0,, worse than target,14.285714286,,0.607142857,8,8,100,Point,Point,Point,Point,85, worse than critical,40, worse than target,15,85,85,7100,14000,,,,7,7,7,,False,False,,,,12.142857143,0
?,False,3/27/2023,"March 27, 2023",2023 W13,,Other,Finn Sullivan,8,grey,color,,Line 2,Total,Total,,True,False,,Challenging,0,100%,88%,100%,12.6%,0%,87%,54%,48%,0%,-13%,87.0%,,,,1,1, worse than target,( worse than target ),880,,, worse than critical,5.643678161,11,-13,0,-13,0.873563218,,,,0,,0, better than target,3,76,87,87,45010,Point,Point,Point,Point,Point,Point,Point,0,, worse than target,10.714285714,,0.621428571,8,8,100,Point,Point,Point,Point,87, worse than critical,40, worse than target,13,87,87,7600,14000,,,,7,7,7,,False,False,,,,12.428571429,0
?,False,3/28/2023,"March 28, 2023",2023 W13,,Material Shortage,Max Parker,4,grey,color,,Line 2,Total,Total,,True,False,,Normal,0,100%,88%,0%,15.0%,0%,85%,49%,43%,0%,-20%,80.0%,,,,1,1, worse than target,( worse than target ),960,,, worse than critical,8,12,-20,0,-20,0.85,,,,0,,0, better than target,3,68,80,80,45010,Point,Point,Point,Point,Point,Point,Point,0,, worse than target,16.428571429,,0.571428571,8,8,100,Point,Point,Point,Point,80, worse than critical,40, worse than target,20,80,80,6800,14000,,,,7,7,7,,False,False,,,,11.428571429,0
?,False,3/29/2023,"March 29, 2023",2023 W13,3/29/2023,Material Shortage,Ivy Anderson,1,grey,color,,Line 2,Total,Total,,True,True,,Normal,1,86%,75%,0%,7.3%,13%,93%,72%,63%,100%,+9.0%,109.0%,1,,,1,1, better than target,( better than target ),640,3040,3040, worse than critical,0.339449541,8,9,0,9,0.926605505,6,18.166666667,1,2200,2400,1, worse than critical,5.5,101,109,109,45010,Point,Point,Point,Point,Point,Point,Point,0,, better than target,7.142857143,0,0.908333333,7,8,100,Point,Point,Point,Point,109, better than target,40, better than target,9.000000000,109,109,10100,14000,7060,50%,1,6,7,7,,True,True,0,,,18.166666667,1
?,False,3/30/2023,"March 30, 2023",2023 W13,,Material Shortage,Eli Brown,4,grey,color,,Line 2,Total,Total,,True,False,,Challenging,0,100%,88%,100%,14.9%,0%,85%,57%,50%,0%,-06%,94.0%,,,,1,1, worse than target,( worse than target ),1120,,, worse than critical,7.893617021,14,-6,0,-6,0.851063830,,,,0,,0, better than target,3,80,94,94,45010,Point,Point,Point,Point,Point,Point,Point,0,, worse than target,7.857142857,,0.671428571,8,8,100,Point,Point,Point,Point,94, worse than critical,40, worse than target,6.000000000,94,94,8000,14000,,,,7,7,7,,False,False,,,,13.428571429,0
?,False,3/31/2023,"March 31, 2023",2023 W13,,Other,Max Parker,3,grey,color,,Line 2,Total,Total,,True,False,,Challenging,0,100%,88%,100%,7.1%,0%,93%,65%,57%,0%,-02%,98.0%,,,,1,1, worse than target,( worse than target ),560,,, worse than critical,0.142857143,7,-2,0,-2,0.928571429,,,,0,,0, better than target,3,91,98,98,45010,Point,Point,Point,Point,Point,Point,Point,0,, better than target,0,,0.7,8,8,100,Point,Point,Point,Point,98, worse than critical,40, worse than target,2,98,98,9100,14000,,,,7,7,7,,False,False,,,,14,0
?,False,4/1/2023,"April 1, 2023",2023 W13,4/1/2023,Other,Finn Sullivan,9,grey,color,,Line 2,Total,Total,,True,True,,Challenging,1,86%,75%,100%,9.3%,13%,91%,69%,61%,100%,+7.0%,107.0%,1,,,1,1, better than target,( better than target ),800,3200,3200, worse than critical,2.345794393,10,7,0,7,0.906542056,6,17.833333333,1,2200,2400,1, worse than critical,5.5,97,107,107,45010,Point,Point,Point,Point,Point,Point,Point,0,, better than target,4.285714286,1,0.891666667,7,8,100,Point,Point,Point,Point,107, better than target,40, better than target,7.000000000,107,107,9700,14000,6500,46%,0,6,7,7,,True,True,0,,,17.833333333,1
?,False,4/2/2023,"April 2, 2023",2023 W13,,Other,Eli Brown,6,grey,color,,Line 2,Total,Total,,True,False,,Challenging,0,100%,88%,100%,12.2%,0%,88%,51%,45%,0%,-18%,82.0%,,,,1,1, worse than target,( worse than target ),800,,, worse than critical,5.195121951,10,-18,0,-18,0.878048780,,,,0,,0, better than target,3,72,82,82,45010,Point,Point,Point,Point,Point,Point,Point,0,, worse than target,13.571428571,,0.585714286,8,8,100,Point,Point,Point,Point,82, worse than critical,40, worse than target,18,82,82,7200,14000,,,,7,7,7,,False,False,,,,11.714285714,0
?,False,4/3/2023,"April 3, 2023",2023 W14,,Tech Issue,Eli Brown,6,grey,color,,Line 2,Total,Total,,True,True,,Challenging,0,100%,88%,100%,7.5%,0%,92%,70%,61%,100%,+6.0%,106.0%,,,,1,1, better than target,( better than target ),640,,, worse than critical,0.547169811,8,6,0,6,0.924528302,,,,0,,0, better than target,3,98,106,106,45017,Point,Point,Point,Point,Point,Point,Point,0,, better than target,5.000000000,,0.757142857,8,8,100,Point,Point,Point,Point,106, better than target,40, better than target,6.000000000,106,106,9800,14000,,,,7,7,7,,True,True,,,,15.142857143,0
?,False,4/4/2023,"April 4, 2023",2023 W14,4/4/2023,Other,Finn Sullivan,4,grey,color,,Line 2,Total,Total,,True,False,,Challenging,1,71%,63%,100%,6.1%,25%,94%,66%,58%,0%,-01%,99.0%,1,,,1,1, worse than target,( worse than target ),480,4280,4280, worse than target,3.060606061,6,-1,0,-1,0.939393939,5,19.8,2,3400,3800,2, worse than critical,18,93,99,99,45017,Point,Point,Point,Point,Point,Point,Point,0,, better than target,1.428571429,2,0.99,6,8,100,Point,Point,Point,Point,99, worse than critical,40, worse than target,1,99,99,9300,14000,5020,36%,0,5,7,7,,False,False,0,,,19.8,2
?,False,4/5/2023,"April 5, 2023",2023 W14,4/5/2023,Tech Issue,Eli Brown,7,grey,color,,Line 2,Total,Total,,True,True,4/5/2023,Challenging,1,57%,50%,100%,12.0%,38%,88%,74%,64%,100%,+17.0%,117.0%,1,,1,1,1, better than target,( better than target ),1120,17720,17720, worse than critical,4.965811966,14,17,0,17,0.880341880,4,29.25,3,4600,16600,3, worse than critical,30.5,103,117,117,45017,Point,Point,Point,Point,Point,Point,Point,0,, better than target,8.571428571,0,1.4625,5,8,100,Point,Point,Point,Point,117, better than target,40, better than target,17,117,117,10300,14000,-7420,-53%,0,4,7,7,,True,True,3,3,,29.25,3
?,False,4/6/2023,"April 6, 2023",2023 W14,,Tech Issue,Luna Garcia,1,grey,color,,Line 2,Total,Total,,True,True,,Challenging,0,100%,88%,100%,11.5%,0%,88%,66%,58%,100%,+4.0%,104.0%,,,,1,1, better than target,( better than target ),960,,, worse than critical,4.538461538,12,4,0,4,0.884615385,,,,0,,0, better than target,3,92,104,104,45017,Point,Point,Point,Point,Point,Point,Point,0,, better than target,0.714285714,,0.742857143,8,8,100,Point,Point,Point,Point,104, better than target,40, better than target,4,104,104,9200,14000,,,,7,7,7,,True,True,,,,14.857142857,0
?,False,4/7/2023,"April 7, 2023",2023 W14,,Other,Zoe Martinez,7,grey,color,,Line 2,Total,Total,,True,True,,Challenging,0,100%,88%,100%,7.3%,0%,93%,73%,64%,100%,+10.0%,110.0%,,,,1,1, better than target,( better than target ),640,,, worse than critical,0.272727273,8,10,0,10,0.927272727,,,,0,,0, better than target,3,102,110,110,45017,Point,Point,Point,Point,Point,Point,Point,0,, better than target,7.857142857,,0.785714286,8,8,100,Point,Point,Point,Point,110, better than target,40, better than target,10,110,110,10200,14000,,,,7,7,7,,True,True,,,,15.714285714,0
?,False,4/8/2023,"April 8, 2023",2023 W14,,Tech Issue,Luna Garcia,1,grey,color,,Line 2,Total,Total,,True,True,,Challenging,0,100%,88%,100%,5.2%,0%,95%,79%,69%,100%,+16.0%,116.0%,,,,1,1, better than target,( better than target ),480,,, worse than target,2.172413793,6,16,0,16,0.948275862,,,,0,,0, better than target,3,110,116,116,45017,Point,Point,Point,Point,Point,Point,Point,0,, better than target,13.571428571,,0.828571429,8,8,100,Point,Point,Point,Point,116, better than target,40, better than target,16,116,116,11000,14000,,,,7,7,7,,True,True,,,,16.571428571,0
?,False,4/9/2023,"April 9, 2023",2023 W14,,Other,Luna Garcia,4,grey,color,,Line 2,Total,Total,,True,False,,Challenging,0,100%,88%,100%,12.8%,0%,87%,54%,47%,0%,-14%,86.0%,,,,1,1, worse than target,( worse than target ),880,,, worse than critical,5.790697674,11,-14,0,-14,0.872093023,,,,0,,0, better than target,3,75,86,86,45017,Point,Point,Point,Point,Point,Point,Point,0,, worse than target,11.428571429,,0.614285714,8,8,100,Point,Point,Point,Point,86, worse than critical,40, worse than target,14,86,86,7500,14000,,,,7,7,7,,False,False,,,,12.285714286,0
?,False,4/10/2023,"April 10, 2023",2023 W15,,Other,Max Parker,5,grey,color,,Line 2,Total,Total,,True,False,,Challenging,0,100%,88%,100%,8.7%,0%,91%,60%,53%,0%,-08%,92.0%,,,,1,1, worse than target,( worse than target ),640,,, worse than critical,1.695652174,8,-8,0,-8,0.913043478,,,,0,,0, better than target,3,84,92,92,45024,Point,Point,Point,Point,Point,Point,Point,0,, worse than target,5,,0.657142857,8,8,100,Point,Point,Point,Point,92, worse than critical,40, worse than target,8,92,92,8400,14000,,,,7,7,7,,False,False,,,,13.142857143,0
?,False,4/11/2023,"April 11, 2023",2023 W15,,Tech Issue,Ava White,4,grey,color,,Line 2,Total,Total,,True,False,,Challenging,0,100%,88%,100%,13.6%,0%,86%,54%,48%,0%,-12%,88.0%,,,,1,1, worse than target,( worse than target ),960,,, worse than critical,6.636363636,12,-12,0,-12,0.863636364,,,,0,,0, better than target,3,76,88,88,45024,Point,Point,Point,Point,Point,Point,Point,0,, worse than target,10.714285714,,0.628571429,8,8,100,Point,Point,Point,Point,88, worse than critical,40, worse than target,12,88,88,7600,14000,,,,7,7,7,,False,False,,,,12.571428571,0
?,False,4/12/2023,"April 12, 2023",2023 W15,,Tech Issue,Owen Taylor,1,grey,color,,Line 2,Total,Total,,True,False,,Normal,0,100%,88%,0%,8.6%,0%,91%,61%,53%,0%,-07%,93.0%,,,,1,1, worse than target,( worse than target ),640,,, worse than critical,1.602150538,8,-7,0,-7,0.913978495,,,,0,,0, better than target,3,85,93,93,45024,Point,Point,Point,Point,Point,Point,Point,0,, worse than target,4.285714286,,0.664285714,8,8,100,Point,Point,Point,Point,93, worse than critical,40, worse than target,7.000000000,93,93,8500,14000,,,,7,7,7,,False,False,,,,13.285714286,0
?,False,4/13/2023,"April 13, 2023",2023 W15,,Other,Ava White,7,grey,color,,Line 2,Total,Total,,True,True,,Normal,0,100%,88%,0%,8.5%,0%,92%,69%,61%,100%,+6.0%,106.0%,,,,1,1, better than target,( better than target ),720,,, worse than critical,1.490566038,9,6,0,6,0.915094340,,,,0,,0, better than target,3,97,106,106,45024,Point,Point,Point,Point,Point,Point,Point,0,, better than target,4.285714286,,0.757142857,8,8,100,Point,Point,Point,Point,106, better than target,40, better than target,6.000000000,106,106,9700,14000,,,,7,7,7,,True,True,,,,15.142857143,0
?,False,4/14/2023,"April 14, 2023",2023 W15,4/14/2023,Tech Issue,Luna Garcia,2,grey,color,,Line 2,Total,Total,,True,True,4/14/2023,Challenging,1,71%,63%,100%,5.2%,25%,95%,79%,69%,100%,+16.0%,116.0%,1,,1,1,1, better than target,( better than target ),480,11880,11880, worse than target,2.172413793,6,16,0,16,0.948275862,5,23.2,2,3400,11400,2, worse than critical,18,110,116,116,45024,Point,Point,Point,Point,Point,Point,Point,0,, better than target,13.571428571,0,1.16,6,8,100,Point,Point,Point,Point,116, better than target,40, better than target,16,116,116,11000,14000,-880,-6%,0,5,7,7,,True,True,2,2,,23.2,2
?,False,4/15/2023,"April 15, 2023",2023 W15,,Maintenance,Mia Smith,1,grey,color,,Line 2,Total,Total,,True,False,,Challenging,0,100%,88%,100%,9.8%,0%,90%,53%,46%,0%,-18%,82.0%,,,,1,1, worse than target,( worse than target ),640,,, worse than critical,2.756097561,8,-18,0,-18,0.902439024,,,,0,,0, better than target,3,74,82,82,45024,Point,Point,Point,Point,Point,Point,Point,0,, worse than target,12.142857143,,0.585714286,8,8,100,Point,Point,Point,Point,82, worse than critical,40, worse than target,18,82,82,7400,14000,,,,7,7,7,,False,False,,,,11.714285714,0
?,False,4/16/2023,"April 16, 2023",2023 W15,4/16/2023,Maintenance,Leo Johnson,7,grey,color,4/16/2023,Line 2,Total,Total,,True,True,,Normal,1,100%,50%,0%,5.8%,38%,94%,121%,61%,100%,+3.0%,103.0%,1,1,,1,1, better than target,( better than target ),480,11080,11080, worse than target,2.825242718,6,3,0,3,0.941747573,4,25.75,3,4600,10600,3, worse than critical,30.5,97,103,103,45024,Point,Point,Point,Point,Point,Point,Point,3,3, better than target,56.25,0,1.2875,5,8,100,Point,Point,Point,Point,103, better than target,40, better than target,3,103,103,9700,14000,-1380,-10%,0,4,7,4,4,True,True,0,,25,25.75,0
?,False,4/17/2023,"April 17, 2023",2023 W16,,Tech Issue,Mia Smith,3,grey,color,,Line 2,Total,Total,,True,False,,Normal,0,100%,88%,0%,8.3%,0%,92%,55%,48%,0%,-16%,84.0%,,,,1,1, worse than target,( worse than target ),560,,, worse than critical,1.333333333,7,-16,0,-16,0.916666667,,,,0,,0, better than target,3,77,84,84,45031,Point,Point,Point,Point,Point,Point,Point,0,, worse than target,10,,0.6,8,8,100,Point,Point,Point,Point,84, worse than critical,40, worse than target,16,84,84,7700,14000,,,,7,7,7,,False,False,,,,12,0
?,False,4/18/2023,"April 18, 2023",2023 W16,,Tech Issue,Owen Taylor,7,grey,color,,Line 2,Total,Total,,True,False,,Normal,0,100%,88%,0%,8.2%,0%,92%,64%,56%,0%,-03%,97.0%,,,,1,1, worse than target,( worse than target ),640,,, worse than critical,1.247422680,8,-3,0,-3,0.917525773,,,,0,,0, better than target,3,89,97,97,45031,Point,Point,Point,Point,Point,Point,Point,0,, worse than target,1.428571429,,0.692857143,8,8,100,Point,Point,Point,Point,97, worse than critical,40, worse than target,3,97,97,8900,14000,,,,7,7,7,,False,False,,,,13.857142857,0
?,False,4/19/2023,"April 19, 2023",2023 W16,,Tech Issue,Eli Brown,8,grey,color,,Line 2,Total,Total,,True,True,,Normal,0,100%,88%,0%,11.5%,0%,88%,71%,63%,100%,+13.0%,113.0%,,,,1,1, better than target,( better than target ),1040,,, worse than critical,4.504424779,13,13,0,13,0.884955752,,,,0,,0, better than target,3,100,113,113,45031,Point,Point,Point,Point,Point,Point,Point,0,, better than target,6.428571429,,0.807142857,8,8,100,Point,Point,Point,Point,113, better than target,40, better than target,13,113,113,10000,14000,,,,7,7,7,,True,True,,,,16.142857143,0
?,False,4/20/2023,"April 20, 2023",2023 W16,,Maintenance,Finn Sullivan,5,grey,color,,Line 2,Total,Total,,True,True,,Challenging,0,100%,88%,100%,9.2%,0%,91%,71%,62%,100%,+9.0%,109.0%,,,,1,1, better than target,( better than target ),800,,, worse than critical,2.174311927,10,9,0,9,0.908256881,,,,0,,0, better than target,3,99,109,109,45031,Point,Point,Point,Point,Point,Point,Point,0,, better than target,5.714285714,,0.778571429,8,8,100,Point,Point,Point,Point,109, better than target,40, better than target,9.000000000,109,109,9900,14000,,,,7,7,7,,True,True,,,,15.571428571,0
?,False,4/21/2023,"April 21, 2023",2023 W16,,Tech Issue,Ava White,1,grey,color,,Line 2,Total,Total,,True,True,,Challenging,0,100%,88%,100%,11.5%,0%,88%,71%,63%,100%,+13.0%,113.0%,,,,1,1, better than target,( better than target ),1040,,, worse than critical,4.504424779,13,13,0,13,0.884955752,,,,0,,0, better than target,3,100,113,113,45031,Point,Point,Point,Point,Point,Point,Point,0,, better than target,6.428571429,,0.807142857,8,8,100,Point,Point,Point,Point,113, better than target,40, better than target,13,113,113,10000,14000,,,,7,7,7,,True,True,,,,16.142857143,0
?,False,4/22/2023,"April 22, 2023",2023 W16,,Maintenance,Zoe Martinez,6,grey,color,,Line 2,Total,Total,,True,False,,Challenging,0,100%,88%,100%,5.3%,0%,95%,64%,56%,0%,-06%,94.0%,,,,1,1, worse than target,( worse than target ),400,,, worse than target,2.319148936,5,-6,0,-6,0.946808511,,,,0,,0, better than target,3,89,94,94,45031,Point,Point,Point,Point,Point,Point,Point,0,, worse than target,1.428571429,,0.671428571,8,8,100,Point,Point,Point,Point,94, worse than critical,40, worse than target,6.000000000,94,94,8900,14000,,,,7,7,7,,False,False,,,,13.428571429,0
?,False,4/23/2023,"April 23, 2023",2023 W16,,Material Shortage,Luna Garcia,6,grey,color,,Line 2,Total,Total,,True,False,,Challenging,0,100%,88%,100%,6.6%,0%,93%,61%,53%,0%,-09%,91.0%,,,,1,1, worse than target,( worse than target ),480,,, worse than target,3.593406593,6,-9,0,-9,0.934065934,,,,0,,0, better than target,3,85,91,91,45031,Point,Point,Point,Point,Point,Point,Point,0,, worse than target,4.285714286,,0.65,8,8,100,Point,Point,Point,Point,91, worse than critical,40, worse than target,9,91,91,8500,14000,,,,7,7,7,,False,False,,,,13,0
?,False,4/24/2023,"April 24, 2023",2023 W17,,Maintenance,Leo Johnson,4,grey,color,,Line 2,Total,Total,,True,True,,Challenging,0,100%,88%,100%,5.3%,0%,95%,76%,67%,100%,+13.0%,113.0%,,,,1,1, better than target,( better than target ),480,,, worse than target,2.309734513,6,13,0,13,0.946902655,,,,0,,0, better than target,3,107,113,113,45038,Point,Point,Point,Point,Point,Point,Point,0,, better than target,11.428571429,,0.807142857,8,8,100,Point,Point,Point,Point,113, better than target,40, better than target,13,113,113,10700,14000,,,,7,7,7,,True,True,,,,16.142857143,0
?,False,4/25/2023,"April 25, 2023",2023 W17,,Tech Issue,Mia Smith,6,grey,color,,Line 2,Total,Total,,True,True,,Challenging,0,100%,88%,100%,12.5%,0%,88%,65%,57%,100%,+4.0%,104.0%,,,,1,1, better than target,( better than target ),1040,,, worse than critical,5.5,13,4,0,4,0.875,,,,0,,0, better than target,3,91,104,104,45038,Point,Point,Point,Point,Point,Point,Point,0,, better than target,0,,0.742857143,8,8,100,Point,Point,Point,Point,104, better than target,40, better than target,4,104,104,9100,14000,,,,7,7,7,,True,True,,,,14.857142857,0
?,False,4/26/2023,"April 26, 2023",2023 W17,,Other,Ava White,5,grey,color,,Line 2,Total,Total,,True,False,,Normal,0,100%,88%,0%,8.7%,0%,91%,60%,53%,0%,-08%,92.0%,,,,1,1, worse than target,( worse than target ),640,,, worse than critical,1.695652174,8,-8,0,-8,0.913043478,,,,0,,0, better than target,3,84,92,92,45038,Point,Point,Point,Point,Point,Point,Point,0,, worse than target,5,,0.657142857,8,8,100,Point,Point,Point,Point,92, worse than critical,40, worse than target,8,92,92,8400,14000,,,,7,7,7,,False,False,,,,13.142857143,0
?,False,4/27/2023,"April 27, 2023",2023 W17,4/27/2023,Tech Issue,Zoe Martinez,6,grey,color,,Line 2,Total,Total,,True,False,4/27/2023,Challenging,1,71%,63%,100%,12.8%,25%,87%,59%,51%,0%,-06%,94.0%,1,,1,1,1, worse than target,( worse than target ),960,12360,12360, worse than critical,5.765957447,12,-6,0,-6,0.872340426,5,18.8,2,3400,11400,2, worse than critical,18,82,94,94,45038,Point,Point,Point,Point,Point,Point,Point,0,, worse than target,6.428571429,0,0.94,6,8,100,Point,Point,Point,Point,94, worse than critical,40, worse than target,6.000000000,94,94,8200,14000,-4160,-30%,0,5,7,7,,False,False,2,2,,18.8,2
?,False,4/28/2023,"April 28, 2023",2023 W17,,Tech Issue,Mia Smith,8,grey,color,,Line 2,Total,Total,,True,False,,Normal,0,100%,88%,0%,11.1%,0%,89%,63%,55%,0%,-01%,99.0%,,,,1,1, worse than target,( worse than target ),880,,, worse than critical,4.111111111,11,-1,0,-1,0.888888889,,,,0,,0, better than target,3,88,99,99,45038,Point,Point,Point,Point,Point,Point,Point,0,, worse than target,2.142857143,,0.707142857,8,8,100,Point,Point,Point,Point,99, worse than critical,40, worse than target,1,99,99,8800,14000,,,,7,7,7,,False,False,,,,14.142857143,0
?,False,4/29/2023,"April 29, 2023",2023 W17,,Maintenance,Zoe Martinez,6,grey,color,,Line 2,Total,Total,,True,False,,Normal,0,100%,88%,0%,13.3%,0%,87%,61%,53%,0%,-02%,98.0%,,,,1,1, worse than target,( worse than target ),1040,,, worse than critical,6.265306122,13,-2,0,-2,0.867346939,,,,0,,0, better than target,3,85,98,98,45038,Point,Point,Point,Point,Point,Point,Point,0,, worse than target,4.285714286,,0.7,8,8,100,Point,Point,Point,Point,98, worse than critical,40, worse than target,2,98,98,8500,14000,,,,7,7,7,,False,False,,,,14,0
?,False,4/30/2023,"April 30, 2023",2023 W17,,Material Shortage,Zoe Martinez,2,grey,color,,Line 2,Total,Total,,True,True,,Normal,0,100%,88%,0%,6.5%,0%,94%,72%,63%,100%,+8.0%,108.0%,,,,1,1, better than target,( better than target ),560,,, worse than target,3.481481481,7,8,0,8,0.935185185,,,,0,,0, better than target,3,101,108,108,45038,Point,Point,Point,Point,Point,Point,Point,0,, better than target,7.142857143,,0.771428571,8,8,100,Point,Point,Point,Point,108, better than target,40, better than target,8.000000000,108,108,10100,14000,,,,7,7,7,,True,True,,,,15.428571429,0
?,False,5/1/2023,"May 1, 2023",2023 W18,5/1/2023,Material Shortage,Owen Taylor,8,grey,color,,Line 2,Total,Total,,True,True,,Normal,1,57%,50%,0%,5.4%,38%,95%,75%,66%,100%,+11.0%,111.0%,1,,,1,1, better than target,( better than target ),480,5680,5680, worse than target,2.405405405,6,11,0,11,0.945945946,4,27.75,3,4600,5200,3, worse than critical,30.5,105,111,111,45045,Point,Point,Point,Point,Point,Point,Point,0,, better than target,10.000000000,0,1.3875,5,8,100,Point,Point,Point,Point,111, better than target,40, better than target,11,111,111,10500,14000,4820,34%,3,4,7,7,,True,True,0,,,27.75,3
?,False,5/2/2023,"May 2, 2023",2023 W18,,Material Shortage,Luna Garcia,8,grey,color,,Line 2,Total,Total,,True,False,,Challenging,0,100%,88%,100%,11.5%,0%,89%,55%,48%,0%,-13%,87.0%,,,,1,1, worse than target,( worse than target ),800,,, worse than critical,4.494252874,10,-13,0,-13,0.885057471,,,,0,,0, better than target,3,77,87,87,45045,Point,Point,Point,Point,Point,Point,Point,0,, worse than target,10,,0.621428571,8,8,100,Point,Point,Point,Point,87, worse than critical,40, worse than target,13,87,87,7700,14000,,,,7,7,7,,False,False,,,,12.428571429,0
?,False,5/3/2023,"May 3, 2023",2023 W18,5/3/2023,Material Shortage,Ivy Anderson,8,grey,color,,Line 2,Total,Total,,True,True,,Challenging,1,71%,63%,100%,5.3%,25%,95%,76%,67%,100%,+13.0%,113.0%,1,,,1,1, better than target,( better than target ),480,4280,4280, worse than target,2.309734513,6,13,0,13,0.946902655,5,22.6,2,3400,3800,2, worse than critical,18,107,113,113,45045,Point,Point,Point,Point,Point,Point,Point,0,, better than target,11.428571429,0,1.13,6,8,100,Point,Point,Point,Point,113, better than target,40, better than target,13,113,113,10700,14000,6420,46%,2,5,7,7,,True,True,0,,,22.6,2
?,False,5/4/2023,"May 4, 2023",2023 W18,,Tech Issue,Owen Taylor,1,grey,color,,Line 2,Total,Total,,True,True,,Normal,0,100%,88%,0%,11.0%,0%,89%,64%,56%,100%,+0.0%,100.0%,,,,1,1, better than target,( better than target ),880,,, worse than critical,4,11,0,0,0,0.89,,,,0,,0, better than target,3,89,100,100,45045,Point,Point,Point,Point,Point,Point,Point,0,, worse than target,1.428571429,,0.714285714,8,8,100,Point,Point,Point,Point,100, better than target,40, better than target,0,100,100,8900,14000,,,,7,7,7,,True,True,,,,14.285714286,0
?,False,5/5/2023,"May 5, 2023",2023 W18,,Material Shortage,Mia Smith,1,grey,color,,Line 2,Total,Total,,True,True,,Challenging,0,100%,88%,100%,5.0%,0%,95%,68%,59%,100%,+0.0%,100.0%,,,,1,1, better than target,( better than target ),400,,, worse than target,2,5,0,0,0,0.95,,,,0,,0, better than target,3,95,100,100,45045,Point,Point,Point,Point,Point,Point,Point,0,, better than target,2.857142857,,0.714285714,8,8,100,Point,Point,Point,Point,100, better than target,40, better than target,0,100,100,9500,14000,,,,7,7,7,,True,True,,,,14.285714286,0
?,False,5/6/2023,"May 6, 2023",2023 W18,,Other,Luna Garcia,9,grey,color,,Line 2,Total,Total,,True,False,,Normal,0,100%,88%,0%,13.1%,0%,87%,52%,46%,0%,-16%,84.0%,,,,1,1, worse than target,( worse than target ),880,,, worse than critical,6.095238095,11,-16,0,-16,0.869047619,,,,0,,0, better than target,3,73,84,84,45045,Point,Point,Point,Point,Point,Point,Point,0,, worse than target,12.857142857,,0.6,8,8,100,Point,Point,Point,Point,84, worse than critical,40, worse than target,16,84,84,7300,14000,,,,7,7,7,,False,False,,,,12,0
?,False,5/7/2023,"May 7, 2023",2023 W18,,Tech Issue,Eli Brown,7,grey,color,,Line 2,Total,Total,,True,True,,Challenging,0,100%,88%,100%,4.7%,0%,95%,72%,63%,100%,+6.0%,106.0%,,,,1,1, better than target,( better than target ),400,,, worse than target,1.716981132,5,6,0,6,0.952830189,,,,0,,0, better than target,3,101,106,106,45045,Point,Point,Point,Point,Point,Point,Point,0,, better than target,7.142857143,,0.757142857,8,8,100,Point,Point,Point,Point,106, better than target,40, better than target,6.000000000,106,106,10100,14000,,,,7,7,7,,True,True,,,,15.142857143,0
?,False,5/8/2023,"May 8, 2023",2023 W19,,Tech Issue,Ivy Anderson,8,grey,color,,Line 2,Total,Total,,True,True,,Challenging,0,100%,88%,100%,13.0%,0%,87%,62%,54%,100%,+0.0%,100.0%,,,,1,1, better than target,( better than target ),1040,,, worse than critical,6,13,0,0,0,0.87,,,,0,,0, better than target,3,87,100,100,45052,Point,Point,Point,Point,Point,Point,Point,0,, worse than target,2.857142857,,0.714285714,8,8,100,Point,Point,Point,Point,100, better than target,40, better than target,0,100,100,8700,14000,,,,7,7,7,,True,True,,,,14.285714286,0
?,False,5/9/2023,"May 9, 2023",2023 W19,,Tech Issue,Ava White,6,grey,color,,Line 2,Total,Total,,True,True,,Normal,0,100%,88%,0%,10.6%,0%,89%,72%,63%,100%,+13.0%,113.0%,,,,1,1, better than target,( better than target ),960,,, worse than critical,3.619469027,12,13,0,13,0.893805310,,,,0,,0, better than target,3,101,113,113,45052,Point,Point,Point,Point,Point,Point,Point,0,, better than target,7.142857143,,0.807142857,8,8,100,Point,Point,Point,Point,113, better than target,40, better than target,13,113,113,10100,14000,,,,7,7,7,,True,True,,,,16.142857143,0
?,False,5/10/2023,"May 10, 2023",2023 W19,5/10/2023,Maintenance,Mia Smith,1,grey,color,5/10/2023,Line 2,Total,Total,,True,False,,Normal,1,100%,63%,0%,15.4%,25%,85%,77%,48%,0%,-09%,91.0%,1,1,,1,1, worse than target,( worse than target ),1120,8520,8520, worse than critical,8.384615385,14,-9,0,-9,0.846153846,5,18.2,2,3400,7400,2, worse than critical,18,77,91,91,45052,Point,Point,Point,Point,Point,Point,Point,2,2, better than target,12,0,0.91,6,8,100,Point,Point,Point,Point,91, worse than critical,40, worse than target,9,91,91,7700,14000,-820,-6%,0,5,7,5,5,False,False,0,,20,18.2,0
?,False,5/11/2023,"May 11, 2023",2023 W19,,Tech Issue,Ava White,6,grey,color,,Line 2,Total,Total,,True,True,,Normal,0,100%,88%,0%,7.9%,0%,92%,66%,58%,100%,+1.0%,101.0%,,,,1,1, better than target,( better than target ),640,,, worse than critical,0.920792079,8,1,0,1,0.920792079,,,,0,,0, better than target,3,93,101,101,45052,Point,Point,Point,Point,Point,Point,Point,0,, better than target,1.428571429,,0.721428571,8,8,100,Point,Point,Point,Point,101, better than target,40, better than target,1,101,101,9300,14000,,,,7,7,7,,True,True,,,,14.428571429,0
?,False,5/12/2023,"May 12, 2023",2023 W19,,Maintenance,Max Parker,6,grey,color,,Line 2,Total,Total,,True,True,,Normal,0,100%,88%,0%,6.0%,0%,94%,67%,59%,100%,+0.0%,100.0%,,,,1,1, better than target,( better than target ),480,,, worse than target,3,6,0,0,0,0.94,,,,0,,0, better than target,3,94,100,100,45052,Point,Point,Point,Point,Point,Point,Point,0,, better than target,2.142857143,,0.714285714,8,8,100,Point,Point,Point,Point,100, better than target,40, better than target,0,100,100,9400,14000,,,,7,7,7,,True,True,,,,14.285714286,0
?,False,5/13/2023,"May 13, 2023",2023 W19,,Material Shortage,Ivy Anderson,8,grey,color,,Line 2,Total,Total,,True,False,,Normal,0,100%,88%,0%,7.6%,0%,92%,61%,53%,0%,-08%,92.0%,,,,1,1, worse than target,( worse than target ),560,,, worse than critical,0.608695652,7,-8,0,-8,0.923913043,,,,0,,0, better than target,3,85,92,92,45052,Point,Point,Point,Point,Point,Point,Point,0,, worse than target,4.285714286,,0.657142857,8,8,100,Point,Point,Point,Point,92, worse than critical,40, worse than target,8,92,92,8500,14000,,,,7,7,7,,False,False,,,,13.142857143,0
?,False,5/14/2023,"May 14, 2023",2023 W19,,Material Shortage,Finn Sullivan,8,grey,color,,Line 2,Total,Total,,True,False,,Challenging,0,100%,88%,100%,9.1%,0%,91%,64%,56%,0%,-01%,99.0%,,,,1,1, worse than target,( worse than target ),720,,, worse than critical,2.090909091,9,-1,0,-1,0.909090909,,,,0,,0, better than target,3,90,99,99,45052,Point,Point,Point,Point,Point,Point,Point,0,, worse than target,0.714285714,,0.707142857,8,8,100,Point,Point,Point,Point,99, worse than critical,40, worse than target,1,99,99,9000,14000,,,,7,7,7,,False,False,,,,14.142857143,0
?,False,5/15/2023,"May 15, 2023",2023 W20,,Material Shortage,Finn Sullivan,8,grey,color,,Line 2,Total,Total,,True,True,,Challenging,0,100%,88%,100%,11.9%,0%,88%,64%,56%,100%,+1.0%,101.0%,,,,1,1, better than target,( better than target ),960,,, worse than critical,4.881188119,12,1,0,1,0.881188119,,,,0,,0, better than target,3,89,101,101,45059,Point,Point,Point,Point,Point,Point,Point,0,, worse than target,1.428571429,,0.721428571,8,8,100,Point,Point,Point,Point,101, better than target,40, better than target,1,101,101,8900,14000,,,,7,7,7,,True,True,,,,14.428571429,0
?,False,5/16/2023,"May 16, 2023",2023 W20,5/16/2023,Maintenance,Zoe Martinez,8,grey,color,5/16/2023,Line 2,Total,Total,,True,True,,Challenging,1,100%,63%,100%,10.5%,25%,89%,102%,64%,100%,+14.0%,114.0%,1,1,,1,1, better than target,( better than target ),960,8360,8360, worse than critical,3.526315789,12,14,0,14,0.894736842,5,22.8,2,3400,7400,2, worse than critical,18,102,114,114,45059,Point,Point,Point,Point,Point,Point,Point,2,2, better than target,37,0,1.14,6,8,100,Point,Point,Point,Point,114, better than target,40, better than target,14,114,114,10200,14000,1840,13%,0,5,7,5,5,True,True,0,,20,22.8,0
?,False,5/17/2023,"May 17, 2023",2023 W20,,Tech Issue,Leo Johnson,3,grey,color,,Line 2,Total,Total,,True,True,,Normal,0,100%,88%,0%,11.6%,0%,88%,71%,62%,100%,+12.0%,112.0%,,,,1,1, better than target,( better than target ),1040,,, worse than critical,4.607142857,13,12,0,12,0.883928571,,,,0,,0, better than target,3,99,112,112,45059,Point,Point,Point,Point,Point,Point,Point,0,, better than target,5.714285714,,0.8,8,8,100,Point,Point,Point,Point,112, better than target,40, better than target,12,112,112,9900,14000,,,,7,7,7,,True,True,,,,16,0
?,False,5/18/2023,"May 18, 2023",2023 W20,,Tech Issue,Finn Sullivan,4,grey,color,,Line 2,Total,Total,,True,False,,Challenging,0,100%,88%,100%,9.4%,0%,91%,62%,54%,0%,-04%,96.0%,,,,1,1, worse than target,( worse than target ),720,,, worse than critical,2.375,9,-4,0,-4,0.90625,,,,0,,0, better than target,3,87,96,96,45059,Point,Point,Point,Point,Point,Point,Point,0,, worse than target,2.857142857,,0.685714286,8,8,100,Point,Point,Point,Point,96, worse than critical,40, worse than target,4,96,96,8700,14000,,,,7,7,7,,False,False,,,,13.714285714,0
?,False,5/19/2023,"May 19, 2023",2023 W20,,Other,Mia Smith,4,grey,color,,Line 2,Total,Total,,True,True,,Challenging,0,100%,88%,100%,8.0%,0%,92%,74%,65%,100%,+13.0%,113.0%,,,,1,1, better than target,( better than target ),720,,, worse than critical,0.964601770,9,13,0,13,0.920353982,,,,0,,0, better than target,3,104,113,113,45059,Point,Point,Point,Point,Point,Point,Point,0,, better than target,9.285714286,,0.807142857,8,8,100,Point,Point,Point,Point,113, better than target,40, better than target,13,113,113,10400,14000,,,,7,7,7,,True,True,,,,16.142857143,0
?,False,5/20/2023,"May 20, 2023",2023 W20,,Other,Ivy Anderson,4,grey,color,,Line 2,Total,Total,,True,True,,Challenging,0,100%,88%,100%,5.5%,0%,95%,74%,65%,100%,+10.0%,110.0%,,,,1,1, better than target,( better than target ),480,,, worse than target,2.454545455,6,10,0,10,0.945454545,,,,0,,0, better than target,3,104,110,110,45059,Point,Point,Point,Point,Point,Point,Point,0,, better than target,9.285714286,,0.785714286,8,8,100,Point,Point,Point,Point,110, better than target,40, better than target,10,110,110,10400,14000,,,,7,7,7,,True,True,,,,15.714285714,0
?,False,5/21/2023,"May 21, 2023",2023 W20,,Tech Issue,Mia Smith,8,grey,color,,Line 2,Total,Total,,True,False,,Normal,0,100%,88%,0%,7.1%,0%,93%,56%,49%,0%,-16%,84.0%,,,,1,1, worse than target,( worse than target ),480,,, worse than critical,0.142857143,6,-16,0,-16,0.928571429,,,,0,,0, better than target,3,78,84,84,45059,Point,Point,Point,Point,Point,Point,Point,0,, worse than target,9.285714286,,0.6,8,8,100,Point,Point,Point,Point,84, worse than critical,40, worse than target,16,84,84,7800,14000,,,,7,7,7,,False,False,,,,12,0
?,False,5/22/2023,"May 22, 2023",2023 W21,5/22/2023,Tech Issue,Max Parker,6,grey,color,,Line 2,Total,Total,,True,False,5/22/2023,Challenging,1,71%,63%,100%,8.3%,25%,92%,55%,48%,0%,-16%,84.0%,1,,1,1,1, worse than target,( worse than target ),560,11960,11960, worse than critical,1.333333333,7,-16,0,-16,0.916666667,5,16.8,2,3400,11400,2, worse than critical,18,77,84,84,45066,Point,Point,Point,Point,Point,Point,Point,0,, worse than target,10,0,0.84,6,8,100,Point,Point,Point,Point,84, worse than critical,40, worse than target,16,84,84,7700,14000,-4260,-30%,0,5,7,7,,False,False,2,2,,16.8,2
?,False,5/23/2023,"May 23, 2023",2023 W21,,Maintenance,Ivy Anderson,8,grey,color,,Line 2,Total,Total,,True,False,,Normal,0,100%,88%,0%,10.0%,0%,90%,58%,51%,0%,-10%,90.0%,,,,1,1, worse than target,( worse than target ),720,,, worse than critical,3,9,-10,0,-10,0.9,,,,0,,0, better than target,3,81,90,90,45066,Point,Point,Point,Point,Point,Point,Point,0,, worse than target,7.142857143,,0.642857143,8,8,100,Point,Point,Point,Point,90, worse than critical,40, worse than target,10,90,90,8100,14000,,,,7,7,7,,False,False,,,,12.857142857,0
?,False,5/24/2023,"May 24, 2023",2023 W21,,Other,Eli Brown,6,grey,color,,Line 2,Total,Total,,True,False,,Normal,0,100%,88%,0%,8.4%,0%,92%,62%,54%,0%,-05%,95.0%,,,,1,1, worse than target,( worse than target ),640,,, worse than critical,1.421052632,8,-5,0,-5,0.915789474,,,,0,,0, better than target,3,87,95,95,45066,Point,Point,Point,Point,Point,Point,Point,0,, worse than target,2.857142857,,0.678571429,8,8,100,Point,Point,Point,Point,95, worse than critical,40, worse than target,5,95,95,8700,14000,,,,7,7,7,,False,False,,,,13.571428571,0
?,False,5/25/2023,"May 25, 2023",2023 W21,,Tech Issue,Mia Smith,5,grey,color,,Line 2,Total,Total,,True,True,,Normal,0,100%,88%,0%,7.8%,0%,92%,76%,67%,100%,+16.0%,116.0%,,,,1,1, better than target,( better than target ),720,,, worse than critical,0.758620690,9,16,0,16,0.922413793,,,,0,,0, better than target,3,107,116,116,45066,Point,Point,Point,Point,Point,Point,Point,0,, better than target,11.428571429,,0.828571429,8,8,100,Point,Point,Point,Point,116, better than target,40, better than target,16,116,116,10700,14000,,,,7,7,7,,True,True,,,,16.571428571,0
?,False,5/26/2023,"May 26, 2023",2023 W21,,Tech Issue,Finn Sullivan,2,grey,color,,Line 2,Total,Total,,True,False,,Normal,0,100%,88%,0%,14.4%,0%,86%,55%,48%,0%,-10%,90.0%,,,,1,1, worse than target,( worse than target ),1040,,, worse than critical,7.444444444,13,-10,0,-10,0.855555556,,,,0,,0, better than target,3,77,90,90,45066,Point,Point,Point,Point,Point,Point,Point,0,, worse than target,10,,0.642857143,8,8,100,Point,Point,Point,Point,90, worse than critical,40, worse than target,10,90,90,7700,14000,,,,7,7,7,,False,False,,,,12.857142857,0
?,False,5/27/2023,"May 27, 2023",2023 W21,5/27/2023,Maintenance,Ava White,6,grey,color,5/27/2023,Line 2,Total,Total,,True,True,,Challenging,1,100%,75%,100%,8.8%,13%,91%,87%,65%,100%,+14.0%,114.0%,1,1,,1,1, better than target,( better than target ),800,5000,5000, worse than critical,1.771929825,10,14,0,14,0.912280702,6,19,1,2200,4200,1, worse than critical,5.5,104,114,114,45066,Point,Point,Point,Point,Point,Point,Point,1,1, better than target,21.666666667,0,0.95,7,8,100,Point,Point,Point,Point,114, better than target,40, better than target,14,114,114,10400,14000,5400,39%,0,6,7,6,6,True,True,0,,16.666666667,19,0
?,False,5/28/2023,"May 28, 2023",2023 W21,5/28/2023,Other,Eli Brown,1,grey,color,,Line 2,Total,Total,,True,False,,Challenging,1,86%,75%,100%,8.6%,13%,91%,61%,53%,0%,-07%,93.0%,1,,,1,1, worse than target,( worse than target ),640,3040,3040, worse than critical,1.602150538,8,-7,0,-7,0.913978495,6,15.5,1,2200,2400,1, worse than critical,5.5,85,93,93,45066,Point,Point,Point,Point,Point,Point,Point,0,, worse than target,4.285714286,1,0.775,7,8,100,Point,Point,Point,Point,93, worse than critical,40, worse than target,7.000000000,93,93,8500,14000,5460,39%,0,6,7,7,,False,False,0,,,15.5,1
?,False,5/29/2023,"May 29, 2023",2023 W22,,Other,Ivy Anderson,7,grey,color,,Line 2,Total,Total,,True,False,,Challenging,0,100%,88%,100%,11.2%,0%,89%,62%,54%,0%,-02%,98.0%,,,,1,1, worse than target,( worse than target ),880,,, worse than critical,4.224489796,11,-2,0,-2,0.887755102,,,,0,,0, better than target,3,87,98,98,45073,Point,Point,Point,Point,Point,Point,Point,0,, worse than target,2.857142857,,0.7,8,8,100,Point,Point,Point,Point,98, worse than critical,40, worse than target,2,98,98,8700,14000,,,,7,7,7,,False,False,,,,14,0
?,False,5/30/2023,"May 30, 2023",2023 W22,,Other,Ivy Anderson,5,grey,color,,Line 2,Total,Total,,True,False,,Challenging,0,100%,88%,100%,11.0%,0%,89%,58%,51%,0%,-09%,91.0%,,,,1,1, worse than target,( worse than target ),800,,, worse than critical,3.989010989,10,-9,0,-9,0.890109890,,,,0,,0, better than target,3,81,91,91,45073,Point,Point,Point,Point,Point,Point,Point,0,, worse than target,7.142857143,,0.65,8,8,100,Point,Point,Point,Point,91, worse than critical,40, worse than target,9,91,91,8100,14000,,,,7,7,7,,False,False,,,,13,0
?,False,5/31/2023,"May 31, 2023",2023 W22,,Material Shortage,Zoe Martinez,2,grey,color,,Line 2,Total,Total,,True,True,,Challenging,0,100%,88%,100%,6.0%,0%,94%,78%,68%,100%,+16.0%,116.0%,,,,1,1, better than target,( better than target ),560,,, worse than target,3.034482759,7,16,0,16,0.939655172,,,,0,,0, better than target,3,109,116,116,45073,Point,Point,Point,Point,Point,Point,Point,0,, better than target,12.857142857,,0.828571429,8,8,100,Point,Point,Point,Point,116, better than target,40, better than target,16,116,116,10900,14000,,,,7,7,7,,True,True,,,,16.571428571,0
?,False,6/1/2023,"June 1, 2023",2023 W22,,Maintenance,Finn Sullivan,5,grey,color,,Line 2,Total,Total,,True,False,,Challenging,0,100%,88%,100%,11.1%,0%,89%,51%,45%,0%,-19%,81.0%,,,,1,1, worse than target,( worse than target ),720,,, worse than critical,4.111111111,9,-19,0,-19,0.888888889,,,,0,,0, better than target,3,72,81,81,45073,Point,Point,Point,Point,Point,Point,Point,0,, worse than target,13.571428571,,0.578571429,8,8,100,Point,Point,Point,Point,81, worse than critical,40, worse than target,19,81,81,7200,14000,,,,7,7,7,,False,False,,,,11.571428571,0
?,False,6/2/2023,"June 2, 2023",2023 W22,6/2/2023,Other,Max Parker,5,grey,color,,Line 2,Total,Total,,True,True,,Challenging,1,86%,75%,100%,7.6%,13%,92%,79%,69%,100%,+19.0%,119.0%,1,,,1,1, better than target,( better than target ),720,3120,3120, worse than critical,0.563025210,9,19,0,19,0.924369748,6,19.833333333,1,2200,2400,1, worse than critical,5.5,110,119,119,45073,Point,Point,Point,Point,Point,Point,Point,0,, better than target,13.571428571,1,0.991666667,7,8,100,Point,Point,Point,Point,119, better than target,40, better than target,19,119,119,11000,14000,7880,56%,0,6,7,7,,True,True,0,,,19.833333333,1
?,False,6/3/2023,"June 3, 2023",2023 W22,,Other,Ava White,1,grey,color,,Line 2,Total,Total,,True,True,,Challenging,0,100%,88%,100%,11.4%,0%,89%,72%,63%,100%,+14.0%,114.0%,,,,1,1, better than target,( better than target ),1040,,, worse than critical,4.403508772,13,14,0,14,0.885964912,,,,0,,0, better than target,3,101,114,114,45073,Point,Point,Point,Point,Point,Point,Point,0,, better than target,7.142857143,,0.814285714,8,8,100,Point,Point,Point,Point,114, better than target,40, better than target,14,114,114,10100,14000,,,,7,7,7,,True,True,,,,16.285714286,0
?,False,6/4/2023,"June 4, 2023",2023 W22,,Maintenance,Ava White,7,grey,color,,Line 2,Total,Total,,True,False,,Challenging,0,100%,88%,100%,13.6%,0%,86%,50%,44%,0%,-19%,81.0%,,,,1,1, worse than target,( worse than target ),880,,, worse than critical,6.580246914,11,-19,0,-19,0.864197531,,,,0,,0, better than target,3,70,81,81,45073,Point,Point,Point,Point,Point,Point,Point,0,, worse than target,15,,0.578571429,8,8,100,Point,Point,Point,Point,81, worse than critical,40, worse than target,19,81,81,7000,14000,,,,7,7,7,,False,False,,,,11.571428571,0
?,False,6/5/2023,"June 5, 2023",2023 W23,,Other,Zoe Martinez,8,grey,color,,Line 2,Total,Total,,True,False,,Normal,0,100%,88%,0%,10.2%,0%,90%,63%,55%,0%,-02%,98.0%,,,,1,1, worse than target,( worse than target ),800,,, worse than critical,3.204081633,10,-2,0,-2,0.897959184,,,,0,,0, better than target,3,88,98,98,45080,Point,Point,Point,Point,Point,Point,Point,0,, worse than target,2.142857143,,0.7,8,8,100,Point,Point,Point,Point,98, worse than critical,40, worse than target,2,98,98,8800,14000,,,,7,7,7,,False,False,,,,14,0
?,False,6/6/2023,"June 6, 2023",2023 W23,,Maintenance,Ivy Anderson,9,grey,color,,Line 2,Total,Total,,True,False,,Normal,0,100%,88%,0%,10.5%,0%,90%,55%,48%,0%,-14%,86.0%,,,,1,1, worse than target,( worse than target ),720,,, worse than critical,3.465116279,9,-14,0,-14,0.895348837,,,,0,,0, better than target,3,77,86,86,45080,Point,Point,Point,Point,Point,Point,Point,0,, worse than target,10,,0.614285714,8,8,100,Point,Point,Point,Point,86, worse than critical,40, worse than target,14,86,86,7700,14000,,,,7,7,7,,False,False,,,,12.285714286,0
?,False,6/7/2023,"June 7, 2023",2023 W23,6/7/2023,Other,Leo Johnson,5,grey,color,,Line 2,Total,Total,,True,False,,Challenging,1,86%,75%,100%,6.9%,13%,93%,58%,51%,0%,-13%,87.0%,1,,,1,1, worse than target,( worse than target ),480,2880,2880, worse than target,3.896551724,6,-13,0,-13,0.931034483,6,14.5,1,2200,2400,1, worse than critical,5.5,81,87,87,45080,Point,Point,Point,Point,Point,Point,Point,0,, worse than target,7.142857143,1,0.725,7,8,100,Point,Point,Point,Point,87, worse than critical,40, worse than target,13,87,87,8100,14000,5220,37%,0,6,7,7,,False,False,0,,,14.5,1
?,False,6/8/2023,"June 8, 2023",2023 W23,,Tech Issue,Owen Taylor,2,grey,color,,Line 2,Total,Total,,True,False,,Normal,0,100%,88%,0%,10.0%,0%,90%,58%,51%,0%,-10%,90.0%,,,,1,1, worse than target,( worse than target ),720,,, worse than critical,3,9,-10,0,-10,0.9,,,,0,,0, better than target,3,81,90,90,45080,Point,Point,Point,Point,Point,Point,Point,0,, worse than target,7.142857143,,0.642857143,8,8,100,Point,Point,Point,Point,90, worse than critical,40, worse than target,10,90,90,8100,14000,,,,7,7,7,,False,False,,,,12.857142857,0
?,False,6/9/2023,"June 9, 2023",2023 W23,,Tech Issue,Owen Taylor,6,grey,color,,Line 2,Total,Total,,True,False,,Normal,0,100%,88%,0%,15.1%,0%,85%,56%,49%,0%,-07%,93.0%,,,,1,1, worse than target,( worse than target ),1120,,, worse than critical,8.053763441,14,-7,0,-7,0.849462366,,,,0,,0, better than target,3,79,93,93,45080,Point,Point,Point,Point,Point,Point,Point,0,, worse than target,8.571428571,,0.664285714,8,8,100,Point,Point,Point,Point,93, worse than critical,40, worse than target,7.000000000,93,93,7900,14000,,,,7,7,7,,False,False,,,,13.285714286,0
?,False,6/10/2023,"June 10, 2023",2023 W23,,Other,Zoe Martinez,5,grey,color,,Line 2,Total,Total,,True,False,,Normal,0,100%,88%,0%,15.3%,0%,85%,51%,45%,0%,-15%,85.0%,,,,1,1, worse than target,( worse than target ),1040,,, worse than critical,8.294117647,13,-15,0,-15,0.847058824,,,,0,,0, better than target,3,72,85,85,45080,Point,Point,Point,Point,Point,Point,Point,0,, worse than target,13.571428571,,0.607142857,8,8,100,Point,Point,Point,Point,85, worse than critical,40, worse than target,15,85,85,7200,14000,,,,7,7,7,,False,False,,,,12.142857143,0
?,False,6/11/2023,"June 11, 2023",2023 W23,,Maintenance,Owen Taylor,8,grey,color,,Line 2,Total,Total,,True,False,,Normal,0,100%,88%,0%,7.1%,0%,93%,56%,49%,0%,-15%,85.0%,,,,1,1, worse than target,( worse than target ),480,,, worse than critical,0.058823529,6,-15,0,-15,0.929411765,,,,0,,0, better than target,3,79,85,85,45080,Point,Point,Point,Point,Point,Point,Point,0,, worse than target,8.571428571,,0.607142857,8,8,100,Point,Point,Point,Point,85, worse than critical,40, worse than target,15,85,85,7900,14000,,,,7,7,7,,False,False,,,,12.142857143,0
?,False,6/12/2023,"June 12, 2023",2023 W24,,Maintenance,Zoe Martinez,4,grey,color,,Line 2,Total,Total,,True,False,,Normal,0,100%,88%,0%,6.5%,0%,94%,62%,54%,0%,-07%,93.0%,,,,1,1, worse than target,( worse than target ),480,,, worse than target,3.451612903,6,-7,0,-7,0.935483871,,,,0,,0, better than target,3,87,93,93,45087,Point,Point,Point,Point,Point,Point,Point,0,, worse than target,2.857142857,,0.664285714,8,8,100,Point,Point,Point,Point,93, worse than critical,40, worse than target,7.000000000,93,93,8700,14000,,,,7,7,7,,False,False,,,,13.285714286,0
?,False,6/13/2023,"June 13, 2023",2023 W24,6/13/2023,Other,Ivy Anderson,6,grey,color,,Line 2,Total,Total,,True,True,,Challenging,1,57%,50%,100%,8.9%,38%,91%,73%,64%,100%,+12.0%,112.0%,1,,,1,1, better than target,( better than target ),800,6000,6000, worse than critical,1.928571429,10,12,0,12,0.910714286,4,28,3,4600,5200,3, worse than critical,30.5,102,112,112,45087,Point,Point,Point,Point,Point,Point,Point,0,, better than target,7.857142857,3,1.4,5,8,100,Point,Point,Point,Point,112, better than target,40, better than target,12,112,112,10200,14000,4200,30%,0,4,7,7,,True,True,0,,,28,3
?,False,6/14/2023,"June 14, 2023",2023 W24,,Tech Issue,Ava White,5,grey,color,,Line 2,Total,Total,,True,True,,Challenging,0,100%,88%,100%,11.9%,0%,88%,74%,65%,100%,+18.0%,118.0%,,,,1,1, better than target,( better than target ),1120,,, worse than critical,4.864406780,14,18,0,18,0.881355932,,,,0,,0, better than target,3,104,118,118,45087,Point,Point,Point,Point,Point,Point,Point,0,, better than target,9.285714286,,0.842857143,8,8,100,Point,Point,Point,Point,118, better than target,40, better than target,18,118,118,10400,14000,,,,7,7,7,,True,True,,,,16.857142857,0
?,False,6/15/2023,"June 15, 2023",2023 W24,,Other,Leo Johnson,1,grey,color,,Line 2,Total,Total,,True,True,,Challenging,0,100%,88%,100%,10.2%,0%,90%,69%,61%,100%,+8.0%,108.0%,,,,1,1, better than target,( better than target ),880,,, worse than critical,3.185185185,11,8,0,8,0.898148148,,,,0,,0, better than target,3,97,108,108,45087,Point,Point,Point,Point,Point,Point,Point,0,, better than target,4.285714286,,0.771428571,8,8,100,Point,Point,Point,Point,108, better than target,40, better than target,8.000000000,108,108,9700,14000,,,,7,7,7,,True,True,,,,15.428571429,0
?,False,6/16/2023,"June 16, 2023",2023 W24,,Maintenance,Leo Johnson,1,grey,color,,Line 2,Total,Total,,True,False,,Normal,0,100%,88%,0%,12.2%,0%,88%,61%,54%,0%,-02%,98.0%,,,,1,1, worse than target,( worse than target ),960,,, worse than critical,5.244897959,12,-2,0,-2,0.877551020,,,,0,,0, better than target,3,86,98,98,45087,Point,Point,Point,Point,Point,Point,Point,0,, worse than target,3.571428571,,0.7,8,8,100,Point,Point,Point,Point,98, worse than critical,40, worse than target,2,98,98,8600,14000,,,,7,7,7,,False,False,,,,14,0
?,False,6/17/2023,"June 17, 2023",2023 W24,,Other,Eli Brown,8,grey,color,,Line 2,Total,Total,,True,False,,Normal,0,100%,88%,0%,15.7%,0%,84%,50%,44%,0%,-17%,83.0%,,,,1,1, worse than target,( worse than target ),1040,,, worse than critical,8.662650602,13,-17,0,-17,0.843373494,,,,0,,0, better than target,3,70,83,83,45087,Point,Point,Point,Point,Point,Point,Point,0,, worse than target,15,,0.592857143,8,8,100,Point,Point,Point,Point,83, worse than critical,40, worse than target,17,83,83,7000,14000,,,,7,7,7,,False,False,,,,11.857142857,0
?,False,6/18/2023,"June 18, 2023",2023 W24,,Maintenance,Ava White,5,grey,color,,Line 2,Total,Total,,True,False,,Challenging,0,100%,88%,100%,10.4%,0%,90%,61%,54%,0%,-04%,96.0%,,,,1,1, worse than target,( worse than target ),800,,, worse than critical,3.416666667,10,-4,0,-4,0.895833333,,,,0,,0, better than target,3,86,96,96,45087,Point,Point,Point,Point,Point,Point,Point,0,, worse than target,3.571428571,,0.685714286,8,8,100,Point,Point,Point,Point,96, worse than critical,40, worse than target,4,96,96,8600,14000,,,,7,7,7,,False,False,,,,13.714285714,0
?,False,6/19/2023,"June 19, 2023",2023 W25,6/19/2023,Material Shortage,Eli Brown,8,grey,color,,Line 2,Total,Total,,True,False,,Normal,1,71%,63%,0%,17.3%,25%,83%,48%,42%,0%,-19%,81.0%,1,,,1,1, worse than target,( worse than target ),1120,4920,4920, worse than critical,10.283950617,14,-19,0,-19,0.827160494,5,16.2,2,3400,3800,2, worse than critical,18,67,81,81,45094,Point,Point,Point,Point,Point,Point,Point,0,, worse than target,17.142857143,0,0.81,6,8,100,Point,Point,Point,Point,81, worse than critical,40, worse than target,19,81,81,6700,14000,1780,13%,2,5,7,7,,False,False,0,,,16.2,2
?,False,6/20/2023,"June 20, 2023",2023 W25,6/20/2023,Maintenance,Owen Taylor,6,grey,color,6/20/2023,Line 2,Total,Total,,True,True,,Challenging,1,100%,50%,100%,7.0%,38%,93%,134%,67%,100%,+15.0%,115.0%,1,1,,1,1, better than target,( better than target ),640,11240,11240, worse than target,3.956521739,8,15,0,15,0.930434783,4,28.75,3,4600,10600,3, worse than critical,30.5,107,115,115,45094,Point,Point,Point,Point,Point,Point,Point,3,3, better than target,68.75,0,1.4375,5,8,100,Point,Point,Point,Point,115, better than target,40, better than target,15,115,115,10700,14000,-540,-4%,0,4,7,4,4,True,True,0,,25,28.75,0
?,False,6/21/2023,"June 21, 2023",2023 W25,,Tech Issue,Ivy Anderson,4,grey,color,,Line 2,Total,Total,,True,False,,Normal,0,100%,88%,0%,9.8%,0%,90%,59%,52%,0%,-08%,92.0%,,,,1,1, worse than target,( worse than target ),720,,, worse than critical,2.782608696,9,-8,0,-8,0.902173913,,,,0,,0, better than target,3,83,92,92,45094,Point,Point,Point,Point,Point,Point,Point,0,, worse than target,5.714285714,,0.657142857,8,8,100,Point,Point,Point,Point,92, worse than critical,40, worse than target,8,92,92,8300,14000,,,,7,7,7,,False,False,,,,13.142857143,0
?,False,6/22/2023,"June 22, 2023",2023 W25,6/22/2023,Maintenance,Leo Johnson,6,grey,color,6/22/2023,Line 2,Total,Total,,True,True,,Normal,1,100%,75%,0%,9.8%,13%,90%,77%,58%,100%,+2.0%,102.0%,1,1,,1,1, better than target,( better than target ),800,5000,5000, worse than critical,2.803921569,10,2,0,2,0.901960784,6,17,1,2200,4200,1, worse than critical,5.5,92,102,102,45094,Point,Point,Point,Point,Point,Point,Point,1,1, better than target,11.666666667,0,0.85,7,8,100,Point,Point,Point,Point,102, better than target,40, better than target,2,102,102,9200,14000,4200,30%,0,6,7,6,6,True,True,0,,16.666666667,17,0
?,False,6/23/2023,"June 23, 2023",2023 W25,,Tech Issue,Eli Brown,3,grey,color,,Line 2,Total,Total,,True,True,,Challenging,0,100%,88%,100%,10.5%,0%,90%,67%,59%,100%,+5.0%,105.0%,,,,1,1, better than target,( better than target ),880,,, worse than critical,3.476190476,11,5,0,5,0.895238095,,,,0,,0, better than target,3,94,105,105,45094,Point,Point,Point,Point,Point,Point,Point,0,, better than target,2.142857143,,0.75,8,8,100,Point,Point,Point,Point,105, better than target,40, better than target,5,105,105,9400,14000,,,,7,7,7,,True,True,,,,15,0
?,False,6/24/2023,"June 24, 2023",2023 W25,,Material Shortage,Owen Taylor,7,grey,color,,Line 2,Total,Total,,True,False,,Challenging,0,100%,88%,100%,8.4%,0%,92%,62%,54%,0%,-05%,95.0%,,,,1,1, worse than target,( worse than target ),640,,, worse than critical,1.421052632,8,-5,0,-5,0.915789474,,,,0,,0, better than target,3,87,95,95,45094,Point,Point,Point,Point,Point,Point,Point,0,, worse than target,2.857142857,,0.678571429,8,8,100,Point,Point,Point,Point,95, worse than critical,40, worse than target,5,95,95,8700,14000,,,,7,7,7,,False,False,,,,13.571428571,0
?,False,6/25/2023,"June 25, 2023",2023 W25,,Other,Luna Garcia,2,grey,color,,Line 2,Total,Total,,True,False,,Normal,0,100%,88%,0%,7.1%,0%,93%,65%,57%,0%,-02%,98.0%,,,,1,1, worse than target,( worse than target ),560,,, worse than critical,0.142857143,7,-2,0,-2,0.928571429,,,,0,,0, better than target,3,91,98,98,45094,Point,Point,Point,Point,Point,Point,Point,0,, better than target,0,,0.7,8,8,100,Point,Point,Point,Point,98, worse than critical,40, worse than target,2,98,98,9100,14000,,,,7,7,7,,False,False,,,,14,0
?,False,6/26/2023,"June 26, 2023",2023 W26,,Other,Max Parker,3,grey,color,,Line 2,Total,Total,,True,False,,Normal,0,100%,88%,0%,13.1%,0%,87%,61%,54%,0%,-01%,99.0%,,,,1,1, worse than target,( worse than target ),1040,,, worse than critical,6.131313131,13,-1,0,-1,0.868686869,,,,0,,0, better than target,3,86,99,99,45101,Point,Point,Point,Point,Point,Point,Point,0,, worse than target,3.571428571,,0.707142857,8,8,100,Point,Point,Point,Point,99, worse than critical,40, worse than target,1,99,99,8600,14000,,,,7,7,7,,False,False,,,,14.142857143,0
?,False,6/27/2023,"June 27, 2023",2023 W26,6/27/2023,Maintenance,Eli Brown,2,grey,color,6/27/2023,Line 2,Total,Total,,True,True,,Challenging,1,100%,50%,100%,7.8%,38%,92%,134%,67%,100%,+16.0%,116.0%,1,1,,1,1, better than target,( better than target ),720,11320,11320, worse than critical,0.758620690,9,16,0,16,0.922413793,4,29,3,4600,10600,3, worse than critical,30.5,107,116,116,45101,Point,Point,Point,Point,Point,Point,Point,3,3, better than target,68.75,0,1.45,5,8,100,Point,Point,Point,Point,116, better than target,40, better than target,16,116,116,10700,14000,-620,-4%,0,4,7,4,4,True,True,0,,25,29,0
?,False,6/28/2023,"June 28, 2023",2023 W26,6/28/2023,Material Shortage,Zoe Martinez,3,grey,color,,Line 2,Total,Total,,True,True,,Challenging,1,71%,63%,100%,6.8%,25%,93%,78%,68%,100%,+17.0%,117.0%,1,,,1,1, better than target,( better than target ),640,4440,4440, worse than target,3.837606838,8,17,0,17,0.931623932,5,23.4,2,3400,3800,2, worse than critical,18,109,117,117,45101,Point,Point,Point,Point,Point,Point,Point,0,, better than target,12.857142857,0,1.17,6,8,100,Point,Point,Point,Point,117, better than target,40, better than target,17,117,117,10900,14000,6460,46%,2,5,7,7,,True,True,0,,,23.4,2
?,False,6/29/2023,"June 29, 2023",2023 W26,6/29/2023,Material Shortage,Owen Taylor,1,grey,color,,Line 2,Total,Total,,True,True,,Challenging,1,71%,63%,100%,4.6%,25%,95%,74%,64%,100%,+8.0%,108.0%,1,,,1,1, better than target,( better than target ),400,4200,4200, worse than target,1.629629630,5,8,0,8,0.953703704,5,21.6,2,3400,3800,2, worse than critical,18,103,108,108,45101,Point,Point,Point,Point,Point,Point,Point,0,, better than target,8.571428571,0,1.08,6,8,100,Point,Point,Point,Point,108, better than target,40, better than target,8.000000000,108,108,10300,14000,6100,44%,2,5,7,7,,True,True,0,,,21.6,2
?,False,1/1/2023,"January 1, 2023",2022 W52,1/1/2023,Maintenance,Finn Sullivan,2,grey,color,1/1/2023,Line 3,Total,Total,,True,True,,Normal,1,100%,75%,0%,5.6%,13%,94%,85%,64%,100%,+8.0%,108.0%,1,1,,1,1, better than target,( better than target ),480,4680,4680, worse than target,2.555555556,6,8,0,8,0.944444444,6,18,1,2200,4200,1, worse than critical,5.5,102,108,108,44919,Point,Point,Point,Point,Point,Point,Point,1,1, better than target,20,0,0.9,7,8,100,Point,Point,Point,Point,108, better than target,40, better than target,8.000000000,108,108,10200,14000,5520,39%,0,6,7,6,6,True,True,0,,16.666666667,18,0
?,False,1/2/2023,"January 2, 2023",2023 W1,,Maintenance,Luna Garcia,6,grey,color,,Line 3,Total,Total,,True,False,,Normal,0,100%,88%,0%,12.6%,0%,87%,54%,48%,0%,-13%,87.0%,,,,1,1, worse than target,( worse than target ),880,,, worse than critical,5.643678161,11,-13,0,-13,0.873563218,,,,0,,0, better than target,3,76,87,87,44926,Point,Point,Point,Point,Point,Point,Point,0,, worse than target,10.714285714,,0.621428571,8,8,100,Point,Point,Point,Point,87, worse than critical,40, worse than target,13,87,87,7600,14000,,,,7,7,7,,False,False,,,,12.428571429,0
?,False,1/3/2023,"January 3, 2023",2023 W1,,Tech Issue,Owen Taylor,6,grey,color,,Line 3,Total,Total,,True,True,,Normal,0,100%,88%,0%,13.9%,0%,86%,62%,54%,100%,+1.0%,101.0%,,,,1,1, better than target,( better than target ),1120,,, worse than critical,6.861386139,14,1,0,1,0.861386139,,,,0,,0, better than target,3,87,101,101,44926,Point,Point,Point,Point,Point,Point,Point,0,, worse than target,2.857142857,,0.721428571,8,8,100,Point,Point,Point,Point,101, better than target,40, better than target,1,101,101,8700,14000,,,,7,7,7,,True,True,,,,14.428571429,0
?,False,1/4/2023,"January 4, 2023",2023 W1,1/4/2023,Tech Issue,Ava White,4,grey,color,,Line 3,Total,Total,,True,True,1/4/2023,Normal,1,86%,75%,0%,5.3%,13%,95%,76%,67%,100%,+13.0%,113.0%,1,,1,1,1, better than target,( better than target ),480,6680,6680, worse than target,2.309734513,6,13,0,13,0.946902655,6,18.833333333,1,2200,6200,1, worse than critical,5.5,107,113,113,44926,Point,Point,Point,Point,Point,Point,Point,0,, better than target,11.428571429,0,0.941666667,7,8,100,Point,Point,Point,Point,113, better than target,40, better than target,13,113,113,10700,14000,4020,29%,0,6,7,7,,True,True,1,1,,18.833333333,1
?,False,1/5/2023,"January 5, 2023",2023 W1,,Maintenance,Mia Smith,7,grey,color,,Line 3,Total,Total,,True,False,,Normal,0,100%,88%,0%,8.7%,0%,91%,60%,53%,0%,-08%,92.0%,,,,1,1, worse than target,( worse than target ),640,,, worse than critical,1.695652174,8,-8,0,-8,0.913043478,,,,0,,0, better than target,3,84,92,92,44926,Point,Point,Point,Point,Point,Point,Point,0,, worse than target,5,,0.657142857,8,8,100,Point,Point,Point,Point,92, worse than critical,40, worse than target,8,92,92,8400,14000,,,,7,7,7,,False,False,,,,13.142857143,0
?,False,1/6/2023,"January 6, 2023",2023 W1,,Tech Issue,Eli Brown,8,grey,color,,Line 3,Total,Total,,True,False,,Normal,0,100%,88%,0%,13.7%,0%,86%,59%,51%,0%,-05%,95.0%,,,,1,1, worse than target,( worse than target ),1040,,, worse than critical,6.684210526,13,-5,0,-5,0.863157895,,,,0,,0, better than target,3,82,95,95,44926,Point,Point,Point,Point,Point,Point,Point,0,, worse than target,6.428571429,,0.678571429,8,8,100,Point,Point,Point,Point,95, worse than critical,40, worse than target,5,95,95,8200,14000,,,,7,7,7,,False,False,,,,13.571428571,0
?,False,1/7/2023,"January 7, 2023",2023 W1,,Material Shortage,Eli Brown,2,grey,color,,Line 3,Total,Total,,True,False,,Challenging,0,100%,88%,100%,10.5%,0%,89%,61%,53%,0%,-05%,95.0%,,,,1,1, worse than target,( worse than target ),800,,, worse than critical,3.526315789,10,-5,0,-5,0.894736842,,,,0,,0, better than target,3,85,95,95,44926,Point,Point,Point,Point,Point,Point,Point,0,, worse than target,4.285714286,,0.678571429,8,8,100,Point,Point,Point,Point,95, worse than critical,40, worse than target,5,95,95,8500,14000,,,,7,7,7,,False,False,,,,13.571428571,0
?,False,1/8/2023,"January 8, 2023",2023 W1,,Other,Max Parker,2,grey,color,,Line 3,Total,Total,,True,False,,Challenging,0,100%,88%,100%,5.7%,0%,94%,59%,52%,0%,-12%,88.0%,,,,1,1, worse than target,( worse than target ),400,,, worse than target,2.681818182,5,-12,0,-12,0.943181818,,,,0,,0, better than target,3,83,88,88,44926,Point,Point,Point,Point,Point,Point,Point,0,, worse than target,5.714285714,,0.628571429,8,8,100,Point,Point,Point,Point,88, worse than critical,40, worse than target,12,88,88,8300,14000,,,,7,7,7,,False,False,,,,12.571428571,0
?,False,1/9/2023,"January 9, 2023",2023 W2,,Material Shortage,Luna Garcia,9,grey,color,,Line 3,Total,Total,,True,True,,Challenging,0,100%,88%,100%,13.9%,0%,86%,62%,54%,100%,+1.0%,101.0%,,,,1,1, better than target,( better than target ),1120,,, worse than critical,6.861386139,14,1,0,1,0.861386139,,,,0,,0, better than target,3,87,101,101,44933,Point,Point,Point,Point,Point,Point,Point,0,, worse than target,2.857142857,,0.721428571,8,8,100,Point,Point,Point,Point,101, better than target,40, better than target,1,101,101,8700,14000,,,,7,7,7,,True,True,,,,14.428571429,0
?,False,1/10/2023,"January 10, 2023",2023 W2,,Maintenance,Owen Taylor,4,grey,color,,Line 3,Total,Total,,True,True,,Normal,0,100%,88%,0%,5.9%,0%,94%,79%,69%,100%,+18.0%,118.0%,,,,1,1, better than target,( better than target ),560,,, worse than target,2.932203390,7,18,0,18,0.940677966,,,,0,,0, better than target,3,111,118,118,44933,Point,Point,Point,Point,Point,Point,Point,0,, better than target,14.285714286,,0.842857143,8,8,100,Point,Point,Point,Point,118, better than target,40, better than target,18,118,118,11100,14000,,,,7,7,7,,True,True,,,,16.857142857,0
?,False,1/11/2023,"January 11, 2023",2023 W2,,Maintenance,Ivy Anderson,6,grey,color,,Line 3,Total,Total,,True,True,,Challenging,0,100%,88%,100%,11.9%,0%,88%,64%,56%,100%,+1.0%,101.0%,,,,1,1, better than target,( better than target ),960,,, worse than critical,4.881188119,12,1,0,1,0.881188119,,,,0,,0, better than target,3,89,101,101,44933,Point,Point,Point,Point,Point,Point,Point,0,, worse than target,1.428571429,,0.721428571,8,8,100,Point,Point,Point,Point,101, better than target,40, better than target,1,101,101,8900,14000,,,,7,7,7,,True,True,,,,14.428571429,0
?,False,1/12/2023,"January 12, 2023",2023 W2,,Maintenance,Max Parker,2,grey,color,,Line 3,Total,Total,,True,False,,Challenging,0,100%,88%,100%,11.3%,0%,89%,51%,44%,0%,-20%,80.0%,,,,1,1, worse than target,( worse than target ),720,,, worse than critical,4.25,9,-20,0,-20,0.8875,,,,0,,0, better than target,3,71,80,80,44933,Point,Point,Point,Point,Point,Point,Point,0,, worse than target,14.285714286,,0.571428571,8,8,100,Point,Point,Point,Point,80, worse than critical,40, worse than target,20,80,80,7100,14000,,,,7,7,7,,False,False,,,,11.428571429,0
?,False,1/13/2023,"January 13, 2023",2023 W2,,Other,Ava White,8,grey,color,,Line 3,Total,Total,,True,False,,Challenging,0,100%,88%,100%,5.8%,0%,94%,58%,51%,0%,-14%,86.0%,,,,1,1, worse than target,( worse than target ),400,,, worse than target,2.813953488,5,-14,0,-14,0.941860465,,,,0,,0, better than target,3,81,86,86,44933,Point,Point,Point,Point,Point,Point,Point,0,, worse than target,7.142857143,,0.614285714,8,8,100,Point,Point,Point,Point,86, worse than critical,40, worse than target,14,86,86,8100,14000,,,,7,7,7,,False,False,,,,12.285714286,0
?,False,1/14/2023,"January 14, 2023",2023 W2,,Maintenance,Leo Johnson,2,grey,color,,Line 3,Total,Total,,True,False,,Challenging,0,100%,88%,100%,13.2%,0%,87%,56%,49%,0%,-09%,91.0%,,,,1,1, worse than target,( worse than target ),960,,, worse than critical,6.186813187,12,-9,0,-9,0.868131868,,,,0,,0, better than target,3,79,91,91,44933,Point,Point,Point,Point,Point,Point,Point,0,, worse than target,8.571428571,,0.65,8,8,100,Point,Point,Point,Point,91, worse than critical,40, worse than target,9,91,91,7900,14000,,,,7,7,7,,False,False,,,,13,0
?,False,1/15/2023,"January 15, 2023",2023 W2,,Maintenance,Luna Garcia,9,grey,color,,Line 3,Total,Total,,True,True,,Challenging,0,100%,88%,100%,8.2%,0%,92%,72%,63%,100%,+10.0%,110.0%,,,,1,1, better than target,( better than target ),720,,, worse than critical,1.181818182,9,10,0,10,0.918181818,,,,0,,0, better than target,3,101,110,110,44933,Point,Point,Point,Point,Point,Point,Point,0,, better than target,7.142857143,,0.785714286,8,8,100,Point,Point,Point,Point,110, better than target,40, better than target,10,110,110,10100,14000,,,,7,7,7,,True,True,,,,15.714285714,0
?,False,1/16/2023,"January 16, 2023",2023 W3,,Other,Max Parker,4,grey,color,,Line 3,Total,Total,,True,True,,Challenging,0,100%,88%,100%,11.5%,0%,88%,71%,63%,100%,+13.0%,113.0%,,,,1,1, better than target,( better than target ),1040,,, worse than critical,4.504424779,13,13,0,13,0.884955752,,,,0,,0, better than target,3,100,113,113,44940,Point,Point,Point,Point,Point,Point,Point,0,, better than target,6.428571429,,0.807142857,8,8,100,Point,Point,Point,Point,113, better than target,40, better than target,13,113,113,10000,14000,,,,7,7,7,,True,True,,,,16.142857143,0
?,False,1/17/2023,"January 17, 2023",2023 W3,,Maintenance,Mia Smith,3,grey,color,,Line 3,Total,Total,,True,True,,Normal,0,100%,88%,0%,9.3%,0%,91%,76%,67%,100%,+18.0%,118.0%,,,,1,1, better than target,( better than target ),880,,, worse than critical,2.322033898,11,18,0,18,0.906779661,,,,0,,0, better than target,3,107,118,118,44940,Point,Point,Point,Point,Point,Point,Point,0,, better than target,11.428571429,,0.842857143,8,8,100,Point,Point,Point,Point,118, better than target,40, better than target,18,118,118,10700,14000,,,,7,7,7,,True,True,,,,16.857142857,0
?,False,1/18/2023,"January 18, 2023",2023 W3,,Other,Owen Taylor,3,grey,color,,Line 3,Total,Total,,True,True,,Normal,0,100%,88%,0%,4.8%,0%,95%,71%,63%,100%,+5.0%,105.0%,,,,1,1, better than target,( better than target ),400,,, worse than target,1.761904762,5,5,0,5,0.952380952,,,,0,,0, better than target,3,100,105,105,44940,Point,Point,Point,Point,Point,Point,Point,0,, better than target,6.428571429,,0.75,8,8,100,Point,Point,Point,Point,105, better than target,40, better than target,5,105,105,10000,14000,,,,7,7,7,,True,True,,,,15,0
?,False,1/19/2023,"January 19, 2023",2023 W3,,Material Shortage,Max Parker,3,grey,color,,Line 3,Total,Total,,True,True,,Challenging,0,100%,88%,100%,6.2%,0%,94%,76%,66%,100%,+13.0%,113.0%,,,,1,1, better than target,( better than target ),560,,, worse than target,3.194690265,7,13,0,13,0.938053097,,,,0,,0, better than target,3,106,113,113,44940,Point,Point,Point,Point,Point,Point,Point,0,, better than target,10.714285714,,0.807142857,8,8,100,Point,Point,Point,Point,113, better than target,40, better than target,13,113,113,10600,14000,,,,7,7,7,,True,True,,,,16.142857143,0
?,False,1/20/2023,"January 20, 2023",2023 W3,,Tech Issue,Ivy Anderson,8,grey,color,,Line 3,Total,Total,,True,False,,Challenging,0,100%,88%,100%,12.5%,0%,88%,60%,53%,0%,-04%,96.0%,,,,1,1, worse than target,( worse than target ),960,,, worse than critical,5.5,12,-4,0,-4,0.875,,,,0,,0, better than target,3,84,96,96,44940,Point,Point,Point,Point,Point,Point,Point,0,, worse than target,5,,0.685714286,8,8,100,Point,Point,Point,Point,96, worse than critical,40, worse than target,4,96,96,8400,14000,,,,7,7,7,,False,False,,,,13.714285714,0
?,False,1/21/2023,"January 21, 2023",2023 W3,,Other,Zoe Martinez,9,grey,color,,Line 3,Total,Total,,True,True,,Challenging,0,100%,88%,100%,8.2%,0%,92%,72%,63%,100%,+10.0%,110.0%,,,,1,1, better than target,( better than target ),720,,, worse than critical,1.181818182,9,10,0,10,0.918181818,,,,0,,0, better than target,3,101,110,110,44940,Point,Point,Point,Point,Point,Point,Point,0,, better than target,7.142857143,,0.785714286,8,8,100,Point,Point,Point,Point,110, better than target,40, better than target,10,110,110,10100,14000,,,,7,7,7,,True,True,,,,15.714285714,0
?,False,1/22/2023,"January 22, 2023",2023 W3,,Tech Issue,Finn Sullivan,7,grey,color,,Line 3,Total,Total,,True,False,,Challenging,0,100%,88%,100%,6.8%,0%,93%,59%,51%,0%,-12%,88.0%,,,,1,1, worse than target,( worse than target ),480,,, worse than target,3.818181818,6,-12,0,-12,0.931818182,,,,0,,0, better than target,3,82,88,88,44940,Point,Point,Point,Point,Point,Point,Point,0,, worse than target,6.428571429,,0.628571429,8,8,100,Point,Point,Point,Point,88, worse than critical,40, worse than target,12,88,88,8200,14000,,,,7,7,7,,False,False,,,,12.571428571,0
?,False,1/23/2023,"January 23, 2023",2023 W4,,Tech Issue,Zoe Martinez,6,grey,color,,Line 3,Total,Total,,True,False,,Normal,0,100%,88%,0%,12.8%,0%,87%,59%,51%,0%,-06%,94.0%,,,,1,1, worse than target,( worse than target ),960,,, worse than critical,5.765957447,12,-6,0,-6,0.872340426,,,,0,,0, better than target,3,82,94,94,44947,Point,Point,Point,Point,Point,Point,Point,0,, worse than target,6.428571429,,0.671428571,8,8,100,Point,Point,Point,Point,94, worse than critical,40, worse than target,6.000000000,94,94,8200,14000,,,,7,7,7,,False,False,,,,13.428571429,0
?,False,1/24/2023,"January 24, 2023",2023 W4,1/24/2023,Tech Issue,Leo Johnson,9,grey,color,,Line 3,Total,Total,,True,True,1/24/2023,Normal,1,71%,63%,0%,10.1%,25%,90%,70%,61%,100%,+9.0%,109.0%,1,,1,1,1, better than target,( better than target ),880,12280,12280, worse than critical,3.091743119,11,9,0,9,0.899082569,5,21.8,2,3400,11400,2, worse than critical,18,98,109,109,44947,Point,Point,Point,Point,Point,Point,Point,0,, better than target,5,0,1.09,6,8,100,Point,Point,Point,Point,109, better than target,40, better than target,9.000000000,109,109,9800,14000,-2480,-18%,0,5,7,7,,True,True,2,2,,21.8,2
?,False,1/25/2023,"January 25, 2023",2023 W4,,Material Shortage,Leo Johnson,7,grey,color,,Line 3,Total,Total,,True,True,,Challenging,0,100%,88%,100%,5.0%,0%,95%,69%,60%,100%,+1.0%,101.0%,,,,1,1, better than target,( better than target ),400,,, worse than target,1.950495050,5,1,0,1,0.950495050,,,,0,,0, better than target,3,96,101,101,44947,Point,Point,Point,Point,Point,Point,Point,0,, better than target,3.571428571,,0.721428571,8,8,100,Point,Point,Point,Point,101, better than target,40, better than target,1,101,101,9600,14000,,,,7,7,7,,True,True,,,,14.428571429,0
?,False,1/26/2023,"January 26, 2023",2023 W4,,Other,Finn Sullivan,2,grey,color,,Line 3,Total,Total,,True,True,,Challenging,0,100%,88%,100%,13.1%,0%,87%,66%,58%,100%,+7.0%,107.0%,,,,1,1, better than target,( better than target ),1120,,, worse than critical,6.084112150,14,7,0,7,0.869158879,,,,0,,0, better than target,3,93,107,107,44947,Point,Point,Point,Point,Point,Point,Point,0,, better than target,1.428571429,,0.764285714,8,8,100,Point,Point,Point,Point,107, better than target,40, better than target,7.000000000,107,107,9300,14000,,,,7,7,7,,True,True,,,,15.285714286,0
?,False,1/27/2023,"January 27, 2023",2023 W4,,Other,Luna Garcia,4,grey,color,,Line 3,Total,Total,,True,False,,Normal,0,100%,88%,0%,7.9%,0%,92%,59%,51%,0%,-11%,89.0%,,,,1,1, worse than target,( worse than target ),560,,, worse than critical,0.865168539,7,-11,0,-11,0.921348315,,,,0,,0, better than target,3,82,89,89,44947,Point,Point,Point,Point,Point,Point,Point,0,, worse than target,6.428571429,,0.635714286,8,8,100,Point,Point,Point,Point,89, worse than critical,40, worse than target,11,89,89,8200,14000,,,,7,7,7,,False,False,,,,12.714285714,0
?,False,1/28/2023,"January 28, 2023",2023 W4,,Material Shortage,Luna Garcia,8,grey,color,,Line 3,Total,Total,,True,False,,Normal,0,100%,88%,0%,6.2%,0%,94%,54%,48%,0%,-19%,81.0%,,,,1,1, worse than target,( worse than target ),400,,, worse than target,3.172839506,5,-19,0,-19,0.938271605,,,,0,,0, better than target,3,76,81,81,44947,Point,Point,Point,Point,Point,Point,Point,0,, worse than target,10.714285714,,0.578571429,8,8,100,Point,Point,Point,Point,81, worse than critical,40, worse than target,19,81,81,7600,14000,,,,7,7,7,,False,False,,,,11.571428571,0
?,False,1/29/2023,"January 29, 2023",2023 W4,1/29/2023,Tech Issue,Max Parker,3,grey,color,,Line 3,Total,Total,,True,False,1/29/2023,Challenging,1,71%,63%,100%,6.1%,25%,94%,55%,48%,0%,-18%,82.0%,1,,1,1,1, worse than target,( worse than target ),400,11800,11800, worse than target,3.097560976,5,-18,0,-18,0.939024390,5,16.4,2,3400,11400,2, worse than critical,18,77,82,82,44947,Point,Point,Point,Point,Point,Point,Point,0,, worse than target,10,0,0.82,6,8,100,Point,Point,Point,Point,82, worse than critical,40, worse than target,18,82,82,7700,14000,-4100,-29%,0,5,7,7,,False,False,2,2,,16.4,2
?,False,1/30/2023,"January 30, 2023",2023 W5,,Tech Issue,Ava White,1,grey,color,,Line 3,Total,Total,,True,True,,Normal,0,100%,88%,0%,11.0%,0%,89%,75%,66%,100%,+18.0%,118.0%,,,,1,1, better than target,( better than target ),1040,,, worse than critical,4.016949153,13,18,0,18,0.889830508,,,,0,,0, better than target,3,105,118,118,44954,Point,Point,Point,Point,Point,Point,Point,0,, better than target,10,,0.842857143,8,8,100,Point,Point,Point,Point,118, better than target,40, better than target,18,118,118,10500,14000,,,,7,7,7,,True,True,,,,16.857142857,0
?,False,1/31/2023,"January 31, 2023",2023 W5,1/31/2023,Material Shortage,Max Parker,2,grey,color,,Line 3,Total,Total,,True,True,,Challenging,1,57%,50%,100%,12.8%,38%,87%,68%,59%,100%,+9.0%,109.0%,1,,,1,1, better than target,( better than target ),1120,6320,6320, worse than critical,5.844036697,14,9,0,9,0.871559633,4,27.25,3,4600,5200,3, worse than critical,30.5,95,109,109,44954,Point,Point,Point,Point,Point,Point,Point,0,, better than target,2.857142857,0,1.3625,5,8,100,Point,Point,Point,Point,109, better than target,40, better than target,9.000000000,109,109,9500,14000,3180,23%,3,4,7,7,,True,True,0,,,27.25,3
?,False,2/1/2023,"February 1, 2023",2023 W5,,Tech Issue,Max Parker,1,grey,color,,Line 3,Total,Total,,True,False,,Normal,0,100%,88%,0%,8.4%,0%,92%,54%,48%,0%,-17%,83.0%,,,,1,1, worse than target,( worse than target ),560,,, worse than critical,1.433734940,7,-17,0,-17,0.915662651,,,,0,,0, better than target,3,76,83,83,44954,Point,Point,Point,Point,Point,Point,Point,0,, worse than target,10.714285714,,0.592857143,8,8,100,Point,Point,Point,Point,83, worse than critical,40, worse than target,17,83,83,7600,14000,,,,7,7,7,,False,False,,,,11.857142857,0
?,False,2/2/2023,"February 2, 2023",2023 W5,,Tech Issue,Ava White,3,grey,color,,Line 3,Total,Total,,True,False,,Normal,0,100%,88%,0%,13.2%,0%,87%,56%,49%,0%,-09%,91.0%,,,,1,1, worse than target,( worse than target ),960,,, worse than critical,6.186813187,12,-9,0,-9,0.868131868,,,,0,,0, better than target,3,79,91,91,44954,Point,Point,Point,Point,Point,Point,Point,0,, worse than target,8.571428571,,0.65,8,8,100,Point,Point,Point,Point,91, worse than critical,40, worse than target,9,91,91,7900,14000,,,,7,7,7,,False,False,,,,13,0
?,False,2/3/2023,"February 3, 2023",2023 W5,,Maintenance,Ivy Anderson,5,grey,color,,Line 3,Total,Total,,True,False,,Challenging,0,100%,88%,100%,15.9%,0%,84%,49%,43%,0%,-18%,82.0%,,,,1,1, worse than target,( worse than target ),1040,,, worse than critical,8.853658537,13,-18,0,-18,0.841463415,,,,0,,0, better than target,3,69,82,82,44954,Point,Point,Point,Point,Point,Point,Point,0,, worse than target,15.714285714,,0.585714286,8,8,100,Point,Point,Point,Point,82, worse than critical,40, worse than target,18,82,82,6900,14000,,,,7,7,7,,False,False,,,,11.714285714,0
?,False,2/4/2023,"February 4, 2023",2023 W5,,Tech Issue,Leo Johnson,5,grey,color,,Line 3,Total,Total,,True,True,,Challenging,0,100%,88%,100%,7.5%,0%,92%,70%,61%,100%,+6.0%,106.0%,,,,1,1, better than target,( better than target ),640,,, worse than critical,0.547169811,8,6,0,6,0.924528302,,,,0,,0, better than target,3,98,106,106,44954,Point,Point,Point,Point,Point,Point,Point,0,, better than target,5.000000000,,0.757142857,8,8,100,Point,Point,Point,Point,106, better than target,40, better than target,6.000000000,106,106,9800,14000,,,,7,7,7,,True,True,,,,15.142857143,0
?,False,2/5/2023,"February 5, 2023",2023 W5,,Maintenance,Max Parker,2,grey,color,,Line 3,Total,Total,,True,False,,Challenging,0,100%,88%,100%,14.4%,0%,86%,55%,48%,0%,-10%,90.0%,,,,1,1, worse than target,( worse than target ),1040,,, worse than critical,7.444444444,13,-10,0,-10,0.855555556,,,,0,,0, better than target,3,77,90,90,44954,Point,Point,Point,Point,Point,Point,Point,0,, worse than target,10,,0.642857143,8,8,100,Point,Point,Point,Point,90, worse than critical,40, worse than target,10,90,90,7700,14000,,,,7,7,7,,False,False,,,,12.857142857,0
?,False,2/6/2023,"February 6, 2023",2023 W6,,Other,Eli Brown,3,grey,color,,Line 3,Total,Total,,True,True,,Normal,0,100%,88%,0%,11.5%,0%,88%,66%,58%,100%,+4.0%,104.0%,,,,1,1, better than target,( better than target ),960,,, worse than critical,4.538461538,12,4,0,4,0.884615385,,,,0,,0, better than target,3,92,104,104,44961,Point,Point,Point,Point,Point,Point,Point,0,, better than target,0.714285714,,0.742857143,8,8,100,Point,Point,Point,Point,104, better than target,40, better than target,4,104,104,9200,14000,,,,7,7,7,,True,True,,,,14.857142857,0
?,False,2/7/2023,"February 7, 2023",2023 W6,,Other,Ivy Anderson,5,grey,color,,Line 3,Total,Total,,True,False,,Normal,0,100%,88%,0%,9.9%,0%,90%,59%,51%,0%,-09%,91.0%,,,,1,1, worse than target,( worse than target ),720,,, worse than critical,2.890109890,9,-9,0,-9,0.901098901,,,,0,,0, better than target,3,82,91,91,44961,Point,Point,Point,Point,Point,Point,Point,0,, worse than target,6.428571429,,0.65,8,8,100,Point,Point,Point,Point,91, worse than critical,40, worse than target,9,91,91,8200,14000,,,,7,7,7,,False,False,,,,13,0
?,False,2/8/2023,"February 8, 2023",2023 W6,,Other,Finn Sullivan,2,grey,color,,Line 3,Total,Total,,True,True,,Normal,0,100%,88%,0%,8.3%,0%,92%,71%,62%,100%,+8.0%,108.0%,,,,1,1, better than target,( better than target ),720,,, worse than critical,1.333333333,9,8,0,8,0.916666667,,,,0,,0, better than target,3,99,108,108,44961,Point,Point,Point,Point,Point,Point,Point,0,, better than target,5.714285714,,0.771428571,8,8,100,Point,Point,Point,Point,108, better than target,40, better than target,8.000000000,108,108,9900,14000,,,,7,7,7,,True,True,,,,15.428571429,0
?,False,2/9/2023,"February 9, 2023",2023 W6,,Material Shortage,Finn Sullivan,1,grey,color,,Line 3,Total,Total,,True,False,,Challenging,0,100%,88%,100%,5.3%,0%,95%,64%,56%,0%,-06%,94.0%,,,,1,1, worse than target,( worse than target ),400,,, worse than target,2.319148936,5,-6,0,-6,0.946808511,,,,0,,0, better than target,3,89,94,94,44961,Point,Point,Point,Point,Point,Point,Point,0,, worse than target,1.428571429,,0.671428571,8,8,100,Point,Point,Point,Point,94, worse than critical,40, worse than target,6.000000000,94,94,8900,14000,,,,7,7,7,,False,False,,,,13.428571429,0
?,False,2/10/2023,"February 10, 2023",2023 W6,,Material Shortage,Zoe Martinez,8,grey,color,,Line 3,Total,Total,,True,False,,Normal,0,100%,88%,0%,10.3%,0%,90%,56%,49%,0%,-13%,87.0%,,,,1,1, worse than target,( worse than target ),720,,, worse than critical,3.344827586,9,-13,0,-13,0.896551724,,,,0,,0, better than target,3,78,87,87,44961,Point,Point,Point,Point,Point,Point,Point,0,, worse than target,9.285714286,,0.621428571,8,8,100,Point,Point,Point,Point,87, worse than critical,40, worse than target,13,87,87,7800,14000,,,,7,7,7,,False,False,,,,12.428571429,0
?,False,2/11/2023,"February 11, 2023",2023 W6,,Material Shortage,Max Parker,3,grey,color,,Line 3,Total,Total,,True,True,,Normal,0,100%,88%,0%,5.6%,0%,94%,72%,63%,100%,+7.0%,107.0%,,,,1,1, better than target,( better than target ),480,,, worse than target,2.607476636,6,7,0,7,0.943925234,,,,0,,0, better than target,3,101,107,107,44961,Point,Point,Point,Point,Point,Point,Point,0,, better than target,7.142857143,,0.764285714,8,8,100,Point,Point,Point,Point,107, better than target,40, better than target,7.000000000,107,107,10100,14000,,,,7,7,7,,True,True,,,,15.285714286,0
?,False,2/12/2023,"February 12, 2023",2023 W6,,Tech Issue,Luna Garcia,2,grey,color,,Line 3,Total,Total,,True,False,,Normal,0,100%,88%,0%,13.5%,0%,86%,59%,52%,0%,-04%,96.0%,,,,1,1, worse than target,( worse than target ),1040,,, worse than critical,6.541666667,13,-4,0,-4,0.864583333,,,,0,,0, better than target,3,83,96,96,44961,Point,Point,Point,Point,Point,Point,Point,0,, worse than target,5.714285714,,0.685714286,8,8,100,Point,Point,Point,Point,96, worse than critical,40, worse than target,4,96,96,8300,14000,,,,7,7,7,,False,False,,,,13.714285714,0
?,False,2/13/2023,"February 13, 2023",2023 W7,,Tech Issue,Leo Johnson,3,grey,color,,Line 3,Total,Total,,True,False,,Normal,0,100%,88%,0%,9.0%,0%,91%,58%,51%,0%,-11%,89.0%,,,,1,1, worse than target,( worse than target ),640,,, worse than critical,1.988764045,8,-11,0,-11,0.910112360,,,,0,,0, better than target,3,81,89,89,44968,Point,Point,Point,Point,Point,Point,Point,0,, worse than target,7.142857143,,0.635714286,8,8,100,Point,Point,Point,Point,89, worse than critical,40, worse than target,11,89,89,8100,14000,,,,7,7,7,,False,False,,,,12.714285714,0
?,False,2/14/2023,"February 14, 2023",2023 W7,2/14/2023,Material Shortage,Zoe Martinez,3,grey,color,,Line 3,Total,Total,,True,True,,Challenging,1,86%,75%,100%,11.9%,13%,88%,74%,65%,100%,+18.0%,118.0%,1,,,1,1, better than target,( better than target ),1120,3520,3520, worse than critical,4.864406780,14,18,0,18,0.881355932,6,19.666666667,1,2200,2400,1, worse than critical,5.5,104,118,118,44968,Point,Point,Point,Point,Point,Point,Point,0,, better than target,9.285714286,0,0.983333333,7,8,100,Point,Point,Point,Point,118, better than target,40, better than target,18,118,118,10400,14000,6880,49%,1,6,7,7,,True,True,0,,,19.666666667,1
?,False,2/15/2023,"February 15, 2023",2023 W7,2/15/2023,Other,Luna Garcia,1,grey,color,,Line 3,Total,Total,,True,False,,Challenging,1,71%,63%,100%,13.3%,25%,87%,56%,49%,0%,-10%,90.0%,1,,,1,1, worse than target,( worse than target ),960,4760,4760, worse than critical,6.333333333,12,-10,0,-10,0.866666667,5,18,2,3400,3800,2, worse than critical,18,78,90,90,44968,Point,Point,Point,Point,Point,Point,Point,0,, worse than target,9.285714286,2,0.9,6,8,100,Point,Point,Point,Point,90, worse than critical,40, worse than target,10,90,90,7800,14000,3040,22%,0,5,7,7,,False,False,0,,,18,2
?,False,2/16/2023,"February 16, 2023",2023 W7,2/16/2023,Maintenance,Eli Brown,3,grey,color,2/16/2023,Line 3,Total,Total,,True,False,,Normal,1,100%,63%,0%,6.7%,25%,93%,84%,53%,0%,-10%,90.0%,1,1,,1,1, worse than target,( worse than target ),480,7880,7880, worse than target,3.666666667,6,-10,0,-10,0.933333333,5,18,2,3400,7400,2, worse than critical,18,84,90,90,44968,Point,Point,Point,Point,Point,Point,Point,2,2, better than target,19,0,0.9,6,8,100,Point,Point,Point,Point,90, worse than critical,40, worse than target,10,90,90,8400,14000,520,4%,0,5,7,5,5,False,False,0,,20,18,0
?,False,2/17/2023,"February 17, 2023",2023 W7,,Tech Issue,Leo Johnson,7,grey,color,,Line 3,Total,Total,,True,True,,Normal,0,100%,88%,0%,13.6%,0%,86%,64%,56%,100%,+3.0%,103.0%,,,,1,1, better than target,( better than target ),1120,,, worse than critical,6.592233010,14,3,0,3,0.864077670,,,,0,,0, better than target,3,89,103,103,44968,Point,Point,Point,Point,Point,Point,Point,0,, worse than target,1.428571429,,0.735714286,8,8,100,Point,Point,Point,Point,103, better than target,40, better than target,3,103,103,8900,14000,,,,7,7,7,,True,True,,,,14.714285714,0
?,False,2/18/2023,"February 18, 2023",2023 W7,,Tech Issue,Finn Sullivan,4,grey,color,,Line 3,Total,Total,,True,False,,Challenging,0,100%,88%,100%,10.8%,0%,89%,53%,46%,0%,-17%,83.0%,,,,1,1, worse than target,( worse than target ),720,,, worse than critical,3.843373494,9,-17,0,-17,0.891566265,,,,0,,0, better than target,3,74,83,83,44968,Point,Point,Point,Point,Point,Point,Point,0,, worse than target,12.142857143,,0.592857143,8,8,100,Point,Point,Point,Point,83, worse than critical,40, worse than target,17,83,83,7400,14000,,,,7,7,7,,False,False,,,,11.857142857,0
?,False,2/19/2023,"February 19, 2023",2023 W7,2/19/2023,Other,Max Parker,2,grey,color,,Line 3,Total,Total,,True,True,,Normal,1,86%,75%,0%,9.6%,13%,90%,67%,59%,100%,+4.0%,104.0%,1,,,1,1, better than target,( better than target ),800,3200,3200, worse than critical,2.615384615,10,4,0,4,0.903846154,6,17.333333333,1,2200,2400,1, worse than critical,5.5,94,104,104,44968,Point,Point,Point,Point,Point,Point,Point,0,, better than target,2.142857143,1,0.866666667,7,8,100,Point,Point,Point,Point,104, better than target,40, better than target,4,104,104,9400,14000,6200,44%,0,6,7,7,,True,True,0,,,17.333333333,1
?,False,2/20/2023,"February 20, 2023",2023 W8,,Maintenance,Mia Smith,3,grey,color,,Line 3,Total,Total,,True,False,,Normal,0,100%,88%,0%,13.8%,0%,86%,54%,47%,0%,-13%,87.0%,,,,1,1, worse than target,( worse than target ),960,,, worse than critical,6.793103448,12,-13,0,-13,0.862068966,,,,0,,0, better than target,3,75,87,87,44975,Point,Point,Point,Point,Point,Point,Point,0,, worse than target,11.428571429,,0.621428571,8,8,100,Point,Point,Point,Point,87, worse than critical,40, worse than target,13,87,87,7500,14000,,,,7,7,7,,False,False,,,,12.428571429,0
?,False,2/21/2023,"February 21, 2023",2023 W8,,Material Shortage,Ivy Anderson,4,grey,color,,Line 3,Total,Total,,True,False,,Normal,0,100%,88%,0%,8.5%,0%,91%,61%,54%,0%,-06%,94.0%,,,,1,1, worse than target,( worse than target ),640,,, worse than critical,1.510638298,8,-6,0,-6,0.914893617,,,,0,,0, better than target,3,86,94,94,44975,Point,Point,Point,Point,Point,Point,Point,0,, worse than target,3.571428571,,0.671428571,8,8,100,Point,Point,Point,Point,94, worse than critical,40, worse than target,6.000000000,94,94,8600,14000,,,,7,7,7,,False,False,,,,13.428571429,0
?,False,2/22/2023,"February 22, 2023",2023 W8,,Tech Issue,Ivy Anderson,8,grey,color,,Line 3,Total,Total,,True,True,,Challenging,0,100%,88%,100%,5.9%,0%,94%,80%,70%,100%,+19.0%,119.0%,,,,1,1, better than target,( better than target ),560,,, worse than target,2.882352941,7,19,0,19,0.941176471,,,,0,,0, better than target,3,112,119,119,44975,Point,Point,Point,Point,Point,Point,Point,0,, better than target,15,,0.85,8,8,100,Point,Point,Point,Point,119, better than target,40, better than target,19,119,119,11200,14000,,,,7,7,7,,True,True,,,,17,0
?,False,2/23/2023,"February 23, 2023",2023 W8,,Other,Ivy Anderson,9,grey,color,,Line 3,Total,Total,,True,False,,Normal,0,100%,88%,0%,12.9%,0%,87%,58%,51%,0%,-07%,93.0%,,,,1,1, worse than target,( worse than target ),960,,, worse than critical,5.903225806,12,-7,0,-7,0.870967742,,,,0,,0, better than target,3,81,93,93,44975,Point,Point,Point,Point,Point,Point,Point,0,, worse than target,7.142857143,,0.664285714,8,8,100,Point,Point,Point,Point,93, worse than critical,40, worse than target,7.000000000,93,93,8100,14000,,,,7,7,7,,False,False,,,,13.285714286,0
?,False,2/24/2023,"February 24, 2023",2023 W8,,Material Shortage,Mia Smith,6,grey,color,,Line 3,Total,Total,,True,False,,Challenging,0,100%,88%,100%,13.4%,0%,87%,60%,53%,0%,-03%,97.0%,,,,1,1, worse than target,( worse than target ),1040,,, worse than critical,6.402061856,13,-3,0,-3,0.865979381,,,,0,,0, better than target,3,84,97,97,44975,Point,Point,Point,Point,Point,Point,Point,0,, worse than target,5,,0.692857143,8,8,100,Point,Point,Point,Point,97, worse than critical,40, worse than target,3,97,97,8400,14000,,,,7,7,7,,False,False,,,,13.857142857,0
?,False,2/25/2023,"February 25, 2023",2023 W8,,Tech Issue,Finn Sullivan,9,grey,color,,Line 3,Total,Total,,True,False,,Challenging,0,100%,88%,100%,16.5%,0%,84%,51%,44%,0%,-15%,85.0%,,,,1,1, worse than target,( worse than target ),1120,,, worse than critical,9.470588235,14,-15,0,-15,0.835294118,,,,0,,0, better than target,3,71,85,85,44975,Point,Point,Point,Point,Point,Point,Point,0,, worse than target,14.285714286,,0.607142857,8,8,100,Point,Point,Point,Point,85, worse than critical,40, worse than target,15,85,85,7100,14000,,,,7,7,7,,False,False,,,,12.142857143,0
?,False,2/26/2023,"February 26, 2023",2023 W8,,Material Shortage,Ivy Anderson,7,grey,color,,Line 3,Total,Total,,True,False,,Challenging,0,100%,88%,100%,11.9%,0%,88%,53%,46%,0%,-16%,84.0%,,,,1,1, worse than target,( worse than target ),800,,, worse than critical,4.904761905,10,-16,0,-16,0.880952381,,,,0,,0, better than target,3,74,84,84,44975,Point,Point,Point,Point,Point,Point,Point,0,, worse than target,12.142857143,,0.6,8,8,100,Point,Point,Point,Point,84, worse than critical,40, worse than target,16,84,84,7400,14000,,,,7,7,7,,False,False,,,,12,0
?,False,2/27/2023,"February 27, 2023",2023 W9,,Maintenance,Zoe Martinez,7,grey,color,,Line 3,Total,Total,,True,False,,Challenging,0,100%,88%,100%,5.3%,0%,95%,64%,56%,0%,-06%,94.0%,,,,1,1, worse than target,( worse than target ),400,,, worse than target,2.319148936,5,-6,0,-6,0.946808511,,,,0,,0, better than target,3,89,94,94,44982,Point,Point,Point,Point,Point,Point,Point,0,, worse than target,1.428571429,,0.671428571,8,8,100,Point,Point,Point,Point,94, worse than critical,40, worse than target,6.000000000,94,94,8900,14000,,,,7,7,7,,False,False,,,,13.428571429,0
?,False,2/28/2023,"February 28, 2023",2023 W9,,Other,Luna Garcia,8,grey,color,,Line 3,Total,Total,,True,False,,Challenging,0,100%,88%,100%,11.6%,0%,88%,60%,53%,0%,-05%,95.0%,,,,1,1, worse than target,( worse than target ),880,,, worse than critical,4.578947368,11,-5,0,-5,0.884210526,,,,0,,0, better than target,3,84,95,95,44982,Point,Point,Point,Point,Point,Point,Point,0,, worse than target,5,,0.678571429,8,8,100,Point,Point,Point,Point,95, worse than critical,40, worse than target,5,95,95,8400,14000,,,,7,7,7,,False,False,,,,13.571428571,0
?,False,3/1/2023,"March 1, 2023",2023 W9,,Other,Owen Taylor,2,grey,color,,Line 3,Total,Total,,True,False,,Normal,0,100%,88%,0%,12.8%,0%,87%,54%,47%,0%,-14%,86.0%,,,,1,1, worse than target,( worse than target ),880,,, worse than critical,5.790697674,11,-14,0,-14,0.872093023,,,,0,,0, better than target,3,75,86,86,44982,Point,Point,Point,Point,Point,Point,Point,0,, worse than target,11.428571429,,0.614285714,8,8,100,Point,Point,Point,Point,86, worse than critical,40, worse than target,14,86,86,7500,14000,,,,7,7,7,,False,False,,,,12.285714286,0
?,False,3/2/2023,"March 2, 2023",2023 W9,,Maintenance,Ivy Anderson,7,grey,color,,Line 3,Total,Total,,True,False,,Challenging,0,100%,88%,100%,9.3%,0%,91%,56%,49%,0%,-14%,86.0%,,,,1,1, worse than target,( worse than target ),640,,, worse than critical,2.302325581,8,-14,0,-14,0.906976744,,,,0,,0, better than target,3,78,86,86,44982,Point,Point,Point,Point,Point,Point,Point,0,, worse than target,9.285714286,,0.614285714,8,8,100,Point,Point,Point,Point,86, worse than critical,40, worse than target,14,86,86,7800,14000,,,,7,7,7,,False,False,,,,12.285714286,0
?,False,3/3/2023,"March 3, 2023",2023 W9,,Material Shortage,Luna Garcia,6,grey,color,,Line 3,Total,Total,,True,False,,Normal,0,100%,88%,0%,13.4%,0%,87%,60%,53%,0%,-03%,97.0%,,,,1,1, worse than target,( worse than target ),1040,,, worse than critical,6.402061856,13,-3,0,-3,0.865979381,,,,0,,0, better than target,3,84,97,97,44982,Point,Point,Point,Point,Point,Point,Point,0,, worse than target,5,,0.692857143,8,8,100,Point,Point,Point,Point,97, worse than critical,40, worse than target,3,97,97,8400,14000,,,,7,7,7,,False,False,,,,13.857142857,0
?,False,3/4/2023,"March 4, 2023",2023 W9,,Other,Mia Smith,6,grey,color,,Line 3,Total,Total,,True,False,,Normal,0,100%,88%,0%,11.5%,0%,89%,55%,48%,0%,-13%,87.0%,,,,1,1, worse than target,( worse than target ),800,,, worse than critical,4.494252874,10,-13,0,-13,0.885057471,,,,0,,0, better than target,3,77,87,87,44982,Point,Point,Point,Point,Point,Point,Point,0,, worse than target,10,,0.621428571,8,8,100,Point,Point,Point,Point,87, worse than critical,40, worse than target,13,87,87,7700,14000,,,,7,7,7,,False,False,,,,12.428571429,0
?,False,3/5/2023,"March 5, 2023",2023 W9,,Tech Issue,Mia Smith,7,grey,color,,Line 3,Total,Total,,True,False,,Challenging,0,100%,88%,100%,14.1%,0%,86%,61%,53%,0%,-01%,99.0%,,,,1,1, worse than target,( worse than target ),1120,,, worse than critical,7.141414141,14,-1,0,-1,0.858585859,,,,0,,0, better than target,3,85,99,99,44982,Point,Point,Point,Point,Point,Point,Point,0,, worse than target,4.285714286,,0.707142857,8,8,100,Point,Point,Point,Point,99, worse than critical,40, worse than target,1,99,99,8500,14000,,,,7,7,7,,False,False,,,,14.142857143,0
?,False,3/6/2023,"March 6, 2023",2023 W10,,Other,Ivy Anderson,1,grey,color,,Line 3,Total,Total,,True,False,,Challenging,0,100%,88%,100%,15.9%,0%,84%,49%,43%,0%,-18%,82.0%,,,,1,1, worse than target,( worse than target ),1040,,, worse than critical,8.853658537,13,-18,0,-18,0.841463415,,,,0,,0, better than target,3,69,82,82,44989,Point,Point,Point,Point,Point,Point,Point,0,, worse than target,15.714285714,,0.585714286,8,8,100,Point,Point,Point,Point,82, worse than critical,40, worse than target,18,82,82,6900,14000,,,,7,7,7,,False,False,,,,11.714285714,0
?,False,3/7/2023,"March 7, 2023",2023 W10,,Tech Issue,Finn Sullivan,9,grey,color,,Line 3,Total,Total,,True,True,,Normal,0,100%,88%,0%,8.8%,0%,91%,74%,65%,100%,+14.0%,114.0%,,,,1,1, better than target,( better than target ),800,,, worse than critical,1.771929825,10,14,0,14,0.912280702,,,,0,,0, better than target,3,104,114,114,44989,Point,Point,Point,Point,Point,Point,Point,0,, better than target,9.285714286,,0.814285714,8,8,100,Point,Point,Point,Point,114, better than target,40, better than target,14,114,114,10400,14000,,,,7,7,7,,True,True,,,,16.285714286,0
?,False,3/8/2023,"March 8, 2023",2023 W10,,Maintenance,Owen Taylor,6,grey,color,,Line 3,Total,Total,,True,False,,Normal,0,100%,88%,0%,7.4%,0%,93%,63%,55%,0%,-05%,95.0%,,,,1,1, worse than target,( worse than target ),560,,, worse than critical,0.368421053,7,-5,0,-5,0.926315789,,,,0,,0, better than target,3,88,95,95,44989,Point,Point,Point,Point,Point,Point,Point,0,, worse than target,2.142857143,,0.678571429,8,8,100,Point,Point,Point,Point,95, worse than critical,40, worse than target,5,95,95,8800,14000,,,,7,7,7,,False,False,,,,13.571428571,0
?,False,3/9/2023,"March 9, 2023",2023 W10,,Maintenance,Zoe Martinez,3,grey,color,,Line 3,Total,Total,,True,True,,Normal,0,100%,88%,0%,8.8%,0%,91%,74%,65%,100%,+14.0%,114.0%,,,,1,1, better than target,( better than target ),800,,, worse than critical,1.771929825,10,14,0,14,0.912280702,,,,0,,0, better than target,3,104,114,114,44989,Point,Point,Point,Point,Point,Point,Point,0,, better than target,9.285714286,,0.814285714,8,8,100,Point,Point,Point,Point,114, better than target,40, better than target,14,114,114,10400,14000,,,,7,7,7,,True,True,,,,16.285714286,0
?,False,3/10/2023,"March 10, 2023",2023 W10,3/10/2023,Material Shortage,Ava White,7,grey,color,,Line 3,Total,Total,,True,False,,Normal,1,71%,63%,0%,9.3%,25%,91%,63%,55%,0%,-03%,97.0%,1,,,1,1, worse than target,( worse than target ),720,4520,4520, worse than critical,2.278350515,9,-3,0,-3,0.907216495,5,19.4,2,3400,3800,2, worse than critical,18,88,97,97,44989,Point,Point,Point,Point,Point,Point,Point,0,, worse than target,2.142857143,0,0.97,6,8,100,Point,Point,Point,Point,97, worse than critical,40, worse than target,3,97,97,8800,14000,4280,31%,2,5,7,7,,False,False,0,,,19.4,2
?,False,3/11/2023,"March 11, 2023",2023 W10,3/11/2023,Maintenance,Mia Smith,7,grey,color,3/11/2023,Line 3,Total,Total,,True,True,,Normal,1,100%,63%,0%,11.4%,25%,89%,101%,63%,100%,+14.0%,114.0%,1,1,,1,1, better than target,( better than target ),1040,8440,8440, worse than critical,4.403508772,13,14,0,14,0.885964912,5,22.8,2,3400,7400,2, worse than critical,18,101,114,114,44989,Point,Point,Point,Point,Point,Point,Point,2,2, better than target,36,0,1.14,6,8,100,Point,Point,Point,Point,114, better than target,40, better than target,14,114,114,10100,14000,1660,12%,0,5,7,5,5,True,True,0,,20,22.8,0
?,False,3/12/2023,"March 12, 2023",2023 W10,3/12/2023,Maintenance,Finn Sullivan,8,grey,color,3/12/2023,Line 3,Total,Total,,True,True,,Challenging,1,100%,63%,100%,12.3%,25%,88%,93%,58%,100%,+6.0%,106.0%,1,1,,1,1, better than target,( better than target ),1040,8440,8440, worse than critical,5.264150943,13,6,0,6,0.877358491,5,21.2,2,3400,7400,2, worse than critical,18,93,106,106,44989,Point,Point,Point,Point,Point,Point,Point,2,2, better than target,28,0,1.06,6,8,100,Point,Point,Point,Point,106, better than target,40, better than target,6.000000000,106,106,9300,14000,860,6%,0,5,7,5,5,True,True,0,,20,21.2,0
?,False,3/13/2023,"March 13, 2023",2023 W11,3/13/2023,Tech Issue,Finn Sullivan,9,grey,color,,Line 3,Total,Total,,True,False,3/13/2023,Challenging,1,71%,63%,100%,13.3%,25%,87%,61%,53%,0%,-02%,98.0%,1,,1,1,1, worse than target,( worse than target ),1040,12440,12440, worse than critical,6.265306122,13,-2,0,-2,0.867346939,5,19.6,2,3400,11400,2, worse than critical,18,85,98,98,44996,Point,Point,Point,Point,Point,Point,Point,0,, worse than target,4.285714286,0,0.98,6,8,100,Point,Point,Point,Point,98, worse than critical,40, worse than target,2,98,98,8500,14000,-3940,-28%,0,5,7,7,,False,False,2,2,,19.6,2
?,False,3/14/2023,"March 14, 2023",2023 W11,,Tech Issue,Luna Garcia,5,grey,color,,Line 3,Total,Total,,True,True,,Challenging,0,100%,88%,100%,7.7%,0%,92%,69%,60%,100%,+4.0%,104.0%,,,,1,1, better than target,( better than target ),640,,, worse than critical,0.692307692,8,4,0,4,0.923076923,,,,0,,0, better than target,3,96,104,104,44996,Point,Point,Point,Point,Point,Point,Point,0,, better than target,3.571428571,,0.742857143,8,8,100,Point,Point,Point,Point,104, better than target,40, better than target,4,104,104,9600,14000,,,,7,7,7,,True,True,,,,14.857142857,0
?,False,3/15/2023,"March 15, 2023",2023 W11,,Tech Issue,Ivy Anderson,7,grey,color,,Line 3,Total,Total,,True,True,,Challenging,0,100%,88%,100%,7.2%,0%,93%,74%,64%,100%,+11.0%,111.0%,,,,1,1, better than target,( better than target ),640,,, worse than critical,0.207207207,8,11,0,11,0.927927928,,,,0,,0, better than target,3,103,111,111,44996,Point,Point,Point,Point,Point,Point,Point,0,, better than target,8.571428571,,0.792857143,8,8,100,Point,Point,Point,Point,111, better than target,40, better than target,11,111,111,10300,14000,,,,7,7,7,,True,True,,,,15.857142857,0
?,False,3/16/2023,"March 16, 2023",2023 W11,,Maintenance,Zoe Martinez,3,grey,color,,Line 3,Total,Total,,True,False,,Challenging,0,100%,88%,100%,11.9%,0%,88%,53%,46%,0%,-16%,84.0%,,,,1,1, worse than target,( worse than target ),800,,, worse than critical,4.904761905,10,-16,0,-16,0.880952381,,,,0,,0, better than target,3,74,84,84,44996,Point,Point,Point,Point,Point,Point,Point,0,, worse than target,12.142857143,,0.6,8,8,100,Point,Point,Point,Point,84, worse than critical,40, worse than target,16,84,84,7400,14000,,,,7,7,7,,False,False,,,,12,0
?,False,3/17/2023,"March 17, 2023",2023 W11,,Other,Zoe Martinez,6,grey,color,,Line 3,Total,Total,,True,False,,Challenging,0,100%,88%,100%,10.7%,0%,89%,54%,47%,0%,-16%,84.0%,,,,1,1, worse than target,( worse than target ),720,,, worse than critical,3.714285714,9,-16,0,-16,0.892857143,,,,0,,0, better than target,3,75,84,84,44996,Point,Point,Point,Point,Point,Point,Point,0,, worse than target,11.428571429,,0.6,8,8,100,Point,Point,Point,Point,84, worse than critical,40, worse than target,16,84,84,7500,14000,,,,7,7,7,,False,False,,,,12,0
?,False,3/18/2023,"March 18, 2023",2023 W11,,Tech Issue,Leo Johnson,1,grey,color,,Line 3,Total,Total,,True,False,,Challenging,0,100%,88%,100%,8.5%,0%,91%,54%,47%,0%,-18%,82.0%,,,,1,1, worse than target,( worse than target ),560,,, worse than critical,1.536585366,7,-18,0,-18,0.914634146,,,,0,,0, better than target,3,75,82,82,44996,Point,Point,Point,Point,Point,Point,Point,0,, worse than target,11.428571429,,0.585714286,8,8,100,Point,Point,Point,Point,82, worse than critical,40, worse than target,18,82,82,7500,14000,,,,7,7,7,,False,False,,,,11.714285714,0
?,False,3/19/2023,"March 19, 2023",2023 W11,,Tech Issue,Zoe Martinez,2,grey,color,,Line 3,Total,Total,,True,True,,Challenging,0,100%,88%,100%,11.1%,0%,89%,74%,65%,100%,+17.0%,117.0%,,,,1,1, better than target,( better than target ),1040,,, worse than critical,4.111111111,13,17,0,17,0.888888889,,,,0,,0, better than target,3,104,117,117,44996,Point,Point,Point,Point,Point,Point,Point,0,, better than target,9.285714286,,0.835714286,8,8,100,Point,Point,Point,Point,117, better than target,40, better than target,17,117,117,10400,14000,,,,7,7,7,,True,True,,,,16.714285714,0
?,False,3/20/2023,"March 20, 2023",2023 W12,3/20/2023,Material Shortage,Ava White,3,grey,color,,Line 3,Total,Total,,True,True,,Normal,1,57%,50%,0%,4.5%,38%,96%,76%,67%,100%,+12.0%,112.0%,1,,,1,1, better than target,( better than target ),400,5600,5600, worse than target,1.464285714,5,12,0,12,0.955357143,4,28,3,4600,5200,3, worse than critical,30.5,107,112,112,45003,Point,Point,Point,Point,Point,Point,Point,0,, better than target,11.428571429,0,1.4,5,8,100,Point,Point,Point,Point,112, better than target,40, better than target,12,112,112,10700,14000,5100,36%,3,4,7,7,,True,True,0,,,28,3
?,False,3/21/2023,"March 21, 2023",2023 W12,,Material Shortage,Owen Taylor,5,grey,color,,Line 3,Total,Total,,True,False,,Challenging,0,100%,88%,100%,16.0%,0%,84%,49%,43%,0%,-19%,81.0%,,,,1,1, worse than target,( worse than target ),1040,,, worse than critical,9.049382716,13,-19,0,-19,0.839506173,,,,0,,0, better than target,3,68,81,81,45003,Point,Point,Point,Point,Point,Point,Point,0,, worse than target,16.428571429,,0.578571429,8,8,100,Point,Point,Point,Point,81, worse than critical,40, worse than target,19,81,81,6800,14000,,,,7,7,7,,False,False,,,,11.571428571,0
?,False,3/22/2023,"March 22, 2023",2023 W12,,Tech Issue,Finn Sullivan,7,grey,color,,Line 3,Total,Total,,True,True,,Challenging,0,100%,88%,100%,6.9%,0%,93%,77%,68%,100%,+16.0%,116.0%,,,,1,1, better than target,( better than target ),640,,, worse than target,3.896551724,8,16,0,16,0.931034483,,,,0,,0, better than target,3,108,116,116,45003,Point,Point,Point,Point,Point,Point,Point,0,, better than target,12.142857143,,0.828571429,8,8,100,Point,Point,Point,Point,116, better than target,40, better than target,16,116,116,10800,14000,,,,7,7,7,,True,True,,,,16.571428571,0
?,False,3/23/2023,"March 23, 2023",2023 W12,,Tech Issue,Zoe Martinez,1,grey,color,,Line 3,Total,Total,,True,False,,Challenging,0,100%,88%,100%,14.6%,0%,85%,59%,51%,0%,-04%,96.0%,,,,1,1, worse than target,( worse than target ),1120,,, worse than critical,7.583333333,14,-4,0,-4,0.854166667,,,,0,,0, better than target,3,82,96,96,45003,Point,Point,Point,Point,Point,Point,Point,0,, worse than target,6.428571429,,0.685714286,8,8,100,Point,Point,Point,Point,96, worse than critical,40, worse than target,4,96,96,8200,14000,,,,7,7,7,,False,False,,,,13.714285714,0
?,False,3/24/2023,"March 24, 2023",2023 W12,3/24/2023,Other,Max Parker,9,grey,color,,Line 3,Total,Total,,True,False,,Normal,1,86%,75%,0%,8.2%,13%,92%,64%,56%,0%,-02%,98.0%,1,,,1,1, worse than target,( worse than target ),640,3040,3040, worse than critical,1.163265306,8,-2,0,-2,0.918367347,6,16.333333333,1,2200,2400,1, worse than critical,5.5,90,98,98,45003,Point,Point,Point,Point,Point,Point,Point,0,, worse than target,0.714285714,1,0.816666667,7,8,100,Point,Point,Point,Point,98, worse than critical,40, worse than target,2,98,98,9000,14000,5960,43%,0,6,7,7,,False,False,0,,,16.333333333,1
?,False,3/25/2023,"March 25, 2023",2023 W12,,Other,Ivy Anderson,3,grey,color,,Line 3,Total,Total,,True,True,,Challenging,0,100%,88%,100%,5.2%,0%,95%,78%,68%,100%,+15.0%,115.0%,,,,1,1, better than target,( better than target ),480,,, worse than target,2.217391304,6,15,0,15,0.947826087,,,,0,,0, better than target,3,109,115,115,45003,Point,Point,Point,Point,Point,Point,Point,0,, better than target,12.857142857,,0.821428571,8,8,100,Point,Point,Point,Point,115, better than target,40, better than target,15,115,115,10900,14000,,,,7,7,7,,True,True,,,,16.428571429,0
?,False,3/26/2023,"March 26, 2023",2023 W12,,Other,Max Parker,1,grey,color,,Line 3,Total,Total,,True,False,,Challenging,0,100%,88%,100%,15.0%,0%,85%,49%,43%,0%,-20%,80.0%,,,,1,1, worse than target,( worse than target ),960,,, worse than critical,8,12,-20,0,-20,0.85,,,,0,,0, better than target,3,68,80,80,45003,Point,Point,Point,Point,Point,Point,Point,0,, worse than target,16.428571429,,0.571428571,8,8,100,Point,Point,Point,Point,80, worse than critical,40, worse than target,20,80,80,6800,14000,,,,7,7,7,,False,False,,,,11.428571429,0
?,False,3/27/2023,"March 27, 2023",2023 W13,,Tech Issue,Owen Taylor,1,grey,color,,Line 3,Total,Total,,True,True,,Normal,0,100%,88%,0%,7.2%,0%,93%,74%,64%,100%,+11.0%,111.0%,,,,1,1, better than target,( better than target ),640,,, worse than critical,0.207207207,8,11,0,11,0.927927928,,,,0,,0, better than target,3,103,111,111,45010,Point,Point,Point,Point,Point,Point,Point,0,, better than target,8.571428571,,0.792857143,8,8,100,Point,Point,Point,Point,111, better than target,40, better than target,11,111,111,10300,14000,,,,7,7,7,,True,True,,,,15.857142857,0
?,False,3/28/2023,"March 28, 2023",2023 W13,,Tech Issue,Max Parker,8,grey,color,,Line 3,Total,Total,,True,True,,Normal,0,100%,88%,0%,7.8%,0%,92%,76%,66%,100%,+15.0%,115.0%,,,,1,1, better than target,( better than target ),720,,, worse than critical,0.826086957,9,15,0,15,0.921739130,,,,0,,0, better than target,3,106,115,115,45010,Point,Point,Point,Point,Point,Point,Point,0,, better than target,10.714285714,,0.821428571,8,8,100,Point,Point,Point,Point,115, better than target,40, better than target,15,115,115,10600,14000,,,,7,7,7,,True,True,,,,16.428571429,0
?,False,3/29/2023,"March 29, 2023",2023 W13,,Material Shortage,Luna Garcia,5,grey,color,,Line 3,Total,Total,,True,True,,Challenging,0,100%,88%,100%,8.8%,0%,91%,74%,64%,100%,+13.0%,113.0%,,,,1,1, better than target,( better than target ),800,,, worse than critical,1.849557522,10,13,0,13,0.911504425,,,,0,,0, better than target,3,103,113,113,45010,Point,Point,Point,Point,Point,Point,Point,0,, better than target,8.571428571,,0.807142857,8,8,100,Point,Point,Point,Point,113, better than target,40, better than target,13,113,113,10300,14000,,,,7,7,7,,True,True,,,,16.142857143,0
?,False,3/30/2023,"March 30, 2023",2023 W13,,Material Shortage,Mia Smith,1,grey,color,,Line 3,Total,Total,,True,True,,Normal,0,100%,88%,0%,11.4%,0%,89%,72%,63%,100%,+14.0%,114.0%,,,,1,1, better than target,( better than target ),1040,,, worse than critical,4.403508772,13,14,0,14,0.885964912,,,,0,,0, better than target,3,101,114,114,45010,Point,Point,Point,Point,Point,Point,Point,0,, better than target,7.142857143,,0.814285714,8,8,100,Point,Point,Point,Point,114, better than target,40, better than target,14,114,114,10100,14000,,,,7,7,7,,True,True,,,,16.285714286,0
?,False,3/31/2023,"March 31, 2023",2023 W13,,Maintenance,Finn Sullivan,3,grey,color,,Line 3,Total,Total,,True,True,,Challenging,0,100%,88%,100%,12.6%,0%,87%,64%,56%,100%,+3.0%,103.0%,,,,1,1, better than target,( better than target ),1040,,, worse than critical,5.621359223,13,3,0,3,0.873786408,,,,0,,0, better than target,3,90,103,103,45010,Point,Point,Point,Point,Point,Point,Point,0,, worse than target,0.714285714,,0.735714286,8,8,100,Point,Point,Point,Point,103, better than target,40, better than target,3,103,103,9000,14000,,,,7,7,7,,True,True,,,,14.714285714,0
?,False,4/1/2023,"April 1, 2023",2023 W13,,Other,Zoe Martinez,7,grey,color,,Line 3,Total,Total,,True,False,,Challenging,0,100%,88%,100%,14.3%,0%,86%,60%,53%,0%,-02%,98.0%,,,,1,1, worse than target,( worse than target ),1120,,, worse than critical,7.285714286,14,-2,0,-2,0.857142857,,,,0,,0, better than target,3,84,98,98,45010,Point,Point,Point,Point,Point,Point,Point,0,, worse than target,5,,0.7,8,8,100,Point,Point,Point,Point,98, worse than critical,40, worse than target,2,98,98,8400,14000,,,,7,7,7,,False,False,,,,14,0
?,False,4/2/2023,"April 2, 2023",2023 W13,,Tech Issue,Leo Johnson,2,grey,color,,Line 3,Total,Total,,True,True,,Normal,0,100%,88%,0%,7.0%,0%,93%,76%,67%,100%,+15.0%,115.0%,,,,1,1, better than target,( better than target ),640,,, worse than target,3.956521739,8,15,0,15,0.930434783,,,,0,,0, better than target,3,107,115,115,45010,Point,Point,Point,Point,Point,Point,Point,0,, better than target,11.428571429,,0.821428571,8,8,100,Point,Point,Point,Point,115, better than target,40, better than target,15,115,115,10700,14000,,,,7,7,7,,True,True,,,,16.428571429,0
?,False,4/3/2023,"April 3, 2023",2023 W14,,Tech Issue,Ivy Anderson,5,grey,color,,Line 3,Total,Total,,True,False,,Normal,0,100%,88%,0%,8.1%,0%,92%,56%,49%,0%,-14%,86.0%,,,,1,1, worse than target,( worse than target ),560,,, worse than critical,1.139534884,7,-14,0,-14,0.918604651,,,,0,,0, better than target,3,79,86,86,45017,Point,Point,Point,Point,Point,Point,Point,0,, worse than target,8.571428571,,0.614285714,8,8,100,Point,Point,Point,Point,86, worse than critical,40, worse than target,14,86,86,7900,14000,,,,7,7,7,,False,False,,,,12.285714286,0
?,False,4/4/2023,"April 4, 2023",2023 W14,,Material Shortage,Owen Taylor,6,grey,color,,Line 3,Total,Total,,True,True,,Challenging,0,100%,88%,100%,5.9%,0%,94%,79%,69%,100%,+18.0%,118.0%,,,,1,1, better than target,( better than target ),560,,, worse than target,2.932203390,7,18,0,18,0.940677966,,,,0,,0, better than target,3,111,118,118,45017,Point,Point,Point,Point,Point,Point,Point,0,, better than target,14.285714286,,0.842857143,8,8,100,Point,Point,Point,Point,118, better than target,40, better than target,18,118,118,11100,14000,,,,7,7,7,,True,True,,,,16.857142857,0
?,False,4/5/2023,"April 5, 2023",2023 W14,,Material Shortage,Max Parker,3,grey,color,,Line 3,Total,Total,,True,True,,Normal,0,100%,88%,0%,7.6%,0%,92%,78%,68%,100%,+18.0%,118.0%,,,,1,1, better than target,( better than target ),720,,, worse than critical,0.627118644,9,18,0,18,0.923728814,,,,0,,0, better than target,3,109,118,118,45017,Point,Point,Point,Point,Point,Point,Point,0,, better than target,12.857142857,,0.842857143,8,8,100,Point,Point,Point,Point,118, better than target,40, better than target,18,118,118,10900,14000,,,,7,7,7,,True,True,,,,16.857142857,0
?,False,4/6/2023,"April 6, 2023",2023 W14,,Material Shortage,Ava White,4,grey,color,,Line 3,Total,Total,,True,True,,Challenging,0,100%,88%,100%,13.0%,0%,87%,67%,59%,100%,+8.0%,108.0%,,,,1,1, better than target,( better than target ),1120,,, worse than critical,5.962962963,14,8,0,8,0.870370370,,,,0,,0, better than target,3,94,108,108,45017,Point,Point,Point,Point,Point,Point,Point,0,, better than target,2.142857143,,0.771428571,8,8,100,Point,Point,Point,Point,108, better than target,40, better than target,8.000000000,108,108,9400,14000,,,,7,7,7,,True,True,,,,15.428571429,0
?,False,4/7/2023,"April 7, 2023",2023 W14,,Material Shortage,Owen Taylor,4,grey,color,,Line 3,Total,Total,,True,True,,Challenging,0,100%,88%,100%,6.0%,0%,94%,79%,69%,100%,+17.0%,117.0%,,,,1,1, better than target,( better than target ),560,,, worse than target,2.982905983,7,17,0,17,0.940170940,,,,0,,0, better than target,3,110,117,117,45017,Point,Point,Point,Point,Point,Point,Point,0,, better than target,13.571428571,,0.835714286,8,8,100,Point,Point,Point,Point,117, better than target,40, better than target,17,117,117,11000,14000,,,,7,7,7,,True,True,,,,16.714285714,0
?,False,4/8/2023,"April 8, 2023",2023 W14,,Material Shortage,Finn Sullivan,4,grey,color,,Line 3,Total,Total,,True,True,,Normal,0,100%,88%,0%,11.3%,0%,89%,73%,64%,100%,+15.0%,115.0%,,,,1,1, better than target,( better than target ),1040,,, worse than critical,4.304347826,13,15,0,15,0.886956522,,,,0,,0, better than target,3,102,115,115,45017,Point,Point,Point,Point,Point,Point,Point,0,, better than target,7.857142857,,0.821428571,8,8,100,Point,Point,Point,Point,115, better than target,40, better than target,15,115,115,10200,14000,,,,7,7,7,,True,True,,,,16.428571429,0
?,False,4/9/2023,"April 9, 2023",2023 W14,,Maintenance,Zoe Martinez,4,grey,color,,Line 3,Total,Total,,True,False,,Normal,0,100%,88%,0%,12.1%,0%,88%,62%,54%,0%,-01%,99.0%,,,,1,1, worse than target,( worse than target ),960,,, worse than critical,5.121212121,12,-1,0,-1,0.878787879,,,,0,,0, better than target,3,87,99,99,45017,Point,Point,Point,Point,Point,Point,Point,0,, worse than target,2.857142857,,0.707142857,8,8,100,Point,Point,Point,Point,99, worse than critical,40, worse than target,1,99,99,8700,14000,,,,7,7,7,,False,False,,,,14.142857143,0
?,False,4/10/2023,"April 10, 2023",2023 W15,,Tech Issue,Ivy Anderson,2,grey,color,,Line 3,Total,Total,,True,True,,Challenging,0,100%,88%,100%,10.0%,0%,90%,71%,62%,100%,+10.0%,110.0%,,,,1,1, better than target,( better than target ),880,,, worse than critical,3,11,10,0,10,0.9,,,,0,,0, better than target,3,99,110,110,45024,Point,Point,Point,Point,Point,Point,Point,0,, better than target,5.714285714,,0.785714286,8,8,100,Point,Point,Point,Point,110, better than target,40, better than target,10,110,110,9900,14000,,,,7,7,7,,True,True,,,,15.714285714,0
?,False,4/11/2023,"April 11, 2023",2023 W15,,Material Shortage,Max Parker,9,grey,color,,Line 3,Total,Total,,True,False,,Challenging,0,100%,88%,100%,12.6%,0%,87%,59%,52%,0%,-05%,95.0%,,,,1,1, worse than target,( worse than target ),960,,, worse than critical,5.631578947,12,-5,0,-5,0.873684211,,,,0,,0, better than target,3,83,95,95,45024,Point,Point,Point,Point,Point,Point,Point,0,, worse than target,5.714285714,,0.678571429,8,8,100,Point,Point,Point,Point,95, worse than critical,40, worse than target,5,95,95,8300,14000,,,,7,7,7,,False,False,,,,13.571428571,0
?,False,4/12/2023,"April 12, 2023",2023 W15,,Maintenance,Ivy Anderson,5,grey,color,,Line 3,Total,Total,,True,False,,Challenging,0,100%,88%,100%,5.7%,0%,94%,59%,51%,0%,-13%,87.0%,,,,1,1, worse than target,( worse than target ),400,,, worse than target,2.747126437,5,-13,0,-13,0.942528736,,,,0,,0, better than target,3,82,87,87,45024,Point,Point,Point,Point,Point,Point,Point,0,, worse than target,6.428571429,,0.621428571,8,8,100,Point,Point,Point,Point,87, worse than critical,40, worse than target,13,87,87,8200,14000,,,,7,7,7,,False,False,,,,12.428571429,0
?,False,4/13/2023,"April 13, 2023",2023 W15,4/13/2023,Tech Issue,Mia Smith,4,grey,color,,Line 3,Total,Total,,True,False,4/13/2023,Challenging,1,57%,50%,100%,8.9%,38%,91%,59%,51%,0%,-10%,90.0%,1,,1,1,1, worse than target,( worse than target ),640,17240,17240, worse than critical,1.888888889,8,-10,0,-10,0.911111111,4,22.5,3,4600,16600,3, worse than critical,30.5,82,90,90,45024,Point,Point,Point,Point,Point,Point,Point,0,, worse than target,6.428571429,0,1.125,5,8,100,Point,Point,Point,Point,90, worse than critical,40, worse than target,10,90,90,8200,14000,-9040,-65%,0,4,7,7,,False,False,3,3,,22.5,3
?,False,4/14/2023,"April 14, 2023",2023 W15,,Maintenance,Ava White,1,grey,color,,Line 3,Total,Total,,True,False,,Normal,0,100%,88%,0%,8.6%,0%,91%,53%,46%,0%,-19%,81.0%,,,,1,1, worse than target,( worse than target ),560,,, worse than critical,1.641975309,7,-19,0,-19,0.913580247,,,,0,,0, better than target,3,74,81,81,45024,Point,Point,Point,Point,Point,Point,Point,0,, worse than target,12.142857143,,0.578571429,8,8,100,Point,Point,Point,Point,81, worse than critical,40, worse than target,19,81,81,7400,14000,,,,7,7,7,,False,False,,,,11.571428571,0
?,False,4/15/2023,"April 15, 2023",2023 W15,4/15/2023,Maintenance,Zoe Martinez,5,grey,color,4/15/2023,Line 3,Total,Total,,True,False,,Challenging,1,100%,63%,100%,5.1%,25%,95%,94%,59%,0%,-01%,99.0%,1,1,,1,1, worse than target,( worse than target ),400,7800,7800, worse than target,2.050505051,5,-1,0,-1,0.949494949,5,19.8,2,3400,7400,2, worse than critical,18,94,99,99,45024,Point,Point,Point,Point,Point,Point,Point,2,2, better than target,29,0,0.99,6,8,100,Point,Point,Point,Point,99, worse than critical,40, worse than target,1,99,99,9400,14000,1600,11%,0,5,7,5,5,False,False,0,,20,19.8,0
?,False,4/16/2023,"April 16, 2023",2023 W15,4/16/2023,Material Shortage,Leo Johnson,7,grey,color,,Line 3,Total,Total,,True,True,,Challenging,1,86%,75%,100%,7.2%,13%,93%,74%,64%,100%,+11.0%,111.0%,1,,,1,1, better than target,( better than target ),640,3040,3040, worse than critical,0.207207207,8,11,0,11,0.927927928,6,18.5,1,2200,2400,1, worse than critical,5.5,103,111,111,45024,Point,Point,Point,Point,Point,Point,Point,0,, better than target,8.571428571,0,0.925,7,8,100,Point,Point,Point,Point,111, better than target,40, better than target,11,111,111,10300,14000,7260,52%,1,6,7,7,,True,True,0,,,18.5,1
?,False,4/17/2023,"April 17, 2023",2023 W16,,Material Shortage,Ivy Anderson,2,grey,color,,Line 3,Total,Total,,True,True,,Challenging,0,100%,88%,100%,8.7%,0%,91%,75%,66%,100%,+15.0%,115.0%,,,,1,1, better than target,( better than target ),800,,, worse than critical,1.695652174,10,15,0,15,0.913043478,,,,0,,0, better than target,3,105,115,115,45031,Point,Point,Point,Point,Point,Point,Point,0,, better than target,10.000000000,,0.821428571,8,8,100,Point,Point,Point,Point,115, better than target,40, better than target,15,115,115,10500,14000,,,,7,7,7,,True,True,,,,16.428571429,0
?,False,4/18/2023,"April 18, 2023",2023 W16,,Other,Eli Brown,7,grey,color,,Line 3,Total,Total,,True,True,,Challenging,0,100%,88%,100%,7.1%,0%,93%,75%,66%,100%,+13.0%,113.0%,,,,1,1, better than target,( better than target ),640,,, worse than critical,0.079646018,8,13,0,13,0.929203540,,,,0,,0, better than target,3,105,113,113,45031,Point,Point,Point,Point,Point,Point,Point,0,, better than target,10,,0.807142857,8,8,100,Point,Point,Point,Point,113, better than target,40, better than target,13,113,113,10500,14000,,,,7,7,7,,True,True,,,,16.142857143,0
?,False,4/19/2023,"April 19, 2023",2023 W16,,Material Shortage,Finn Sullivan,5,grey,color,,Line 3,Total,Total,,True,True,,Challenging,0,100%,88%,100%,7.2%,0%,93%,74%,64%,100%,+11.0%,111.0%,,,,1,1, better than target,( better than target ),640,,, worse than critical,0.207207207,8,11,0,11,0.927927928,,,,0,,0, better than target,3,103,111,111,45031,Point,Point,Point,Point,Point,Point,Point,0,, better than target,8.571428571,,0.792857143,8,8,100,Point,Point,Point,Point,111, better than target,40, better than target,11,111,111,10300,14000,,,,7,7,7,,True,True,,,,15.857142857,0
?,False,4/20/2023,"April 20, 2023",2023 W16,,Maintenance,Max Parker,3,grey,color,,Line 3,Total,Total,,True,True,,Challenging,0,100%,88%,100%,11.8%,0%,88%,75%,66%,100%,+19.0%,119.0%,,,,1,1, better than target,( better than target ),1120,,, worse than critical,4.764705882,14,19,0,19,0.882352941,,,,0,,0, better than target,3,105,119,119,45031,Point,Point,Point,Point,Point,Point,Point,0,, better than target,10,,0.85,8,8,100,Point,Point,Point,Point,119, better than target,40, better than target,19,119,119,10500,14000,,,,7,7,7,,True,True,,,,17,0
?,False,4/21/2023,"April 21, 2023",2023 W16,4/21/2023,Maintenance,Mia Smith,8,grey,color,4/21/2023,Line 3,Total,Total,,True,True,,Normal,1,100%,50%,0%,10.6%,38%,89%,116%,58%,100%,+4.0%,104.0%,1,1,,1,1, better than target,( better than target ),880,11480,11480, worse than critical,3.576923077,11,4,0,4,0.894230769,4,26,3,4600,10600,3, worse than critical,30.5,93,104,104,45031,Point,Point,Point,Point,Point,Point,Point,3,3, better than target,51.25,0,1.3,5,8,100,Point,Point,Point,Point,104, better than target,40, better than target,4,104,104,9300,14000,-2180,-16%,0,4,7,4,4,True,True,0,,25,26,0
?,False,4/22/2023,"April 22, 2023",2023 W16,4/22/2023,Other,Zoe Martinez,8,grey,color,,Line 3,Total,Total,,True,True,,Challenging,1,86%,75%,100%,11.1%,13%,89%,69%,60%,100%,+8.0%,108.0%,1,,,1,1, better than target,( better than target ),960,3360,3360, worse than critical,4.111111111,12,8,0,8,0.888888889,6,18,1,2200,2400,1, worse than critical,5.5,96,108,108,45031,Point,Point,Point,Point,Point,Point,Point,0,, better than target,3.571428571,1,0.9,7,8,100,Point,Point,Point,Point,108, better than target,40, better than target,8.000000000,108,108,9600,14000,6240,45%,0,6,7,7,,True,True,0,,,18,1
?,False,4/23/2023,"April 23, 2023",2023 W16,4/23/2023,Other,Finn Sullivan,1,grey,color,,Line 3,Total,Total,,True,True,,Challenging,1,86%,75%,100%,12.1%,13%,88%,73%,64%,100%,+16.0%,116.0%,1,,,1,1, better than target,( better than target ),1120,3520,3520, worse than critical,5.068965517,14,16,0,16,0.879310345,6,19.333333333,1,2200,2400,1, worse than critical,5.5,102,116,116,45031,Point,Point,Point,Point,Point,Point,Point,0,, better than target,7.857142857,1,0.966666667,7,8,100,Point,Point,Point,Point,116, better than target,40, better than target,16,116,116,10200,14000,6680,48%,0,6,7,7,,True,True,0,,,19.333333333,1
?,False,4/24/2023,"April 24, 2023",2023 W17,,Tech Issue,Ivy Anderson,9,grey,color,,Line 3,Total,Total,,True,False,,Normal,0,100%,88%,0%,10.0%,0%,90%,58%,51%,0%,-10%,90.0%,,,,1,1, worse than target,( worse than target ),720,,, worse than critical,3,9,-10,0,-10,0.9,,,,0,,0, better than target,3,81,90,90,45038,Point,Point,Point,Point,Point,Point,Point,0,, worse than target,7.142857143,,0.642857143,8,8,100,Point,Point,Point,Point,90, worse than critical,40, worse than target,10,90,90,8100,14000,,,,7,7,7,,False,False,,,,12.857142857,0
?,False,4/25/2023,"April 25, 2023",2023 W17,4/25/2023,Tech Issue,Zoe Martinez,5,grey,color,,Line 3,Total,Total,,True,True,4/25/2023,Challenging,1,71%,63%,100%,11.5%,25%,88%,71%,63%,100%,+13.0%,113.0%,1,,1,1,1, better than target,( better than target ),1040,12440,12440, worse than critical,4.504424779,13,13,0,13,0.884955752,5,22.6,2,3400,11400,2, worse than critical,18,100,113,113,45038,Point,Point,Point,Point,Point,Point,Point,0,, better than target,6.428571429,0,1.13,6,8,100,Point,Point,Point,Point,113, better than target,40, better than target,13,113,113,10000,14000,-2440,-17%,0,5,7,7,,True,True,2,2,,22.6,2
?,False,4/26/2023,"April 26, 2023",2023 W17,,Other,Mia Smith,9,grey,color,,Line 3,Total,Total,,True,False,,Challenging,0,100%,88%,100%,12.2%,0%,88%,56%,49%,0%,-10%,90.0%,,,,1,1, worse than target,( worse than target ),880,,, worse than critical,5.222222222,11,-10,0,-10,0.877777778,,,,0,,0, better than target,3,79,90,90,45038,Point,Point,Point,Point,Point,Point,Point,0,, worse than target,8.571428571,,0.642857143,8,8,100,Point,Point,Point,Point,90, worse than critical,40, worse than target,10,90,90,7900,14000,,,,7,7,7,,False,False,,,,12.857142857,0
?,False,4/27/2023,"April 27, 2023",2023 W17,,Material Shortage,Eli Brown,3,grey,color,,Line 3,Total,Total,,True,True,,Challenging,0,100%,88%,100%,11.8%,0%,88%,69%,61%,100%,+10.0%,110.0%,,,,1,1, better than target,( better than target ),1040,,, worse than critical,4.818181818,13,10,0,10,0.881818182,,,,0,,0, better than target,3,97,110,110,45038,Point,Point,Point,Point,Point,Point,Point,0,, better than target,4.285714286,,0.785714286,8,8,100,Point,Point,Point,Point,110, better than target,40, better than target,10,110,110,9700,14000,,,,7,7,7,,True,True,,,,15.714285714,0
?,False,4/28/2023,"April 28, 2023",2023 W17,,Material Shortage,Leo Johnson,9,grey,color,,Line 3,Total,Total,,True,False,,Normal,0,100%,88%,0%,11.0%,0%,89%,52%,46%,0%,-18%,82.0%,,,,1,1, worse than target,( worse than target ),720,,, worse than critical,3.975609756,9,-18,0,-18,0.890243902,,,,0,,0, better than target,3,73,82,82,45038,Point,Point,Point,Point,Point,Point,Point,0,, worse than target,12.857142857,,0.585714286,8,8,100,Point,Point,Point,Point,82, worse than critical,40, worse than target,18,82,82,7300,14000,,,,7,7,7,,False,False,,,,11.714285714,0
?,False,4/29/2023,"April 29, 2023",2023 W17,4/29/2023,Other,Finn Sullivan,9,grey,color,,Line 3,Total,Total,,True,True,,Normal,1,57%,50%,0%,6.7%,38%,93%,79%,69%,100%,+19.0%,119.0%,1,,,1,1, better than target,( better than target ),640,5840,5840, worse than target,3.722689076,8,19,0,19,0.932773109,4,29.75,3,4600,5200,3, worse than critical,30.5,111,119,119,45038,Point,Point,Point,Point,Point,Point,Point,0,, better than target,14.285714286,3,1.4875,5,8,100,Point,Point,Point,Point,119, better than target,40, better than target,19,119,119,11100,14000,5260,38%,0,4,7,7,,True,True,0,,,29.75,3
?,False,4/30/2023,"April 30, 2023",2023 W17,4/30/2023,Tech Issue,Ivy Anderson,6,grey,color,,Line 3,Total,Total,,True,False,4/30/2023,Normal,1,71%,63%,0%,15.9%,25%,84%,53%,46%,0%,-12%,88.0%,1,,1,1,1, worse than target,( worse than target ),1120,12520,12520, worse than critical,8.909090909,14,-12,0,-12,0.840909091,5,17.6,2,3400,11400,2, worse than critical,18,74,88,88,45038,Point,Point,Point,Point,Point,Point,Point,0,, worse than target,12.142857143,0,0.88,6,8,100,Point,Point,Point,Point,88, worse than critical,40, worse than target,12,88,88,7400,14000,-5120,-37%,0,5,7,7,,False,False,2,2,,17.6,2
?,False,5/1/2023,"May 1, 2023",2023 W18,,Tech Issue,Zoe Martinez,3,grey,color,,Line 3,Total,Total,,True,False,,Challenging,0,100%,88%,100%,9.7%,0%,90%,60%,53%,0%,-07%,93.0%,,,,1,1, worse than target,( worse than target ),720,,, worse than critical,2.677419355,9,-7,0,-7,0.903225806,,,,0,,0, better than target,3,84,93,93,45045,Point,Point,Point,Point,Point,Point,Point,0,, worse than target,5.000000000,,0.664285714,8,8,100,Point,Point,Point,Point,93, worse than critical,40, worse than target,7.000000000,93,93,8400,14000,,,,7,7,7,,False,False,,,,13.285714286,0
?,False,5/2/2023,"May 2, 2023",2023 W18,5/2/2023,Maintenance,Eli Brown,8,grey,color,5/2/2023,Line 3,Total,Total,,True,False,,Challenging,1,100%,50%,100%,9.0%,38%,91%,101%,51%,0%,-11%,89.0%,1,1,,1,1, worse than target,( worse than target ),640,11240,11240, worse than critical,1.988764045,8,-11,0,-11,0.910112360,4,22.25,3,4600,10600,3, worse than critical,30.5,81,89,89,45045,Point,Point,Point,Point,Point,Point,Point,3,3, better than target,36.25,0,1.1125,5,8,100,Point,Point,Point,Point,89, worse than critical,40, worse than target,11,89,89,8100,14000,-3140,-22%,0,4,7,4,4,False,False,0,,25,22.25,0
?,False,5/3/2023,"May 3, 2023",2023 W18,,Material Shortage,Owen Taylor,3,grey,color,,Line 3,Total,Total,,True,False,,Challenging,0,100%,88%,100%,10.3%,0%,90%,62%,54%,0%,-03%,97.0%,,,,1,1, worse than target,( worse than target ),800,,, worse than critical,3.309278351,10,-3,0,-3,0.896907216,,,,0,,0, better than target,3,87,97,97,45045,Point,Point,Point,Point,Point,Point,Point,0,, worse than target,2.857142857,,0.692857143,8,8,100,Point,Point,Point,Point,97, worse than critical,40, worse than target,3,97,97,8700,14000,,,,7,7,7,,False,False,,,,13.857142857,0
?,False,5/4/2023,"May 4, 2023",2023 W18,,Material Shortage,Ava White,4,grey,color,,Line 3,Total,Total,,True,True,,Normal,0,100%,88%,0%,8.9%,0%,91%,66%,58%,100%,+1.0%,101.0%,,,,1,1, better than target,( better than target ),720,,, worse than critical,1.910891089,9,1,0,1,0.910891089,,,,0,,0, better than target,3,92,101,101,45045,Point,Point,Point,Point,Point,Point,Point,0,, better than target,0.714285714,,0.721428571,8,8,100,Point,Point,Point,Point,101, better than target,40, better than target,1,101,101,9200,14000,,,,7,7,7,,True,True,,,,14.428571429,0
?,False,5/5/2023,"May 5, 2023",2023 W18,,Maintenance,Luna Garcia,7,grey,color,,Line 3,Total,Total,,True,False,,Normal,0,100%,88%,0%,6.0%,0%,94%,56%,49%,0%,-17%,83.0%,,,,1,1, worse than target,( worse than target ),400,,, worse than target,3.024096386,5,-17,0,-17,0.939759036,,,,0,,0, better than target,3,78,83,83,45045,Point,Point,Point,Point,Point,Point,Point,0,, worse than target,9.285714286,,0.592857143,8,8,100,Point,Point,Point,Point,83, worse than critical,40, worse than target,17,83,83,7800,14000,,,,7,7,7,,False,False,,,,11.857142857,0
?,False,5/6/2023,"May 6, 2023",2023 W18,5/6/2023,Other,Eli Brown,8,grey,color,,Line 3,Total,Total,,True,False,,Challenging,1,57%,50%,100%,14.3%,38%,86%,60%,53%,0%,-02%,98.0%,1,,,1,1, worse than target,( worse than target ),1120,6320,6320, worse than critical,7.285714286,14,-2,0,-2,0.857142857,4,24.5,3,4600,5200,3, worse than critical,30.5,84,98,98,45045,Point,Point,Point,Point,Point,Point,Point,0,, worse than target,5,3,1.225,5,8,100,Point,Point,Point,Point,98, worse than critical,40, worse than target,2,98,98,8400,14000,2080,15%,0,4,7,7,,False,False,0,,,24.5,3
?,False,5/7/2023,"May 7, 2023",2023 W18,,Material Shortage,Ava White,2,grey,color,,Line 3,Total,Total,,True,False,,Normal,0,100%,88%,0%,12.6%,0%,87%,59%,52%,0%,-05%,95.0%,,,,1,1, worse than target,( worse than target ),960,,, worse than critical,5.631578947,12,-5,0,-5,0.873684211,,,,0,,0, better than target,3,83,95,95,45045,Point,Point,Point,Point,Point,Point,Point,0,, worse than target,5.714285714,,0.678571429,8,8,100,Point,Point,Point,Point,95, worse than critical,40, worse than target,5,95,95,8300,14000,,,,7,7,7,,False,False,,,,13.571428571,0
?,False,5/8/2023,"May 8, 2023",2023 W19,,Tech Issue,Ava White,7,grey,color,,Line 3,Total,Total,,True,False,,Normal,0,100%,88%,0%,5.7%,0%,94%,59%,51%,0%,-13%,87.0%,,,,1,1, worse than target,( worse than target ),400,,, worse than target,2.747126437,5,-13,0,-13,0.942528736,,,,0,,0, better than target,3,82,87,87,45052,Point,Point,Point,Point,Point,Point,Point,0,, worse than target,6.428571429,,0.621428571,8,8,100,Point,Point,Point,Point,87, worse than critical,40, worse than target,13,87,87,8200,14000,,,,7,7,7,,False,False,,,,12.428571429,0
?,False,5/9/2023,"May 9, 2023",2023 W19,,Other,Ivy Anderson,5,grey,color,,Line 3,Total,Total,,True,True,,Challenging,0,100%,88%,100%,5.8%,0%,94%,69%,61%,100%,+3.0%,103.0%,,,,1,1, better than target,( better than target ),480,,, worse than target,2.825242718,6,3,0,3,0.941747573,,,,0,,0, better than target,3,97,103,103,45052,Point,Point,Point,Point,Point,Point,Point,0,, better than target,4.285714286,,0.735714286,8,8,100,Point,Point,Point,Point,103, better than target,40, better than target,3,103,103,9700,14000,,,,7,7,7,,True,True,,,,14.714285714,0
?,False,5/10/2023,"May 10, 2023",2023 W19,5/10/2023,Other,Luna Garcia,6,grey,color,,Line 3,Total,Total,,True,False,,Normal,1,86%,75%,0%,16.3%,13%,84%,48%,42%,0%,-20%,80.0%,1,,,1,1, worse than target,( worse than target ),1040,3440,3440, worse than critical,9.25,13,-20,0,-20,0.8375,6,13.333333333,1,2200,2400,1, worse than critical,5.5,67,80,80,45052,Point,Point,Point,Point,Point,Point,Point,0,, worse than target,17.142857143,1,0.666666667,7,8,100,Point,Point,Point,Point,80, worse than critical,40, worse than target,20,80,80,6700,14000,3260,23%,0,6,7,7,,False,False,0,,,13.333333333,1
?,False,5/11/2023,"May 11, 2023",2023 W19,5/11/2023,Other,Leo Johnson,2,grey,color,,Line 3,Total,Total,,True,False,,Challenging,1,71%,63%,100%,10.0%,25%,90%,58%,51%,0%,-10%,90.0%,1,,,1,1, worse than target,( worse than target ),720,4520,4520, worse than critical,3,9,-10,0,-10,0.9,5,18,2,3400,3800,2, worse than critical,18,81,90,90,45052,Point,Point,Point,Point,Point,Point,Point,0,, worse than target,7.142857143,2,0.9,6,8,100,Point,Point,Point,Point,90, worse than critical,40, worse than target,10,90,90,8100,14000,3580,26%,0,5,7,7,,False,False,0,,,18,2
?,False,5/12/2023,"May 12, 2023",2023 W19,,Material Shortage,Ivy Anderson,9,grey,color,,Line 3,Total,Total,,True,False,,Challenging,0,100%,88%,100%,12.2%,0%,88%,56%,49%,0%,-10%,90.0%,,,,1,1, worse than target,( worse than target ),880,,, worse than critical,5.222222222,11,-10,0,-10,0.877777778,,,,0,,0, better than target,3,79,90,90,45052,Point,Point,Point,Point,Point,Point,Point,0,, worse than target,8.571428571,,0.642857143,8,8,100,Point,Point,Point,Point,90, worse than critical,40, worse than target,10,90,90,7900,14000,,,,7,7,7,,False,False,,,,12.857142857,0
?,False,5/13/2023,"May 13, 2023",2023 W19,,Maintenance,Mia Smith,2,grey,color,,Line 3,Total,Total,,True,False,,Challenging,0,100%,88%,100%,13.1%,0%,87%,61%,54%,0%,-01%,99.0%,,,,1,1, worse than target,( worse than target ),1040,,, worse than critical,6.131313131,13,-1,0,-1,0.868686869,,,,0,,0, better than target,3,86,99,99,45052,Point,Point,Point,Point,Point,Point,Point,0,, worse than target,3.571428571,,0.707142857,8,8,100,Point,Point,Point,Point,99, worse than critical,40, worse than target,1,99,99,8600,14000,,,,7,7,7,,False,False,,,,14.142857143,0
?,False,5/14/2023,"May 14, 2023",2023 W19,,Tech Issue,Max Parker,8,grey,color,,Line 3,Total,Total,,True,False,,Normal,0,100%,88%,0%,6.3%,0%,94%,64%,56%,0%,-04%,96.0%,,,,1,1, worse than target,( worse than target ),480,,, worse than target,3.25,6,-4,0,-4,0.9375,,,,0,,0, better than target,3,90,96,96,45052,Point,Point,Point,Point,Point,Point,Point,0,, worse than target,0.714285714,,0.685714286,8,8,100,Point,Point,Point,Point,96, worse than critical,40, worse than target,4,96,96,9000,14000,,,,7,7,7,,False,False,,,,13.714285714,0
?,False,5/15/2023,"May 15, 2023",2023 W20,5/15/2023,Maintenance,Max Parker,1,grey,color,5/15/2023,Line 3,Total,Total,,True,False,,Challenging,1,100%,63%,100%,12.5%,25%,88%,84%,53%,0%,-04%,96.0%,1,1,,1,1, worse than target,( worse than target ),960,8360,8360, worse than critical,5.5,12,-4,0,-4,0.875,5,19.2,2,3400,7400,2, worse than critical,18,84,96,96,45059,Point,Point,Point,Point,Point,Point,Point,2,2, better than target,19,0,0.96,6,8,100,Point,Point,Point,Point,96, worse than critical,40, worse than target,4,96,96,8400,14000,40,0%,0,5,7,5,5,False,False,0,,20,19.2,0
?,False,5/16/2023,"May 16, 2023",2023 W20,,Other,Ava White,4,grey,color,,Line 3,Total,Total,,True,True,,Normal,0,100%,88%,0%,12.1%,0%,88%,67%,59%,100%,+7.0%,107.0%,,,,1,1, better than target,( better than target ),1040,,, worse than critical,5.149532710,13,7,0,7,0.878504673,,,,0,,0, better than target,3,94,107,107,45059,Point,Point,Point,Point,Point,Point,Point,0,, better than target,2.142857143,,0.764285714,8,8,100,Point,Point,Point,Point,107, better than target,40, better than target,7.000000000,107,107,9400,14000,,,,7,7,7,,True,True,,,,15.285714286,0
?,False,5/17/2023,"May 17, 2023",2023 W20,,Other,Leo Johnson,6,grey,color,,Line 3,Total,Total,,True,True,,Normal,0,100%,88%,0%,6.1%,0%,94%,76%,67%,100%,+14.0%,114.0%,,,,1,1, better than target,( better than target ),560,,, worse than target,3.140350877,7,14,0,14,0.938596491,,,,0,,0, better than target,3,107,114,114,45059,Point,Point,Point,Point,Point,Point,Point,0,, better than target,11.428571429,,0.814285714,8,8,100,Point,Point,Point,Point,114, better than target,40, better than target,14,114,114,10700,14000,,,,7,7,7,,True,True,,,,16.285714286,0
?,False,5/18/2023,"May 18, 2023",2023 W20,,Other,Ava White,6,grey,color,,Line 3,Total,Total,,True,True,,Challenging,0,100%,88%,100%,9.5%,0%,90%,68%,59%,100%,+5.0%,105.0%,,,,1,1, better than target,( better than target ),800,,, worse than critical,2.523809524,10,5,0,5,0.904761905,,,,0,,0, better than target,3,95,105,105,45059,Point,Point,Point,Point,Point,Point,Point,0,, better than target,2.857142857,,0.75,8,8,100,Point,Point,Point,Point,105, better than target,40, better than target,5,105,105,9500,14000,,,,7,7,7,,True,True,,,,15,0
?,False,5/19/2023,"May 19, 2023",2023 W20,,Other,Luna Garcia,3,grey,color,,Line 3,Total,Total,,True,False,,Challenging,0,100%,88%,100%,11.6%,0%,88%,60%,53%,0%,-05%,95.0%,,,,1,1, worse than target,( worse than target ),880,,, worse than critical,4.578947368,11,-5,0,-5,0.884210526,,,,0,,0, better than target,3,84,95,95,45059,Point,Point,Point,Point,Point,Point,Point,0,, worse than target,5,,0.678571429,8,8,100,Point,Point,Point,Point,95, worse than critical,40, worse than target,5,95,95,8400,14000,,,,7,7,7,,False,False,,,,13.571428571,0
?,False,5/20/2023,"May 20, 2023",2023 W20,5/20/2023,Maintenance,Ivy Anderson,3,grey,color,5/20/2023,Line 3,Total,Total,,True,False,,Normal,1,100%,75%,0%,5.4%,13%,95%,73%,54%,0%,-08%,92.0%,1,1,,1,1, worse than target,( worse than target ),400,4600,4600, worse than target,2.434782609,5,-8,0,-8,0.945652174,6,15.333333333,1,2200,4200,1, worse than critical,5.5,87,92,92,45059,Point,Point,Point,Point,Point,Point,Point,1,1, better than target,7.500000000,0,0.766666667,7,8,100,Point,Point,Point,Point,92, worse than critical,40, worse than target,8,92,92,8700,14000,4100,29%,0,6,7,6,6,False,False,0,,16.666666667,15.333333333,0
?,False,5/21/2023,"May 21, 2023",2023 W20,,Material Shortage,Luna Garcia,6,grey,color,,Line 3,Total,Total,,True,False,,Normal,0,100%,88%,0%,6.1%,0%,94%,55%,48%,0%,-18%,82.0%,,,,1,1, worse than target,( worse than target ),400,,, worse than target,3.097560976,5,-18,0,-18,0.939024390,,,,0,,0, better than target,3,77,82,82,45059,Point,Point,Point,Point,Point,Point,Point,0,, worse than target,10,,0.585714286,8,8,100,Point,Point,Point,Point,82, worse than critical,40, worse than target,18,82,82,7700,14000,,,,7,7,7,,False,False,,,,11.714285714,0
?,False,5/22/2023,"May 22, 2023",2023 W21,,Maintenance,Mia Smith,7,grey,color,,Line 3,Total,Total,,True,True,,Normal,0,100%,88%,0%,9.3%,0%,91%,70%,61%,100%,+8.0%,108.0%,,,,1,1, better than target,( better than target ),800,,, worse than critical,2.259259259,10,8,0,8,0.907407407,,,,0,,0, better than target,3,98,108,108,45066,Point,Point,Point,Point,Point,Point,Point,0,, better than target,5,,0.771428571,8,8,100,Point,Point,Point,Point,108, better than target,40, better than target,8.000000000,108,108,9800,14000,,,,7,7,7,,True,True,,,,15.428571429,0
?,False,5/23/2023,"May 23, 2023",2023 W21,,Other,Max Parker,5,grey,color,,Line 3,Total,Total,,True,True,,Normal,0,100%,88%,0%,8.6%,0%,91%,69%,60%,100%,+5.0%,105.0%,,,,1,1, better than target,( better than target ),720,,, worse than critical,1.571428571,9,5,0,5,0.914285714,,,,0,,0, better than target,3,96,105,105,45066,Point,Point,Point,Point,Point,Point,Point,0,, better than target,3.571428571,,0.75,8,8,100,Point,Point,Point,Point,105, better than target,40, better than target,5,105,105,9600,14000,,,,7,7,7,,True,True,,,,15,0
?,False,5/24/2023,"May 24, 2023",2023 W21,,Material Shortage,Zoe Martinez,7,grey,color,,Line 3,Total,Total,,True,True,,Challenging,0,100%,88%,100%,13.7%,0%,86%,63%,55%,100%,+2.0%,102.0%,,,,1,1, better than target,( better than target ),1120,,, worse than critical,6.725490196,14,2,0,2,0.862745098,,,,0,,0, better than target,3,88,102,102,45066,Point,Point,Point,Point,Point,Point,Point,0,, worse than target,2.142857143,,0.728571429,8,8,100,Point,Point,Point,Point,102, better than target,40, better than target,2,102,102,8800,14000,,,,7,7,7,,True,True,,,,14.571428571,0
?,False,5/25/2023,"May 25, 2023",2023 W21,,Other,Finn Sullivan,6,grey,color,,Line 3,Total,Total,,True,False,,Normal,0,100%,88%,0%,5.8%,0%,94%,58%,51%,0%,-14%,86.0%,,,,1,1, worse than target,( worse than target ),400,,, worse than target,2.813953488,5,-14,0,-14,0.941860465,,,,0,,0, better than target,3,81,86,86,45066,Point,Point,Point,Point,Point,Point,Point,0,, worse than target,7.142857143,,0.614285714,8,8,100,Point,Point,Point,Point,86, worse than critical,40, worse than target,14,86,86,8100,14000,,,,7,7,7,,False,False,,,,12.285714286,0
?,False,5/26/2023,"May 26, 2023",2023 W21,,Maintenance,Owen Taylor,7,grey,color,,Line 3,Total,Total,,True,False,,Normal,0,100%,88%,0%,10.0%,0%,90%,58%,51%,0%,-10%,90.0%,,,,1,1, worse than target,( worse than target ),720,,, worse than critical,3,9,-10,0,-10,0.9,,,,0,,0, better than target,3,81,90,90,45066,Point,Point,Point,Point,Point,Point,Point,0,, worse than target,7.142857143,,0.642857143,8,8,100,Point,Point,Point,Point,90, worse than critical,40, worse than target,10,90,90,8100,14000,,,,7,7,7,,False,False,,,,12.857142857,0
?,False,5/27/2023,"May 27, 2023",2023 W21,5/27/2023,Material Shortage,Finn Sullivan,1,grey,color,,Line 3,Total,Total,,True,False,,Challenging,1,71%,63%,100%,13.3%,25%,87%,61%,53%,0%,-02%,98.0%,1,,,1,1, worse than target,( worse than target ),1040,4840,4840, worse than critical,6.265306122,13,-2,0,-2,0.867346939,5,19.6,2,3400,3800,2, worse than critical,18,85,98,98,45066,Point,Point,Point,Point,Point,Point,Point,0,, worse than target,4.285714286,0,0.98,6,8,100,Point,Point,Point,Point,98, worse than critical,40, worse than target,2,98,98,8500,14000,3660,26%,2,5,7,7,,False,False,0,,,19.6,2
?,False,5/28/2023,"May 28, 2023",2023 W21,,Maintenance,Eli Brown,1,grey,color,,Line 3,Total,Total,,True,False,,Challenging,0,100%,88%,100%,9.5%,0%,91%,61%,54%,0%,-05%,95.0%,,,,1,1, worse than target,( worse than target ),720,,, worse than critical,2.473684211,9,-5,0,-5,0.905263158,,,,0,,0, better than target,3,86,95,95,45066,Point,Point,Point,Point,Point,Point,Point,0,, worse than target,3.571428571,,0.678571429,8,8,100,Point,Point,Point,Point,95, worse than critical,40, worse than target,5,95,95,8600,14000,,,,7,7,7,,False,False,,,,13.571428571,0
?,False,5/29/2023,"May 29, 2023",2023 W22,,Tech Issue,Finn Sullivan,4,grey,color,,Line 3,Total,Total,,True,True,,Challenging,0,100%,88%,100%,12.9%,0%,87%,63%,55%,100%,+1.0%,101.0%,,,,1,1, better than target,( better than target ),1040,,, worse than critical,5.871287129,13,1,0,1,0.871287129,,,,0,,0, better than target,3,88,101,101,45073,Point,Point,Point,Point,Point,Point,Point,0,, worse than target,2.142857143,,0.721428571,8,8,100,Point,Point,Point,Point,101, better than target,40, better than target,1,101,101,8800,14000,,,,7,7,7,,True,True,,,,14.428571429,0
?,False,5/30/2023,"May 30, 2023",2023 W22,,Other,Finn Sullivan,1,grey,color,,Line 3,Total,Total,,True,False,,Normal,0,100%,88%,0%,9.3%,0%,91%,56%,49%,0%,-14%,86.0%,,,,1,1, worse than target,( worse than target ),640,,, worse than critical,2.302325581,8,-14,0,-14,0.906976744,,,,0,,0, better than target,3,78,86,86,45073,Point,Point,Point,Point,Point,Point,Point,0,, worse than target,9.285714286,,0.614285714,8,8,100,Point,Point,Point,Point,86, worse than critical,40, worse than target,14,86,86,7800,14000,,,,7,7,7,,False,False,,,,12.285714286,0
?,False,5/31/2023,"May 31, 2023",2023 W22,,Material Shortage,Max Parker,5,grey,color,,Line 3,Total,Total,,True,True,,Challenging,0,100%,88%,100%,4.3%,0%,96%,79%,69%,100%,+15.0%,115.0%,,,,1,1, better than target,( better than target ),400,,, worse than target,1.347826087,5,15,0,15,0.956521739,,,,0,,0, better than target,3,110,115,115,45073,Point,Point,Point,Point,Point,Point,Point,0,, better than target,13.571428571,,0.821428571,8,8,100,Point,Point,Point,Point,115, better than target,40, better than target,15,115,115,11000,14000,,,,7,7,7,,True,True,,,,16.428571429,0
?,False,6/1/2023,"June 1, 2023",2023 W22,6/1/2023,Other,Max Parker,7,grey,color,,Line 3,Total,Total,,True,False,,Normal,1,57%,50%,0%,12.8%,38%,87%,59%,51%,0%,-06%,94.0%,1,,,1,1, worse than target,( worse than target ),960,6160,6160, worse than critical,5.765957447,12,-6,0,-6,0.872340426,4,23.5,3,4600,5200,3, worse than critical,30.5,82,94,94,45073,Point,Point,Point,Point,Point,Point,Point,0,, worse than target,6.428571429,3,1.175,5,8,100,Point,Point,Point,Point,94, worse than critical,40, worse than target,6.000000000,94,94,8200,14000,2040,15%,0,4,7,7,,False,False,0,,,23.5,3
?,False,6/2/2023,"June 2, 2023",2023 W22,6/2/2023,Other,Zoe Martinez,9,grey,color,,Line 3,Total,Total,,True,False,,Challenging,1,86%,75%,100%,14.0%,13%,86%,57%,50%,0%,-07%,93.0%,1,,,1,1, worse than target,( worse than target ),1040,3440,3440, worse than critical,6.978494624,13,-7,0,-7,0.860215054,6,15.5,1,2200,2400,1, worse than critical,5.5,80,93,93,45073,Point,Point,Point,Point,Point,Point,Point,0,, worse than target,7.857142857,1,0.775,7,8,100,Point,Point,Point,Point,93, worse than critical,40, worse than target,7.000000000,93,93,8000,14000,4560,33%,0,6,7,7,,False,False,0,,,15.5,1
?,False,6/3/2023,"June 3, 2023",2023 W22,,Other,Leo Johnson,8,grey,color,,Line 3,Total,Total,,True,False,,Challenging,0,100%,88%,100%,9.6%,0%,90%,54%,47%,0%,-17%,83.0%,,,,1,1, worse than target,( worse than target ),640,,, worse than critical,2.638554217,8,-17,0,-17,0.903614458,,,,0,,0, better than target,3,75,83,83,45073,Point,Point,Point,Point,Point,Point,Point,0,, worse than target,11.428571429,,0.592857143,8,8,100,Point,Point,Point,Point,83, worse than critical,40, worse than target,17,83,83,7500,14000,,,,7,7,7,,False,False,,,,11.857142857,0
?,False,6/4/2023,"June 4, 2023",2023 W22,6/4/2023,Material Shortage,Mia Smith,4,grey,color,,Line 3,Total,Total,,True,True,,Challenging,1,57%,50%,100%,8.6%,38%,91%,69%,60%,100%,+5.0%,105.0%,1,,,1,1, better than target,( better than target ),720,5920,5920, worse than critical,1.571428571,9,5,0,5,0.914285714,4,26.25,3,4600,5200,3, worse than critical,30.5,96,105,105,45073,Point,Point,Point,Point,Point,Point,Point,0,, better than target,3.571428571,0,1.3125,5,8,100,Point,Point,Point,Point,105, better than target,40, better than target,5,105,105,9600,14000,3680,26%,3,4,7,7,,True,True,0,,,26.25,3
?,False,6/5/2023,"June 5, 2023",2023 W23,,Other,Eli Brown,6,grey,color,,Line 3,Total,Total,,True,False,,Challenging,0,100%,88%,100%,9.3%,0%,91%,56%,49%,0%,-14%,86.0%,,,,1,1, worse than target,( worse than target ),640,,, worse than critical,2.302325581,8,-14,0,-14,0.906976744,,,,0,,0, better than target,3,78,86,86,45080,Point,Point,Point,Point,Point,Point,Point,0,, worse than target,9.285714286,,0.614285714,8,8,100,Point,Point,Point,Point,86, worse than critical,40, worse than target,14,86,86,7800,14000,,,,7,7,7,,False,False,,,,12.285714286,0
?,False,6/6/2023,"June 6, 2023",2023 W23,,Other,Eli Brown,1,grey,color,,Line 3,Total,Total,,True,True,,Challenging,0,100%,88%,100%,4.4%,0%,96%,77%,68%,100%,+13.0%,113.0%,,,,1,1, better than target,( better than target ),400,,, worse than target,1.424778761,5,13,0,13,0.955752212,,,,0,,0, better than target,3,108,113,113,45080,Point,Point,Point,Point,Point,Point,Point,0,, better than target,12.142857143,,0.807142857,8,8,100,Point,Point,Point,Point,113, better than target,40, better than target,13,113,113,10800,14000,,,,7,7,7,,True,True,,,,16.142857143,0
?,False,6/7/2023,"June 7, 2023",2023 W23,,Maintenance,Mia Smith,5,grey,color,,Line 3,Total,Total,,True,True,,Normal,0,100%,88%,0%,5.1%,0%,95%,80%,70%,100%,+18.0%,118.0%,,,,1,1, better than target,( better than target ),480,,, worse than target,2.084745763,6,18,0,18,0.949152542,,,,0,,0, better than target,3,112,118,118,45080,Point,Point,Point,Point,Point,Point,Point,0,, better than target,15,,0.842857143,8,8,100,Point,Point,Point,Point,118, better than target,40, better than target,18,118,118,11200,14000,,,,7,7,7,,True,True,,,,16.857142857,0
?,False,6/8/2023,"June 8, 2023",2023 W23,,Maintenance,Ivy Anderson,7,grey,color,,Line 3,Total,Total,,True,False,,Challenging,0,100%,88%,100%,5.2%,0%,95%,65%,57%,0%,-04%,96.0%,,,,1,1, worse than target,( worse than target ),400,,, worse than target,2.208333333,5,-4,0,-4,0.947916667,,,,0,,0, better than target,3,91,96,96,45080,Point,Point,Point,Point,Point,Point,Point,0,, better than target,0,,0.685714286,8,8,100,Point,Point,Point,Point,96, worse than critical,40, worse than target,4,96,96,9100,14000,,,,7,7,7,,False,False,,,,13.714285714,0
?,False,6/9/2023,"June 9, 2023",2023 W23,,Material Shortage,Finn Sullivan,9,grey,color,,Line 3,Total,Total,,True,False,,Normal,0,100%,88%,0%,10.1%,0%,90%,64%,56%,0%,-01%,99.0%,,,,1,1, worse than target,( worse than target ),800,,, worse than critical,3.101010101,10,-1,0,-1,0.898989899,,,,0,,0, better than target,3,89,99,99,45080,Point,Point,Point,Point,Point,Point,Point,0,, worse than target,1.428571429,,0.707142857,8,8,100,Point,Point,Point,Point,99, worse than critical,40, worse than target,1,99,99,8900,14000,,,,7,7,7,,False,False,,,,14.142857143,0
?,False,6/10/2023,"June 10, 2023",2023 W23,,Maintenance,Zoe Martinez,1,grey,color,,Line 3,Total,Total,,True,True,,Normal,0,100%,88%,0%,11.6%,0%,88%,71%,62%,100%,+12.0%,112.0%,,,,1,1, better than target,( better than target ),1040,,, worse than critical,4.607142857,13,12,0,12,0.883928571,,,,0,,0, better than target,3,99,112,112,45080,Point,Point,Point,Point,Point,Point,Point,0,, better than target,5.714285714,,0.8,8,8,100,Point,Point,Point,Point,112, better than target,40, better than target,12,112,112,9900,14000,,,,7,7,7,,True,True,,,,16,0
?,False,6/11/2023,"June 11, 2023",2023 W23,,Maintenance,Mia Smith,7,grey,color,,Line 3,Total,Total,,True,False,,Normal,0,100%,88%,0%,15.2%,0%,85%,56%,49%,0%,-08%,92.0%,,,,1,1, worse than target,( worse than target ),1120,,, worse than critical,8.217391304,14,-8,0,-8,0.847826087,,,,0,,0, better than target,3,78,92,92,45080,Point,Point,Point,Point,Point,Point,Point,0,, worse than target,9.285714286,,0.657142857,8,8,100,Point,Point,Point,Point,92, worse than critical,40, worse than target,8,92,92,7800,14000,,,,7,7,7,,False,False,,,,13.142857143,0
?,False,6/12/2023,"June 12, 2023",2023 W24,,Material Shortage,Owen Taylor,6,grey,color,,Line 3,Total,Total,,True,False,,Normal,0,100%,88%,0%,12.0%,0%,88%,58%,51%,0%,-08%,92.0%,,,,1,1, worse than target,( worse than target ),880,,, worse than critical,4.956521739,11,-8,0,-8,0.880434783,,,,0,,0, better than target,3,81,92,92,45087,Point,Point,Point,Point,Point,Point,Point,0,, worse than target,7.142857143,,0.657142857,8,8,100,Point,Point,Point,Point,92, worse than critical,40, worse than target,8,92,92,8100,14000,,,,7,7,7,,False,False,,,,13.142857143,0
?,False,6/13/2023,"June 13, 2023",2023 W24,6/13/2023,Tech Issue,Zoe Martinez,8,grey,color,,Line 3,Total,Total,,True,False,6/13/2023,Challenging,1,71%,63%,100%,14.1%,25%,86%,52%,46%,0%,-15%,85.0%,1,,1,1,1, worse than target,( worse than target ),960,12360,12360, worse than critical,7.117647059,12,-15,0,-15,0.858823529,5,17,2,3400,11400,2, worse than critical,18,73,85,85,45087,Point,Point,Point,Point,Point,Point,Point,0,, worse than target,12.857142857,0,0.85,6,8,100,Point,Point,Point,Point,85, worse than critical,40, worse than target,15,85,85,7300,14000,-5060,-36%,0,5,7,7,,False,False,2,2,,17,2
?,False,6/14/2023,"June 14, 2023",2023 W24,,Material Shortage,Eli Brown,5,grey,color,,Line 3,Total,Total,,True,False,,Normal,0,100%,88%,0%,11.8%,0%,88%,54%,47%,0%,-15%,85.0%,,,,1,1, worse than target,( worse than target ),800,,, worse than critical,4.764705882,10,-15,0,-15,0.882352941,,,,0,,0, better than target,3,75,85,85,45087,Point,Point,Point,Point,Point,Point,Point,0,, worse than target,11.428571429,,0.607142857,8,8,100,Point,Point,Point,Point,85, worse than critical,40, worse than target,15,85,85,7500,14000,,,,7,7,7,,False,False,,,,12.142857143,0
?,False,6/15/2023,"June 15, 2023",2023 W24,6/15/2023,Maintenance,Luna Garcia,3,grey,color,6/15/2023,Line 3,Total,Total,,True,False,,Challenging,1,100%,63%,100%,12.0%,25%,88%,81%,51%,0%,-08%,92.0%,1,1,,1,1, worse than target,( worse than target ),880,8280,8280, worse than critical,4.956521739,11,-8,0,-8,0.880434783,5,18.4,2,3400,7400,2, worse than critical,18,81,92,92,45087,Point,Point,Point,Point,Point,Point,Point,2,2, better than target,16,0,0.92,6,8,100,Point,Point,Point,Point,92, worse than critical,40, worse than target,8,92,92,8100,14000,-180,-1%,0,5,7,5,5,False,False,0,,20,18.4,0
?,False,6/16/2023,"June 16, 2023",2023 W24,,Other,Owen Taylor,3,grey,color,,Line 3,Total,Total,,True,False,,Normal,0,100%,88%,0%,8.0%,0%,92%,57%,50%,0%,-13%,87.0%,,,,1,1, worse than target,( worse than target ),560,,, worse than critical,1.045977011,7,-13,0,-13,0.919540230,,,,0,,0, better than target,3,80,87,87,45087,Point,Point,Point,Point,Point,Point,Point,0,, worse than target,7.857142857,,0.621428571,8,8,100,Point,Point,Point,Point,87, worse than critical,40, worse than target,13,87,87,8000,14000,,,,7,7,7,,False,False,,,,12.428571429,0
?,False,6/17/2023,"June 17, 2023",2023 W24,,Tech Issue,Ava White,2,grey,color,,Line 3,Total,Total,,True,False,,Normal,0,100%,88%,0%,9.8%,0%,90%,59%,52%,0%,-08%,92.0%,,,,1,1, worse than target,( worse than target ),720,,, worse than critical,2.782608696,9,-8,0,-8,0.902173913,,,,0,,0, better than target,3,83,92,92,45087,Point,Point,Point,Point,Point,Point,Point,0,, worse than target,5.714285714,,0.657142857,8,8,100,Point,Point,Point,Point,92, worse than critical,40, worse than target,8,92,92,8300,14000,,,,7,7,7,,False,False,,,,13.142857143,0
?,False,6/18/2023,"June 18, 2023",2023 W24,6/18/2023,Maintenance,Ivy Anderson,4,grey,color,6/18/2023,Line 3,Total,Total,,True,False,,Normal,1,100%,75%,0%,7.9%,13%,92%,68%,51%,0%,-11%,89.0%,1,1,,1,1, worse than target,( worse than target ),560,4760,4760, worse than critical,0.865168539,7,-11,0,-11,0.921348315,6,14.833333333,1,2200,4200,1, worse than critical,5.5,82,89,89,45087,Point,Point,Point,Point,Point,Point,Point,1,1, better than target,3.333333333,0,0.741666667,7,8,100,Point,Point,Point,Point,89, worse than critical,40, worse than target,11,89,89,8200,14000,3440,25%,0,6,7,6,6,False,False,0,,16.666666667,14.833333333,0
?,False,6/19/2023,"June 19, 2023",2023 W25,,Maintenance,Finn Sullivan,2,grey,color,,Line 3,Total,Total,,True,True,,Normal,0,100%,88%,0%,10.7%,0%,89%,66%,58%,100%,+3.0%,103.0%,,,,1,1, better than target,( better than target ),880,,, worse than critical,3.679611650,11,3,0,3,0.893203883,,,,0,,0, better than target,3,92,103,103,45094,Point,Point,Point,Point,Point,Point,Point,0,, better than target,0.714285714,,0.735714286,8,8,100,Point,Point,Point,Point,103, better than target,40, better than target,3,103,103,9200,14000,,,,7,7,7,,True,True,,,,14.714285714,0
?,False,6/20/2023,"June 20, 2023",2023 W25,,Maintenance,Max Parker,8,grey,color,,Line 3,Total,Total,,True,False,,Challenging,0,100%,88%,100%,5.6%,0%,94%,61%,53%,0%,-10%,90.0%,,,,1,1, worse than target,( worse than target ),400,,, worse than target,2.555555556,5,-10,0,-10,0.944444444,,,,0,,0, better than target,3,85,90,90,45094,Point,Point,Point,Point,Point,Point,Point,0,, worse than target,4.285714286,,0.642857143,8,8,100,Point,Point,Point,Point,90, worse than critical,40, worse than target,10,90,90,8500,14000,,,,7,7,7,,False,False,,,,12.857142857,0
?,False,6/21/2023,"June 21, 2023",2023 W25,,Material Shortage,Ava White,7,grey,color,,Line 3,Total,Total,,True,False,,Normal,0,100%,88%,0%,15.6%,0%,84%,54%,48%,0%,-10%,90.0%,,,,1,1, worse than target,( worse than target ),1120,,, worse than critical,8.555555556,14,-10,0,-10,0.844444444,,,,0,,0, better than target,3,76,90,90,45094,Point,Point,Point,Point,Point,Point,Point,0,, worse than target,10.714285714,,0.642857143,8,8,100,Point,Point,Point,Point,90, worse than critical,40, worse than target,10,90,90,7600,14000,,,,7,7,7,,False,False,,,,12.857142857,0
?,False,6/22/2023,"June 22, 2023",2023 W25,,Maintenance,Ava White,7,grey,color,,Line 3,Total,Total,,True,True,,Normal,0,100%,88%,0%,6.0%,0%,94%,79%,69%,100%,+17.0%,117.0%,,,,1,1, better than target,( better than target ),560,,, worse than target,2.982905983,7,17,0,17,0.940170940,,,,0,,0, better than target,3,110,117,117,45094,Point,Point,Point,Point,Point,Point,Point,0,, better than target,13.571428571,,0.835714286,8,8,100,Point,Point,Point,Point,117, better than target,40, better than target,17,117,117,11000,14000,,,,7,7,7,,True,True,,,,16.714285714,0
?,False,6/23/2023,"June 23, 2023",2023 W25,,Tech Issue,Eli Brown,8,grey,color,,Line 3,Total,Total,,True,True,,Normal,0,100%,88%,0%,5.1%,0%,95%,79%,69%,100%,+17.0%,117.0%,,,,1,1, better than target,( better than target ),480,,, worse than target,2.128205128,6,17,0,17,0.948717949,,,,0,,0, better than target,3,111,117,117,45094,Point,Point,Point,Point,Point,Point,Point,0,, better than target,14.285714286,,0.835714286,8,8,100,Point,Point,Point,Point,117, better than target,40, better than target,17,117,117,11100,14000,,,,7,7,7,,True,True,,,,16.714285714,0
?,False,6/24/2023,"June 24, 2023",2023 W25,,Maintenance,Max Parker,1,grey,color,,Line 3,Total,Total,,True,False,,Challenging,0,100%,88%,100%,12.4%,0%,88%,61%,53%,0%,-03%,97.0%,,,,1,1, worse than target,( worse than target ),960,,, worse than critical,5.371134021,12,-3,0,-3,0.876288660,,,,0,,0, better than target,3,85,97,97,45094,Point,Point,Point,Point,Point,Point,Point,0,, worse than target,4.285714286,,0.692857143,8,8,100,Point,Point,Point,Point,97, worse than critical,40, worse than target,3,97,97,8500,14000,,,,7,7,7,,False,False,,,,13.857142857,0
?,False,6/25/2023,"June 25, 2023",2023 W25,6/25/2023,Material Shortage,Leo Johnson,1,grey,color,,Line 3,Total,Total,,True,False,,Normal,1,86%,75%,0%,9.2%,13%,91%,56%,49%,0%,-13%,87.0%,1,,,1,1, worse than target,( worse than target ),640,3040,3040, worse than critical,2.195402299,8,-13,0,-13,0.908045977,6,14.5,1,2200,2400,1, worse than critical,5.5,79,87,87,45094,Point,Point,Point,Point,Point,Point,Point,0,, worse than target,8.571428571,0,0.725,7,8,100,Point,Point,Point,Point,87, worse than critical,40, worse than target,13,87,87,7900,14000,4860,35%,1,6,7,7,,False,False,0,,,14.5,1
?,False,6/26/2023,"June 26, 2023",2023 W26,6/26/2023,Maintenance,Ava White,6,grey,color,6/26/2023,Line 3,Total,Total,,True,True,,Normal,1,100%,75%,0%,8.5%,13%,92%,81%,61%,100%,+6.0%,106.0%,1,1,,1,1, better than target,( better than target ),720,4920,4920, worse than critical,1.490566038,9,6,0,6,0.915094340,6,17.666666667,1,2200,4200,1, worse than critical,5.5,97,106,106,45101,Point,Point,Point,Point,Point,Point,Point,1,1, better than target,15.833333333,0,0.883333333,7,8,100,Point,Point,Point,Point,106, better than target,40, better than target,6.000000000,106,106,9700,14000,4780,34%,0,6,7,6,6,True,True,0,,16.666666667,17.666666667,0
?,False,6/27/2023,"June 27, 2023",2023 W26,,Tech Issue,Eli Brown,8,grey,color,,Line 3,Total,Total,,True,False,,Normal,0,100%,88%,0%,13.4%,0%,87%,60%,53%,0%,-03%,97.0%,,,,1,1, worse than target,( worse than target ),1040,,, worse than critical,6.402061856,13,-3,0,-3,0.865979381,,,,0,,0, better than target,3,84,97,97,45101,Point,Point,Point,Point,Point,Point,Point,0,, worse than target,5,,0.692857143,8,8,100,Point,Point,Point,Point,97, worse than critical,40, worse than target,3,97,97,8400,14000,,,,7,7,7,,False,False,,,,13.857142857,0
?,False,6/28/2023,"June 28, 2023",2023 W26,,Maintenance,Luna Garcia,2,grey,color,,Line 3,Total,Total,,True,False,,Challenging,0,100%,88%,100%,15.7%,0%,84%,54%,47%,0%,-11%,89.0%,,,,1,1, worse than target,( worse than target ),1120,,, worse than critical,8.730337079,14,-11,0,-11,0.842696629,,,,0,,0, better than target,3,75,89,89,45101,Point,Point,Point,Point,Point,Point,Point,0,, worse than target,11.428571429,,0.635714286,8,8,100,Point,Point,Point,Point,89, worse than critical,40, worse than target,11,89,89,7500,14000,,,,7,7,7,,False,False,,,,12.714285714,0
?,False,6/29/2023,"June 29, 2023",2023 W26,6/29/2023,Material Shortage,Leo Johnson,7,grey,color,,Line 3,Total,Total,,True,False,,Challenging,1,86%,75%,100%,6.1%,13%,94%,66%,58%,0%,-02%,98.0%,1,,,1,1, worse than target,( worse than target ),480,2880,2880, worse than target,3.122448980,6,-2,0,-2,0.938775510,6,16.333333333,1,2200,2400,1, worse than critical,5.5,92,98,98,45101,Point,Point,Point,Point,Point,Point,Point,0,, better than target,0.714285714,0,0.816666667,7,8,100,Point,Point,Point,Point,98, worse than critical,40, worse than target,2,98,98,9200,14000,6320,45%,1,6,7,7,,False,False,0,,,16.333333333,1
?,False,1/1/2023,"January 1, 2023",2022 W52,1/1/2023,Material Shortage,Mia Smith,2,grey,color,,Line 4,Total,Total,,True,True,,Normal,1,71%,63%,0%,10.1%,25%,90%,70%,61%,100%,+9.0%,109.0%,1,,,1,1, better than target,( better than target ),880,4680,4680, worse than critical,3.091743119,11,9,0,9,0.899082569,5,21.8,2,3400,3800,2, worse than critical,18,98,109,109,44919,Point,Point,Point,Point,Point,Point,Point,0,, better than target,5,0,1.09,6,8,100,Point,Point,Point,Point,109, better than target,40, better than target,9.000000000,109,109,9800,14000,5120,37%,2,5,7,7,,True,True,0,,,21.8,2
?,False,1/2/2023,"January 2, 2023",2023 W1,,Tech Issue,Leo Johnson,9,grey,color,,Line 4,Total,Total,,True,False,,Challenging,0,100%,88%,100%,13.5%,0%,86%,59%,52%,0%,-04%,96.0%,,,,1,1, worse than target,( worse than target ),1040,,, worse than critical,6.541666667,13,-4,0,-4,0.864583333,,,,0,,0, better than target,3,83,96,96,44926,Point,Point,Point,Point,Point,Point,Point,0,, worse than target,5.714285714,,0.685714286,8,8,100,Point,Point,Point,Point,96, worse than critical,40, worse than target,4,96,96,8300,14000,,,,7,7,7,,False,False,,,,13.714285714,0
?,False,1/3/2023,"January 3, 2023",2023 W1,,Material Shortage,Mia Smith,8,grey,color,,Line 4,Total,Total,,True,False,,Normal,0,100%,88%,0%,13.8%,0%,86%,54%,47%,0%,-13%,87.0%,,,,1,1, worse than target,( worse than target ),960,,, worse than critical,6.793103448,12,-13,0,-13,0.862068966,,,,0,,0, better than target,3,75,87,87,44926,Point,Point,Point,Point,Point,Point,Point,0,, worse than target,11.428571429,,0.621428571,8,8,100,Point,Point,Point,Point,87, worse than critical,40, worse than target,13,87,87,7500,14000,,,,7,7,7,,False,False,,,,12.428571429,0
?,False,1/4/2023,"January 4, 2023",2023 W1,,Material Shortage,Mia Smith,8,grey,color,,Line 4,Total,Total,,True,True,,Normal,0,100%,88%,0%,6.6%,0%,93%,71%,62%,100%,+6.0%,106.0%,,,,1,1, better than target,( better than target ),560,,, worse than target,3.603773585,7,6,0,6,0.933962264,,,,0,,0, better than target,3,99,106,106,44926,Point,Point,Point,Point,Point,Point,Point,0,, better than target,5.714285714,,0.757142857,8,8,100,Point,Point,Point,Point,106, better than target,40, better than target,6.000000000,106,106,9900,14000,,,,7,7,7,,True,True,,,,15.142857143,0
?,False,1/5/2023,"January 5, 2023",2023 W1,,Material Shortage,Zoe Martinez,5,grey,color,,Line 4,Total,Total,,True,False,,Challenging,0,100%,88%,100%,11.4%,0%,89%,56%,49%,0%,-12%,88.0%,,,,1,1, worse than target,( worse than target ),800,,, worse than critical,4.363636364,10,-12,0,-12,0.886363636,,,,0,,0, better than target,3,78,88,88,44926,Point,Point,Point,Point,Point,Point,Point,0,, worse than target,9.285714286,,0.628571429,8,8,100,Point,Point,Point,Point,88, worse than critical,40, worse than target,12,88,88,7800,14000,,,,7,7,7,,False,False,,,,12.571428571,0
?,False,1/6/2023,"January 6, 2023",2023 W1,,Tech Issue,Leo Johnson,7,grey,color,,Line 4,Total,Total,,True,False,,Challenging,0,100%,88%,100%,13.0%,0%,87%,57%,50%,0%,-08%,92.0%,,,,1,1, worse than target,( worse than target ),960,,, worse than critical,6.043478261,12,-8,0,-8,0.869565217,,,,0,,0, better than target,3,80,92,92,44926,Point,Point,Point,Point,Point,Point,Point,0,, worse than target,7.857142857,,0.657142857,8,8,100,Point,Point,Point,Point,92, worse than critical,40, worse than target,8,92,92,8000,14000,,,,7,7,7,,False,False,,,,13.142857143,0
?,False,1/7/2023,"January 7, 2023",2023 W1,,Tech Issue,Zoe Martinez,1,grey,color,,Line 4,Total,Total,,True,True,,Challenging,0,100%,88%,100%,9.3%,0%,91%,76%,67%,100%,+18.0%,118.0%,,,,1,1, better than target,( better than target ),880,,, worse than critical,2.322033898,11,18,0,18,0.906779661,,,,0,,0, better than target,3,107,118,118,44926,Point,Point,Point,Point,Point,Point,Point,0,, better than target,11.428571429,,0.842857143,8,8,100,Point,Point,Point,Point,118, better than target,40, better than target,18,118,118,10700,14000,,,,7,7,7,,True,True,,,,16.857142857,0
?,False,1/8/2023,"January 8, 2023",2023 W1,1/8/2023,Other,Finn Sullivan,5,grey,color,,Line 4,Total,Total,,True,True,,Normal,1,86%,75%,0%,8.9%,13%,91%,66%,58%,100%,+1.0%,101.0%,1,,,1,1, better than target,( better than target ),720,3120,3120, worse than critical,1.910891089,9,1,0,1,0.910891089,6,16.833333333,1,2200,2400,1, worse than critical,5.5,92,101,101,44926,Point,Point,Point,Point,Point,Point,Point,0,, better than target,0.714285714,1,0.841666667,7,8,100,Point,Point,Point,Point,101, better than target,40, better than target,1,101,101,9200,14000,6080,43%,0,6,7,7,,True,True,0,,,16.833333333,1
?,False,1/9/2023,"January 9, 2023",2023 W2,,Tech Issue,Max Parker,8,grey,color,,Line 4,Total,Total,,True,True,,Normal,0,100%,88%,0%,7.1%,0%,93%,74%,65%,100%,+12.0%,112.0%,,,,1,1, better than target,( better than target ),640,,, worse than critical,0.142857143,8,12,0,12,0.928571429,,,,0,,0, better than target,3,104,112,112,44933,Point,Point,Point,Point,Point,Point,Point,0,, better than target,9.285714286,,0.8,8,8,100,Point,Point,Point,Point,112, better than target,40, better than target,12,112,112,10400,14000,,,,7,7,7,,True,True,,,,16,0
?,False,1/10/2023,"January 10, 2023",2023 W2,,Material Shortage,Eli Brown,9,grey,color,,Line 4,Total,Total,,True,True,,Normal,0,100%,88%,0%,10.5%,0%,89%,73%,64%,100%,+14.0%,114.0%,,,,1,1, better than target,( better than target ),960,,, worse than critical,3.526315789,12,14,0,14,0.894736842,,,,0,,0, better than target,3,102,114,114,44933,Point,Point,Point,Point,Point,Point,Point,0,, better than target,7.857142857,,0.814285714,8,8,100,Point,Point,Point,Point,114, better than target,40, better than target,14,114,114,10200,14000,,,,7,7,7,,True,True,,,,16.285714286,0
?,False,1/11/2023,"January 11, 2023",2023 W2,1/11/2023,Other,Zoe Martinez,8,grey,color,,Line 4,Total,Total,,True,False,,Normal,1,71%,63%,0%,6.0%,25%,94%,56%,49%,0%,-17%,83.0%,1,,,1,1, worse than target,( worse than target ),400,4200,4200, worse than target,3.024096386,5,-17,0,-17,0.939759036,5,16.6,2,3400,3800,2, worse than critical,18,78,83,83,44933,Point,Point,Point,Point,Point,Point,Point,0,, worse than target,9.285714286,2,0.83,6,8,100,Point,Point,Point,Point,83, worse than critical,40, worse than target,17,83,83,7800,14000,3600,26%,0,5,7,7,,False,False,0,,,16.6,2
?,False,1/12/2023,"January 12, 2023",2023 W2,1/12/2023,Other,Max Parker,9,grey,color,,Line 4,Total,Total,,True,True,,Challenging,1,57%,50%,100%,4.6%,38%,95%,74%,65%,100%,+9.0%,109.0%,1,,,1,1, better than target,( better than target ),400,5600,5600, worse than target,1.587155963,5,9,0,9,0.954128440,4,27.25,3,4600,5200,3, worse than critical,30.5,104,109,109,44933,Point,Point,Point,Point,Point,Point,Point,0,, better than target,9.285714286,3,1.3625,5,8,100,Point,Point,Point,Point,109, better than target,40, better than target,9.000000000,109,109,10400,14000,4800,34%,0,4,7,7,,True,True,0,,,27.25,3
?,False,1/13/2023,"January 13, 2023",2023 W2,,Material Shortage,Ava White,9,grey,color,,Line 4,Total,Total,,True,True,,Challenging,0,100%,88%,100%,7.6%,0%,92%,69%,61%,100%,+5.0%,105.0%,,,,1,1, better than target,( better than target ),640,,, worse than critical,0.619047619,8,5,0,5,0.923809524,,,,0,,0, better than target,3,97,105,105,44933,Point,Point,Point,Point,Point,Point,Point,0,, better than target,4.285714286,,0.75,8,8,100,Point,Point,Point,Point,105, better than target,40, better than target,5,105,105,9700,14000,,,,7,7,7,,True,True,,,,15,0
?,False,1/14/2023,"January 14, 2023",2023 W2,,Tech Issue,Leo Johnson,4,grey,color,,Line 4,Total,Total,,True,True,,Normal,0,100%,88%,0%,4.5%,0%,95%,75%,66%,100%,+10.0%,110.0%,,,,1,1, better than target,( better than target ),400,,, worse than target,1.545454545,5,10,0,10,0.954545455,,,,0,,0, better than target,3,105,110,110,44933,Point,Point,Point,Point,Point,Point,Point,0,, better than target,10,,0.785714286,8,8,100,Point,Point,Point,Point,110, better than target,40, better than target,10,110,110,10500,14000,,,,7,7,7,,True,True,,,,15.714285714,0
?,False,1/15/2023,"January 15, 2023",2023 W2,1/15/2023,Other,Finn Sullivan,6,grey,color,,Line 4,Total,Total,,True,False,,Challenging,1,71%,63%,100%,5.7%,25%,94%,59%,52%,0%,-12%,88.0%,1,,,1,1, worse than target,( worse than target ),400,4200,4200, worse than target,2.681818182,5,-12,0,-12,0.943181818,5,17.6,2,3400,3800,2, worse than critical,18,83,88,88,44933,Point,Point,Point,Point,Point,Point,Point,0,, worse than target,5.714285714,2,0.88,6,8,100,Point,Point,Point,Point,88, worse than critical,40, worse than target,12,88,88,8300,14000,4100,29%,0,5,7,7,,False,False,0,,,17.6,2
?,False,1/16/2023,"January 16, 2023",2023 W3,,Other,Max Parker,6,grey,color,,Line 4,Total,Total,,True,False,,Normal,0,100%,88%,0%,8.3%,0%,92%,55%,48%,0%,-16%,84.0%,,,,1,1, worse than target,( worse than target ),560,,, worse than critical,1.333333333,7,-16,0,-16,0.916666667,,,,0,,0, better than target,3,77,84,84,44940,Point,Point,Point,Point,Point,Point,Point,0,, worse than target,10,,0.6,8,8,100,Point,Point,Point,Point,84, worse than critical,40, worse than target,16,84,84,7700,14000,,,,7,7,7,,False,False,,,,12,0
?,False,1/17/2023,"January 17, 2023",2023 W3,,Material Shortage,Finn Sullivan,8,grey,color,,Line 4,Total,Total,,True,False,,Challenging,0,100%,88%,100%,5.6%,0%,94%,60%,53%,0%,-11%,89.0%,,,,1,1, worse than target,( worse than target ),400,,, worse than target,2.617977528,5,-11,0,-11,0.943820225,,,,0,,0, better than target,3,84,89,89,44940,Point,Point,Point,Point,Point,Point,Point,0,, worse than target,5,,0.635714286,8,8,100,Point,Point,Point,Point,89, worse than critical,40, worse than target,11,89,89,8400,14000,,,,7,7,7,,False,False,,,,12.714285714,0
?,False,1/18/2023,"January 18, 2023",2023 W3,,Maintenance,Luna Garcia,4,grey,color,,Line 4,Total,Total,,True,True,,Challenging,0,100%,88%,100%,10.1%,0%,90%,76%,67%,100%,+19.0%,119.0%,,,,1,1, better than target,( better than target ),960,,, worse than critical,3.084033613,12,19,0,19,0.899159664,,,,0,,0, better than target,3,107,119,119,44940,Point,Point,Point,Point,Point,Point,Point,0,, better than target,11.428571429,,0.85,8,8,100,Point,Point,Point,Point,119, better than target,40, better than target,19,119,119,10700,14000,,,,7,7,7,,True,True,,,,17,0
?,False,1/19/2023,"January 19, 2023",2023 W3,,Material Shortage,Zoe Martinez,1,grey,color,,Line 4,Total,Total,,True,False,,Normal,0,100%,88%,0%,7.0%,0%,93%,57%,50%,0%,-14%,86.0%,,,,1,1, worse than target,( worse than target ),480,,, worse than target,3.976744186,6,-14,0,-14,0.930232558,,,,0,,0, better than target,3,80,86,86,44940,Point,Point,Point,Point,Point,Point,Point,0,, worse than target,7.857142857,,0.614285714,8,8,100,Point,Point,Point,Point,86, worse than critical,40, worse than target,14,86,86,8000,14000,,,,7,7,7,,False,False,,,,12.285714286,0
?,False,1/20/2023,"January 20, 2023",2023 W3,1/20/2023,Maintenance,Owen Taylor,1,grey,color,1/20/2023,Line 4,Total,Total,,True,True,,Normal,1,100%,63%,0%,7.4%,25%,93%,100%,63%,100%,+8.0%,108.0%,1,1,,1,1, better than target,( better than target ),640,8040,8040, worse than critical,0.407407407,8,8,0,8,0.925925926,5,21.6,2,3400,7400,2, worse than critical,18,100,108,108,44940,Point,Point,Point,Point,Point,Point,Point,2,2, better than target,35,0,1.08,6,8,100,Point,Point,Point,Point,108, better than target,40, better than target,8.000000000,108,108,10000,14000,1960,14%,0,5,7,5,5,True,True,0,,20,21.6,0
?,False,1/21/2023,"January 21, 2023",2023 W3,,Tech Issue,Eli Brown,4,grey,color,,Line 4,Total,Total,,True,True,,Challenging,0,100%,88%,100%,11.8%,0%,88%,64%,56%,100%,+2.0%,102.0%,,,,1,1, better than target,( better than target ),960,,, worse than critical,4.764705882,12,2,0,2,0.882352941,,,,0,,0, better than target,3,90,102,102,44940,Point,Point,Point,Point,Point,Point,Point,0,, worse than target,0.714285714,,0.728571429,8,8,100,Point,Point,Point,Point,102, better than target,40, better than target,2,102,102,9000,14000,,,,7,7,7,,True,True,,,,14.571428571,0
?,False,1/22/2023,"January 22, 2023",2023 W3,,Other,Finn Sullivan,4,grey,color,,Line 4,Total,Total,,True,True,,Normal,0,100%,88%,0%,9.3%,0%,91%,69%,61%,100%,+7.0%,107.0%,,,,1,1, better than target,( better than target ),800,,, worse than critical,2.345794393,10,7,0,7,0.906542056,,,,0,,0, better than target,3,97,107,107,44940,Point,Point,Point,Point,Point,Point,Point,0,, better than target,4.285714286,,0.764285714,8,8,100,Point,Point,Point,Point,107, better than target,40, better than target,7.000000000,107,107,9700,14000,,,,7,7,7,,True,True,,,,15.285714286,0
?,False,1/23/2023,"January 23, 2023",2023 W4,,Maintenance,Finn Sullivan,5,grey,color,,Line 4,Total,Total,,True,True,,Normal,0,100%,88%,0%,12.5%,0%,88%,70%,61%,100%,+12.0%,112.0%,,,,1,1, better than target,( better than target ),1120,,, worse than critical,5.5,14,12,0,12,0.875,,,,0,,0, better than target,3,98,112,112,44947,Point,Point,Point,Point,Point,Point,Point,0,, better than target,5,,0.8,8,8,100,Point,Point,Point,Point,112, better than target,40, better than target,12,112,112,9800,14000,,,,7,7,7,,True,True,,,,16,0
?,False,1/24/2023,"January 24, 2023",2023 W4,1/24/2023,Material Shortage,Luna Garcia,3,grey,color,,Line 4,Total,Total,,True,False,,Normal,1,86%,75%,0%,12.1%,13%,88%,57%,50%,0%,-09%,91.0%,1,,,1,1, worse than target,( worse than target ),880,3280,3280, worse than critical,5.087912088,11,-9,0,-9,0.879120879,6,15.166666667,1,2200,2400,1, worse than critical,5.5,80,91,91,44947,Point,Point,Point,Point,Point,Point,Point,0,, worse than target,7.857142857,0,0.758333333,7,8,100,Point,Point,Point,Point,91, worse than critical,40, worse than target,9,91,91,8000,14000,4720,34%,1,6,7,7,,False,False,0,,,15.166666667,1
?,False,1/25/2023,"January 25, 2023",2023 W4,,Maintenance,Ava White,8,grey,color,,Line 4,Total,Total,,True,False,,Normal,0,100%,88%,0%,7.7%,0%,92%,60%,53%,0%,-09%,91.0%,,,,1,1, worse than target,( worse than target ),560,,, worse than critical,0.692307692,7,-9,0,-9,0.923076923,,,,0,,0, better than target,3,84,91,91,44947,Point,Point,Point,Point,Point,Point,Point,0,, worse than target,5.000000000,,0.65,8,8,100,Point,Point,Point,Point,91, worse than critical,40, worse than target,9,91,91,8400,14000,,,,7,7,7,,False,False,,,,13,0
?,False,1/26/2023,"January 26, 2023",2023 W4,,Maintenance,Owen Taylor,4,grey,color,,Line 4,Total,Total,,True,False,,Challenging,0,100%,88%,100%,15.6%,0%,84%,54%,48%,0%,-10%,90.0%,,,,1,1, worse than target,( worse than target ),1120,,, worse than critical,8.555555556,14,-10,0,-10,0.844444444,,,,0,,0, better than target,3,76,90,90,44947,Point,Point,Point,Point,Point,Point,Point,0,, worse than target,10.714285714,,0.642857143,8,8,100,Point,Point,Point,Point,90, worse than critical,40, worse than target,10,90,90,7600,14000,,,,7,7,7,,False,False,,,,12.857142857,0
?,False,1/27/2023,"January 27, 2023",2023 W4,,Tech Issue,Ava White,6,grey,color,,Line 4,Total,Total,,True,False,,Normal,0,100%,88%,0%,12.1%,0%,88%,57%,50%,0%,-09%,91.0%,,,,1,1, worse than target,( worse than target ),880,,, worse than critical,5.087912088,11,-9,0,-9,0.879120879,,,,0,,0, better than target,3,80,91,91,44947,Point,Point,Point,Point,Point,Point,Point,0,, worse than target,7.857142857,,0.65,8,8,100,Point,Point,Point,Point,91, worse than critical,40, worse than target,9,91,91,8000,14000,,,,7,7,7,,False,False,,,,13,0
?,False,1/28/2023,"January 28, 2023",2023 W4,1/28/2023,Other,Leo Johnson,3,grey,color,,Line 4,Total,Total,,True,False,,Normal,1,71%,63%,0%,6.4%,25%,94%,63%,55%,0%,-06%,94.0%,1,,,1,1, worse than target,( worse than target ),480,4280,4280, worse than target,3.382978723,6,-6,0,-6,0.936170213,5,18.8,2,3400,3800,2, worse than critical,18,88,94,94,44947,Point,Point,Point,Point,Point,Point,Point,0,, worse than target,2.142857143,2,0.94,6,8,100,Point,Point,Point,Point,94, worse than critical,40, worse than target,6.000000000,94,94,8800,14000,4520,32%,0,5,7,7,,False,False,0,,,18.8,2
?,False,1/29/2023,"January 29, 2023",2023 W4,,Other,Eli Brown,2,grey,color,,Line 4,Total,Total,,True,False,,Normal,0,100%,88%,0%,15.0%,0%,85%,49%,43%,0%,-20%,80.0%,,,,1,1, worse than target,( worse than target ),960,,, worse than critical,8,12,-20,0,-20,0.85,,,,0,,0, better than target,3,68,80,80,44947,Point,Point,Point,Point,Point,Point,Point,0,, worse than target,16.428571429,,0.571428571,8,8,100,Point,Point,Point,Point,80, worse than critical,40, worse than target,20,80,80,6800,14000,,,,7,7,7,,False,False,,,,11.428571429,0
?,False,1/30/2023,"January 30, 2023",2023 W5,,Other,Zoe Martinez,4,grey,color,,Line 4,Total,Total,,True,True,,Normal,0,100%,88%,0%,5.6%,0%,94%,72%,63%,100%,+7.0%,107.0%,,,,1,1, better than target,( better than target ),480,,, worse than target,2.607476636,6,7,0,7,0.943925234,,,,0,,0, better than target,3,101,107,107,44954,Point,Point,Point,Point,Point,Point,Point,0,, better than target,7.142857143,,0.764285714,8,8,100,Point,Point,Point,Point,107, better than target,40, better than target,7.000000000,107,107,10100,14000,,,,7,7,7,,True,True,,,,15.285714286,0
?,False,1/31/2023,"January 31, 2023",2023 W5,,Material Shortage,Leo Johnson,4,grey,color,,Line 4,Total,Total,,True,True,,Normal,0,100%,88%,0%,10.9%,0%,89%,70%,61%,100%,+10.0%,110.0%,,,,1,1, better than target,( better than target ),960,,, worse than critical,3.909090909,12,10,0,10,0.890909091,,,,0,,0, better than target,3,98,110,110,44954,Point,Point,Point,Point,Point,Point,Point,0,, better than target,5.000000000,,0.785714286,8,8,100,Point,Point,Point,Point,110, better than target,40, better than target,10,110,110,9800,14000,,,,7,7,7,,True,True,,,,15.714285714,0
?,False,2/1/2023,"February 1, 2023",2023 W5,,Other,Max Parker,9,grey,color,,Line 4,Total,Total,,True,False,,Challenging,0,100%,88%,100%,14.3%,0%,86%,56%,49%,0%,-09%,91.0%,,,,1,1, worse than target,( worse than target ),1040,,, worse than critical,7.285714286,13,-9,0,-9,0.857142857,,,,0,,0, better than target,3,78,91,91,44954,Point,Point,Point,Point,Point,Point,Point,0,, worse than target,9.285714286,,0.65,8,8,100,Point,Point,Point,Point,91, worse than critical,40, worse than target,9,91,91,7800,14000,,,,7,7,7,,False,False,,,,13,0
?,False,2/2/2023,"February 2, 2023",2023 W5,,Tech Issue,Owen Taylor,5,grey,color,,Line 4,Total,Total,,True,True,,Challenging,0,100%,88%,100%,7.0%,0%,93%,76%,66%,100%,+14.0%,114.0%,,,,1,1, better than target,( better than target ),640,,, worse than critical,0.017543860,8,14,0,14,0.929824561,,,,0,,0, better than target,3,106,114,114,44954,Point,Point,Point,Point,Point,Point,Point,0,, better than target,10.714285714,,0.814285714,8,8,100,Point,Point,Point,Point,114, better than target,40, better than target,14,114,114,10600,14000,,,,7,7,7,,True,True,,,,16.285714286,0
?,False,2/3/2023,"February 3, 2023",2023 W5,,Other,Zoe Martinez,2,grey,color,,Line 4,Total,Total,,True,False,,Normal,0,100%,88%,0%,12.3%,0%,88%,51%,44%,0%,-19%,81.0%,,,,1,1, worse than target,( worse than target ),800,,, worse than critical,5.345679012,10,-19,0,-19,0.876543210,,,,0,,0, better than target,3,71,81,81,44954,Point,Point,Point,Point,Point,Point,Point,0,, worse than target,14.285714286,,0.578571429,8,8,100,Point,Point,Point,Point,81, worse than critical,40, worse than target,19,81,81,7100,14000,,,,7,7,7,,False,False,,,,11.571428571,0
?,False,2/4/2023,"February 4, 2023",2023 W5,,Maintenance,Max Parker,5,grey,color,,Line 4,Total,Total,,True,False,,Challenging,0,100%,88%,100%,7.5%,0%,92%,61%,54%,0%,-07%,93.0%,,,,1,1, worse than target,( worse than target ),560,,, worse than critical,0.526881720,7,-7,0,-7,0.924731183,,,,0,,0, better than target,3,86,93,93,44954,Point,Point,Point,Point,Point,Point,Point,0,, worse than target,3.571428571,,0.664285714,8,8,100,Point,Point,Point,Point,93, worse than critical,40, worse than target,7.000000000,93,93,8600,14000,,,,7,7,7,,False,False,,,,13.285714286,0
?,False,2/5/2023,"February 5, 2023",2023 W5,,Tech Issue,Ivy Anderson,2,grey,color,,Line 4,Total,Total,,True,False,,Challenging,0,100%,88%,100%,14.9%,0%,85%,53%,46%,0%,-13%,87.0%,,,,1,1, worse than target,( worse than target ),1040,,, worse than critical,7.942528736,13,-13,0,-13,0.850574713,,,,0,,0, better than target,3,74,87,87,44954,Point,Point,Point,Point,Point,Point,Point,0,, worse than target,12.142857143,,0.621428571,8,8,100,Point,Point,Point,Point,87, worse than critical,40, worse than target,13,87,87,7400,14000,,,,7,7,7,,False,False,,,,12.428571429,0
?,False,2/6/2023,"February 6, 2023",2023 W6,2/6/2023,Material Shortage,Zoe Martinez,5,grey,color,,Line 4,Total,Total,,True,True,,Normal,1,71%,63%,0%,5.4%,25%,95%,76%,66%,100%,+12.0%,112.0%,1,,,1,1, better than target,( better than target ),480,4280,4280, worse than target,2.357142857,6,12,0,12,0.946428571,5,22.4,2,3400,3800,2, worse than critical,18,106,112,112,44961,Point,Point,Point,Point,Point,Point,Point,0,, better than target,10.714285714,0,1.12,6,8,100,Point,Point,Point,Point,112, better than target,40, better than target,12,112,112,10600,14000,6320,45%,2,5,7,7,,True,True,0,,,22.4,2
?,False,2/7/2023,"February 7, 2023",2023 W6,,Maintenance,Luna Garcia,4,grey,color,,Line 4,Total,Total,,True,True,,Normal,0,100%,88%,0%,7.5%,0%,92%,70%,61%,100%,+6.0%,106.0%,,,,1,1, better than target,( better than target ),640,,, worse than critical,0.547169811,8,6,0,6,0.924528302,,,,0,,0, better than target,3,98,106,106,44961,Point,Point,Point,Point,Point,Point,Point,0,, better than target,5.000000000,,0.757142857,8,8,100,Point,Point,Point,Point,106, better than target,40, better than target,6.000000000,106,106,9800,14000,,,,7,7,7,,True,True,,,,15.142857143,0
?,False,2/8/2023,"February 8, 2023",2023 W6,,Material Shortage,Mia Smith,8,grey,color,,Line 4,Total,Total,,True,True,,Normal,0,100%,88%,0%,10.1%,0%,90%,70%,61%,100%,+9.0%,109.0%,,,,1,1, better than target,( better than target ),880,,, worse than critical,3.091743119,11,9,0,9,0.899082569,,,,0,,0, better than target,3,98,109,109,44961,Point,Point,Point,Point,Point,Point,Point,0,, better than target,5,,0.778571429,8,8,100,Point,Point,Point,Point,109, better than target,40, better than target,9.000000000,109,109,9800,14000,,,,7,7,7,,True,True,,,,15.571428571,0
?,False,2/9/2023,"February 9, 2023",2023 W6,,Other,Max Parker,1,grey,color,,Line 4,Total,Total,,True,True,,Normal,0,100%,88%,0%,9.9%,0%,90%,71%,63%,100%,+11.0%,111.0%,,,,1,1, better than target,( better than target ),880,,, worse than critical,2.909909910,11,11,0,11,0.900900901,,,,0,,0, better than target,3,100,111,111,44961,Point,Point,Point,Point,Point,Point,Point,0,, better than target,6.428571429,,0.792857143,8,8,100,Point,Point,Point,Point,111, better than target,40, better than target,11,111,111,10000,14000,,,,7,7,7,,True,True,,,,15.857142857,0
?,False,2/10/2023,"February 10, 2023",2023 W6,,Tech Issue,Mia Smith,7,grey,color,,Line 4,Total,Total,,True,False,,Challenging,0,100%,88%,100%,6.1%,0%,94%,66%,58%,0%,-02%,98.0%,,,,1,1, worse than target,( worse than target ),480,,, worse than target,3.122448980,6,-2,0,-2,0.938775510,,,,0,,0, better than target,3,92,98,98,44961,Point,Point,Point,Point,Point,Point,Point,0,, better than target,0.714285714,,0.7,8,8,100,Point,Point,Point,Point,98, worse than critical,40, worse than target,2,98,98,9200,14000,,,,7,7,7,,False,False,,,,14,0
?,False,2/11/2023,"February 11, 2023",2023 W6,,Material Shortage,Zoe Martinez,8,grey,color,,Line 4,Total,Total,,True,False,,Normal,0,100%,88%,0%,5.1%,0%,95%,67%,59%,0%,-01%,99.0%,,,,1,1, worse than target,( worse than target ),400,,, worse than target,2.050505051,5,-1,0,-1,0.949494949,,,,0,,0, better than target,3,94,99,99,44961,Point,Point,Point,Point,Point,Point,Point,0,, better than target,2.142857143,,0.707142857,8,8,100,Point,Point,Point,Point,99, worse than critical,40, worse than target,1,99,99,9400,14000,,,,7,7,7,,False,False,,,,14.142857143,0
?,False,2/12/2023,"February 12, 2023",2023 W6,,Maintenance,Finn Sullivan,5,grey,color,,Line 4,Total,Total,,True,False,,Challenging,0,100%,88%,100%,9.1%,0%,91%,57%,50%,0%,-12%,88.0%,,,,1,1, worse than target,( worse than target ),640,,, worse than critical,2.090909091,8,-12,0,-12,0.909090909,,,,0,,0, better than target,3,80,88,88,44961,Point,Point,Point,Point,Point,Point,Point,0,, worse than target,7.857142857,,0.628571429,8,8,100,Point,Point,Point,Point,88, worse than critical,40, worse than target,12,88,88,8000,14000,,,,7,7,7,,False,False,,,,12.571428571,0
?,False,2/13/2023,"February 13, 2023",2023 W7,,Material Shortage,Luna Garcia,1,grey,color,,Line 4,Total,Total,,True,True,,Normal,0,100%,88%,0%,13.1%,0%,87%,66%,58%,100%,+7.0%,107.0%,,,,1,1, better than target,( better than target ),1120,,, worse than critical,6.084112150,14,7,0,7,0.869158879,,,,0,,0, better than target,3,93,107,107,44968,Point,Point,Point,Point,Point,Point,Point,0,, better than target,1.428571429,,0.764285714,8,8,100,Point,Point,Point,Point,107, better than target,40, better than target,7.000000000,107,107,9300,14000,,,,7,7,7,,True,True,,,,15.285714286,0
?,False,2/14/2023,"February 14, 2023",2023 W7,,Maintenance,Luna Garcia,8,grey,color,,Line 4,Total,Total,,True,False,,Normal,0,100%,88%,0%,5.9%,0%,94%,57%,50%,0%,-15%,85.0%,,,,1,1, worse than target,( worse than target ),400,,, worse than target,2.882352941,5,-15,0,-15,0.941176471,,,,0,,0, better than target,3,80,85,85,44968,Point,Point,Point,Point,Point,Point,Point,0,, worse than target,7.857142857,,0.607142857,8,8,100,Point,Point,Point,Point,85, worse than critical,40, worse than target,15,85,85,8000,14000,,,,7,7,7,,False,False,,,,12.142857143,0
?,False,2/15/2023,"February 15, 2023",2023 W7,,Tech Issue,Ivy Anderson,7,grey,color,,Line 4,Total,Total,,True,False,,Challenging,0,100%,88%,100%,11.4%,0%,89%,56%,49%,0%,-12%,88.0%,,,,1,1, worse than target,( worse than target ),800,,, worse than critical,4.363636364,10,-12,0,-12,0.886363636,,,,0,,0, better than target,3,78,88,88,44968,Point,Point,Point,Point,Point,Point,Point,0,, worse than target,9.285714286,,0.628571429,8,8,100,Point,Point,Point,Point,88, worse than critical,40, worse than target,12,88,88,7800,14000,,,,7,7,7,,False,False,,,,12.571428571,0
?,False,2/16/2023,"February 16, 2023",2023 W7,,Material Shortage,Luna Garcia,2,grey,color,,Line 4,Total,Total,,True,True,,Challenging,0,100%,88%,100%,11.4%,0%,89%,66%,58%,100%,+5.0%,105.0%,,,,1,1, better than target,( better than target ),960,,, worse than critical,4.428571429,12,5,0,5,0.885714286,,,,0,,0, better than target,3,93,105,105,44968,Point,Point,Point,Point,Point,Point,Point,0,, better than target,1.428571429,,0.75,8,8,100,Point,Point,Point,Point,105, better than target,40, better than target,5,105,105,9300,14000,,,,7,7,7,,True,True,,,,15,0
?,False,2/17/2023,"February 17, 2023",2023 W7,,Material Shortage,Finn Sullivan,7,grey,color,,Line 4,Total,Total,,True,True,,Challenging,0,100%,88%,100%,12.6%,0%,87%,69%,61%,100%,+11.0%,111.0%,,,,1,1, better than target,( better than target ),1120,,, worse than critical,5.612612613,14,11,0,11,0.873873874,,,,0,,0, better than target,3,97,111,111,44968,Point,Point,Point,Point,Point,Point,Point,0,, better than target,4.285714286,,0.792857143,8,8,100,Point,Point,Point,Point,111, better than target,40, better than target,11,111,111,9700,14000,,,,7,7,7,,True,True,,,,15.857142857,0
?,False,2/18/2023,"February 18, 2023",2023 W7,,Maintenance,Luna Garcia,9,grey,color,,Line 4,Total,Total,,True,False,,Normal,0,100%,88%,0%,14.4%,0%,86%,59%,52%,0%,-03%,97.0%,,,,1,1, worse than target,( worse than target ),1120,,, worse than critical,7.432989691,14,-3,0,-3,0.855670103,,,,0,,0, better than target,3,83,97,97,44968,Point,Point,Point,Point,Point,Point,Point,0,, worse than target,5.714285714,,0.692857143,8,8,100,Point,Point,Point,Point,97, worse than critical,40, worse than target,3,97,97,8300,14000,,,,7,7,7,,False,False,,,,13.857142857,0
?,False,2/19/2023,"February 19, 2023",2023 W7,,Other,Luna Garcia,7,grey,color,,Line 4,Total,Total,,True,False,,Challenging,0,100%,88%,100%,15.7%,0%,84%,50%,44%,0%,-17%,83.0%,,,,1,1, worse than target,( worse than target ),1040,,, worse than critical,8.662650602,13,-17,0,-17,0.843373494,,,,0,,0, better than target,3,70,83,83,44968,Point,Point,Point,Point,Point,Point,Point,0,, worse than target,15,,0.592857143,8,8,100,Point,Point,Point,Point,83, worse than critical,40, worse than target,17,83,83,7000,14000,,,,7,7,7,,False,False,,,,11.857142857,0
?,False,2/20/2023,"February 20, 2023",2023 W8,,Material Shortage,Finn Sullivan,4,grey,color,,Line 4,Total,Total,,True,False,,Challenging,0,100%,88%,100%,13.5%,0%,87%,55%,48%,0%,-11%,89.0%,,,,1,1, worse than target,( worse than target ),960,,, worse than critical,6.483146067,12,-11,0,-11,0.865168539,,,,0,,0, better than target,3,77,89,89,44975,Point,Point,Point,Point,Point,Point,Point,0,, worse than target,10,,0.635714286,8,8,100,Point,Point,Point,Point,89, worse than critical,40, worse than target,11,89,89,7700,14000,,,,7,7,7,,False,False,,,,12.714285714,0
?,False,2/21/2023,"February 21, 2023",2023 W8,,Other,Finn Sullivan,6,grey,color,,Line 4,Total,Total,,True,True,,Normal,0,100%,88%,0%,5.3%,0%,95%,77%,68%,100%,+14.0%,114.0%,,,,1,1, better than target,( better than target ),480,,, worse than target,2.263157895,6,14,0,14,0.947368421,,,,0,,0, better than target,3,108,114,114,44975,Point,Point,Point,Point,Point,Point,Point,0,, better than target,12.142857143,,0.814285714,8,8,100,Point,Point,Point,Point,114, better than target,40, better than target,14,114,114,10800,14000,,,,7,7,7,,True,True,,,,16.285714286,0
?,False,2/22/2023,"February 22, 2023",2023 W8,,Material Shortage,Leo Johnson,7,grey,color,,Line 4,Total,Total,,True,False,,Challenging,0,100%,88%,100%,8.3%,0%,92%,55%,48%,0%,-16%,84.0%,,,,1,1, worse than target,( worse than target ),560,,, worse than critical,1.333333333,7,-16,0,-16,0.916666667,,,,0,,0, better than target,3,77,84,84,44975,Point,Point,Point,Point,Point,Point,Point,0,, worse than target,10,,0.6,8,8,100,Point,Point,Point,Point,84, worse than critical,40, worse than target,16,84,84,7700,14000,,,,7,7,7,,False,False,,,,12,0
?,False,2/23/2023,"February 23, 2023",2023 W8,,Material Shortage,Luna Garcia,2,grey,color,,Line 4,Total,Total,,True,False,,Normal,0,100%,88%,0%,10.0%,0%,90%,51%,45%,0%,-20%,80.0%,,,,1,1, worse than target,( worse than target ),640,,, worse than critical,3,8,-20,0,-20,0.9,,,,0,,0, better than target,3,72,80,80,44975,Point,Point,Point,Point,Point,Point,Point,0,, worse than target,13.571428571,,0.571428571,8,8,100,Point,Point,Point,Point,80, worse than critical,40, worse than target,20,80,80,7200,14000,,,,7,7,7,,False,False,,,,11.428571429,0
?,False,2/24/2023,"February 24, 2023",2023 W8,2/24/2023,Material Shortage,Finn Sullivan,1,grey,color,,Line 4,Total,Total,,True,False,,Challenging,1,71%,63%,100%,7.3%,25%,93%,64%,56%,0%,-04%,96.0%,1,,,1,1, worse than target,( worse than target ),560,4360,4360, worse than critical,0.291666667,7,-4,0,-4,0.927083333,5,19.2,2,3400,3800,2, worse than critical,18,89,96,96,44975,Point,Point,Point,Point,Point,Point,Point,0,, worse than target,1.428571429,0,0.96,6,8,100,Point,Point,Point,Point,96, worse than critical,40, worse than target,4,96,96,8900,14000,4540,32%,2,5,7,7,,False,False,0,,,19.2,2
?,False,2/25/2023,"February 25, 2023",2023 W8,2/25/2023,Material Shortage,Leo Johnson,9,grey,color,,Line 4,Total,Total,,True,False,,Normal,1,86%,75%,0%,8.2%,13%,92%,56%,49%,0%,-15%,85.0%,1,,,1,1, worse than target,( worse than target ),560,2960,2960, worse than critical,1.235294118,7,-15,0,-15,0.917647059,6,14.166666667,1,2200,2400,1, worse than critical,5.5,78,85,85,44975,Point,Point,Point,Point,Point,Point,Point,0,, worse than target,9.285714286,0,0.708333333,7,8,100,Point,Point,Point,Point,85, worse than critical,40, worse than target,15,85,85,7800,14000,4840,35%,1,6,7,7,,False,False,0,,,14.166666667,1
?,False,2/26/2023,"February 26, 2023",2023 W8,2/26/2023,Maintenance,Zoe Martinez,1,grey,color,2/26/2023,Line 4,Total,Total,,True,True,,Normal,1,100%,63%,0%,8.6%,25%,91%,96%,60%,100%,+5.0%,105.0%,1,1,,1,1, better than target,( better than target ),720,8120,8120, worse than critical,1.571428571,9,5,0,5,0.914285714,5,21,2,3400,7400,2, worse than critical,18,96,105,105,44975,Point,Point,Point,Point,Point,Point,Point,2,2, better than target,31,0,1.05,6,8,100,Point,Point,Point,Point,105, better than target,40, better than target,5,105,105,9600,14000,1480,11%,0,5,7,5,5,True,True,0,,20,21,0
?,False,2/27/2023,"February 27, 2023",2023 W9,,Material Shortage,Max Parker,2,grey,color,,Line 4,Total,Total,,True,False,,Normal,0,100%,88%,0%,10.0%,0%,90%,51%,45%,0%,-20%,80.0%,,,,1,1, worse than target,( worse than target ),640,,, worse than critical,3,8,-20,0,-20,0.9,,,,0,,0, better than target,3,72,80,80,44982,Point,Point,Point,Point,Point,Point,Point,0,, worse than target,13.571428571,,0.571428571,8,8,100,Point,Point,Point,Point,80, worse than critical,40, worse than target,20,80,80,7200,14000,,,,7,7,7,,False,False,,,,11.428571429,0
?,False,2/28/2023,"February 28, 2023",2023 W9,,Tech Issue,Ava White,9,grey,color,,Line 4,Total,Total,,True,True,,Normal,0,100%,88%,0%,9.3%,0%,91%,76%,67%,100%,+18.0%,118.0%,,,,1,1, better than target,( better than target ),880,,, worse than critical,2.322033898,11,18,0,18,0.906779661,,,,0,,0, better than target,3,107,118,118,44982,Point,Point,Point,Point,Point,Point,Point,0,, better than target,11.428571429,,0.842857143,8,8,100,Point,Point,Point,Point,118, better than target,40, better than target,18,118,118,10700,14000,,,,7,7,7,,True,True,,,,16.857142857,0
?,False,3/1/2023,"March 1, 2023",2023 W9,3/1/2023,Tech Issue,Zoe Martinez,7,grey,color,,Line 4,Total,Total,,True,True,3/1/2023,Challenging,1,57%,50%,100%,5.7%,38%,94%,71%,62%,100%,+5.0%,105.0%,1,,1,1,1, better than target,( better than target ),480,17080,17080, worse than target,2.714285714,6,5,0,5,0.942857143,4,26.25,3,4600,16600,3, worse than critical,30.5,99,105,105,44982,Point,Point,Point,Point,Point,Point,Point,0,, better than target,5.714285714,0,1.3125,5,8,100,Point,Point,Point,Point,105, better than target,40, better than target,5,105,105,9900,14000,-7180,-51%,0,4,7,7,,True,True,3,3,,26.25,3
?,False,3/2/2023,"March 2, 2023",2023 W9,,Material Shortage,Eli Brown,2,grey,color,,Line 4,Total,Total,,True,True,,Challenging,0,100%,88%,100%,14.0%,0%,86%,61%,54%,100%,+0.0%,100.0%,,,,1,1, better than target,( better than target ),1120,,, worse than critical,7,14,0,0,0,0.86,,,,0,,0, better than target,3,86,100,100,44982,Point,Point,Point,Point,Point,Point,Point,0,, worse than target,3.571428571,,0.714285714,8,8,100,Point,Point,Point,Point,100, better than target,40, better than target,0,100,100,8600,14000,,,,7,7,7,,True,True,,,,14.285714286,0
?,False,3/3/2023,"March 3, 2023",2023 W9,3/3/2023,Other,Mia Smith,4,grey,color,,Line 4,Total,Total,,True,False,,Challenging,1,57%,50%,100%,6.8%,38%,93%,59%,51%,0%,-12%,88.0%,1,,,1,1, worse than target,( worse than target ),480,5680,5680, worse than target,3.818181818,6,-12,0,-12,0.931818182,4,22,3,4600,5200,3, worse than critical,30.5,82,88,88,44982,Point,Point,Point,Point,Point,Point,Point,0,, worse than target,6.428571429,3,1.1,5,8,100,Point,Point,Point,Point,88, worse than critical,40, worse than target,12,88,88,8200,14000,2520,18%,0,4,7,7,,False,False,0,,,22,3
?,False,3/4/2023,"March 4, 2023",2023 W9,,Material Shortage,Finn Sullivan,1,grey,color,,Line 4,Total,Total,,True,True,,Normal,0,100%,88%,0%,4.7%,0%,95%,73%,64%,100%,+7.0%,107.0%,,,,1,1, better than target,( better than target ),400,,, worse than target,1.672897196,5,7,0,7,0.953271028,,,,0,,0, better than target,3,102,107,107,44982,Point,Point,Point,Point,Point,Point,Point,0,, better than target,7.857142857,,0.764285714,8,8,100,Point,Point,Point,Point,107, better than target,40, better than target,7.000000000,107,107,10200,14000,,,,7,7,7,,True,True,,,,15.285714286,0
?,False,3/5/2023,"March 5, 2023",2023 W9,,Material Shortage,Eli Brown,4,grey,color,,Line 4,Total,Total,,True,True,,Normal,0,100%,88%,0%,11.0%,0%,89%,75%,66%,100%,+18.0%,118.0%,,,,1,1, better than target,( better than target ),1040,,, worse than critical,4.016949153,13,18,0,18,0.889830508,,,,0,,0, better than target,3,105,118,118,44982,Point,Point,Point,Point,Point,Point,Point,0,, better than target,10,,0.842857143,8,8,100,Point,Point,Point,Point,118, better than target,40, better than target,18,118,118,10500,14000,,,,7,7,7,,True,True,,,,16.857142857,0
?,False,3/6/2023,"March 6, 2023",2023 W10,,Maintenance,Zoe Martinez,4,grey,color,,Line 4,Total,Total,,True,False,,Normal,0,100%,88%,0%,7.1%,0%,93%,56%,49%,0%,-15%,85.0%,,,,1,1, worse than target,( worse than target ),480,,, worse than critical,0.058823529,6,-15,0,-15,0.929411765,,,,0,,0, better than target,3,79,85,85,44989,Point,Point,Point,Point,Point,Point,Point,0,, worse than target,8.571428571,,0.607142857,8,8,100,Point,Point,Point,Point,85, worse than critical,40, worse than target,15,85,85,7900,14000,,,,7,7,7,,False,False,,,,12.142857143,0
?,False,3/7/2023,"March 7, 2023",2023 W10,3/7/2023,Tech Issue,Ivy Anderson,9,grey,color,,Line 4,Total,Total,,True,False,3/7/2023,Normal,1,57%,50%,0%,8.3%,38%,92%,55%,48%,0%,-16%,84.0%,1,,1,1,1, worse than target,( worse than target ),560,17160,17160, worse than critical,1.333333333,7,-16,0,-16,0.916666667,4,21,3,4600,16600,3, worse than critical,30.5,77,84,84,44989,Point,Point,Point,Point,Point,Point,Point,0,, worse than target,10,0,1.05,5,8,100,Point,Point,Point,Point,84, worse than critical,40, worse than target,16,84,84,7700,14000,-9460,-68%,0,4,7,7,,False,False,3,3,,21,3
?,False,3/8/2023,"March 8, 2023",2023 W10,,Other,Zoe Martinez,9,grey,color,,Line 4,Total,Total,,True,False,,Challenging,0,100%,88%,100%,14.6%,0%,85%,50%,44%,0%,-18%,82.0%,,,,1,1, worse than target,( worse than target ),960,,, worse than critical,7.634146341,12,-18,0,-18,0.853658537,,,,0,,0, better than target,3,70,82,82,44989,Point,Point,Point,Point,Point,Point,Point,0,, worse than target,15,,0.585714286,8,8,100,Point,Point,Point,Point,82, worse than critical,40, worse than target,18,82,82,7000,14000,,,,7,7,7,,False,False,,,,11.714285714,0
?,False,3/9/2023,"March 9, 2023",2023 W10,,Material Shortage,Ivy Anderson,5,grey,color,,Line 4,Total,Total,,True,True,,Normal,0,100%,88%,0%,12.9%,0%,87%,63%,55%,100%,+1.0%,101.0%,,,,1,1, better than target,( better than target ),1040,,, worse than critical,5.871287129,13,1,0,1,0.871287129,,,,0,,0, better than target,3,88,101,101,44989,Point,Point,Point,Point,Point,Point,Point,0,, worse than target,2.142857143,,0.721428571,8,8,100,Point,Point,Point,Point,101, better than target,40, better than target,1,101,101,8800,14000,,,,7,7,7,,True,True,,,,14.428571429,0
?,False,3/10/2023,"March 10, 2023",2023 W10,,Other,Zoe Martinez,8,grey,color,,Line 4,Total,Total,,True,True,,Challenging,0,100%,88%,100%,6.0%,0%,94%,79%,69%,100%,+17.0%,117.0%,,,,1,1, better than target,( better than target ),560,,, worse than target,2.982905983,7,17,0,17,0.940170940,,,,0,,0, better than target,3,110,117,117,44989,Point,Point,Point,Point,Point,Point,Point,0,, better than target,13.571428571,,0.835714286,8,8,100,Point,Point,Point,Point,117, better than target,40, better than target,17,117,117,11000,14000,,,,7,7,7,,True,True,,,,16.714285714,0
?,False,3/11/2023,"March 11, 2023",2023 W10,,Material Shortage,Ivy Anderson,7,grey,color,,Line 4,Total,Total,,True,False,,Normal,0,100%,88%,0%,11.6%,0%,88%,60%,53%,0%,-05%,95.0%,,,,1,1, worse than target,( worse than target ),880,,, worse than critical,4.578947368,11,-5,0,-5,0.884210526,,,,0,,0, better than target,3,84,95,95,44989,Point,Point,Point,Point,Point,Point,Point,0,, worse than target,5,,0.678571429,8,8,100,Point,Point,Point,Point,95, worse than critical,40, worse than target,5,95,95,8400,14000,,,,7,7,7,,False,False,,,,13.571428571,0
?,False,3/12/2023,"March 12, 2023",2023 W10,,Maintenance,Eli Brown,7,grey,color,,Line 4,Total,Total,,True,False,,Normal,0,100%,88%,0%,10.3%,0%,90%,62%,54%,0%,-03%,97.0%,,,,1,1, worse than target,( worse than target ),800,,, worse than critical,3.309278351,10,-3,0,-3,0.896907216,,,,0,,0, better than target,3,87,97,97,44989,Point,Point,Point,Point,Point,Point,Point,0,, worse than target,2.857142857,,0.692857143,8,8,100,Point,Point,Point,Point,97, worse than critical,40, worse than target,3,97,97,8700,14000,,,,7,7,7,,False,False,,,,13.857142857,0
?,False,3/13/2023,"March 13, 2023",2023 W11,,Tech Issue,Zoe Martinez,1,grey,color,,Line 4,Total,Total,,True,False,,Normal,0,100%,88%,0%,10.8%,0%,89%,53%,46%,0%,-17%,83.0%,,,,1,1, worse than target,( worse than target ),720,,, worse than critical,3.843373494,9,-17,0,-17,0.891566265,,,,0,,0, better than target,3,74,83,83,44996,Point,Point,Point,Point,Point,Point,Point,0,, worse than target,12.142857143,,0.592857143,8,8,100,Point,Point,Point,Point,83, worse than critical,40, worse than target,17,83,83,7400,14000,,,,7,7,7,,False,False,,,,11.857142857,0
?,False,3/14/2023,"March 14, 2023",2023 W11,,Maintenance,Finn Sullivan,7,grey,color,,Line 4,Total,Total,,True,True,,Normal,0,100%,88%,0%,4.9%,0%,95%,70%,61%,100%,+3.0%,103.0%,,,,1,1, better than target,( better than target ),400,,, worse than target,1.854368932,5,3,0,3,0.951456311,,,,0,,0, better than target,3,98,103,103,44996,Point,Point,Point,Point,Point,Point,Point,0,, better than target,5.000000000,,0.735714286,8,8,100,Point,Point,Point,Point,103, better than target,40, better than target,3,103,103,9800,14000,,,,7,7,7,,True,True,,,,14.714285714,0
?,False,3/15/2023,"March 15, 2023",2023 W11,,Material Shortage,Eli Brown,8,grey,color,,Line 4,Total,Total,,True,False,,Normal,0,100%,88%,0%,13.7%,0%,86%,59%,51%,0%,-05%,95.0%,,,,1,1, worse than target,( worse than target ),1040,,, worse than critical,6.684210526,13,-5,0,-5,0.863157895,,,,0,,0, better than target,3,82,95,95,44996,Point,Point,Point,Point,Point,Point,Point,0,, worse than target,6.428571429,,0.678571429,8,8,100,Point,Point,Point,Point,95, worse than critical,40, worse than target,5,95,95,8200,14000,,,,7,7,7,,False,False,,,,13.571428571,0
?,False,3/16/2023,"March 16, 2023",2023 W11,,Material Shortage,Max Parker,3,grey,color,,Line 4,Total,Total,,True,True,,Normal,0,100%,88%,0%,6.7%,0%,93%,69%,61%,100%,+4.0%,104.0%,,,,1,1, better than target,( better than target ),560,,, worse than target,3.730769231,7,4,0,4,0.932692308,,,,0,,0, better than target,3,97,104,104,44996,Point,Point,Point,Point,Point,Point,Point,0,, better than target,4.285714286,,0.742857143,8,8,100,Point,Point,Point,Point,104, better than target,40, better than target,4,104,104,9700,14000,,,,7,7,7,,True,True,,,,14.857142857,0
?,False,3/17/2023,"March 17, 2023",2023 W11,,Material Shortage,Ivy Anderson,4,grey,color,,Line 4,Total,Total,,True,False,,Normal,0,100%,88%,0%,12.0%,0%,88%,58%,51%,0%,-08%,92.0%,,,,1,1, worse than target,( worse than target ),880,,, worse than critical,4.956521739,11,-8,0,-8,0.880434783,,,,0,,0, better than target,3,81,92,92,44996,Point,Point,Point,Point,Point,Point,Point,0,, worse than target,7.142857143,,0.657142857,8,8,100,Point,Point,Point,Point,92, worse than critical,40, worse than target,8,92,92,8100,14000,,,,7,7,7,,False,False,,,,13.142857143,0
?,False,3/18/2023,"March 18, 2023",2023 W11,,Other,Finn Sullivan,2,grey,color,,Line 4,Total,Total,,True,False,,Challenging,0,100%,88%,100%,5.5%,0%,95%,61%,54%,0%,-09%,91.0%,,,,1,1, worse than target,( worse than target ),400,,, worse than target,2.494505495,5,-9,0,-9,0.945054945,,,,0,,0, better than target,3,86,91,91,44996,Point,Point,Point,Point,Point,Point,Point,0,, worse than target,3.571428571,,0.65,8,8,100,Point,Point,Point,Point,91, worse than critical,40, worse than target,9,91,91,8600,14000,,,,7,7,7,,False,False,,,,13,0
?,False,3/19/2023,"March 19, 2023",2023 W11,3/19/2023,Material Shortage,Ava White,2,grey,color,,Line 4,Total,Total,,True,False,,Normal,1,71%,63%,0%,13.0%,25%,87%,57%,50%,0%,-08%,92.0%,1,,,1,1, worse than target,( worse than target ),960,4760,4760, worse than critical,6.043478261,12,-8,0,-8,0.869565217,5,18.4,2,3400,3800,2, worse than critical,18,80,92,92,44996,Point,Point,Point,Point,Point,Point,Point,0,, worse than target,7.857142857,0,0.92,6,8,100,Point,Point,Point,Point,92, worse than critical,40, worse than target,8,92,92,8000,14000,3240,23%,2,5,7,7,,False,False,0,,,18.4,2
?,False,3/20/2023,"March 20, 2023",2023 W12,,Tech Issue,Max Parker,3,grey,color,,Line 4,Total,Total,,True,False,,Challenging,0,100%,88%,100%,11.1%,0%,89%,63%,55%,0%,-01%,99.0%,,,,1,1, worse than target,( worse than target ),880,,, worse than critical,4.111111111,11,-1,0,-1,0.888888889,,,,0,,0, better than target,3,88,99,99,45003,Point,Point,Point,Point,Point,Point,Point,0,, worse than target,2.142857143,,0.707142857,8,8,100,Point,Point,Point,Point,99, worse than critical,40, worse than target,1,99,99,8800,14000,,,,7,7,7,,False,False,,,,14.142857143,0
?,False,3/21/2023,"March 21, 2023",2023 W12,3/21/2023,Material Shortage,Eli Brown,4,grey,color,,Line 4,Total,Total,,True,False,,Normal,1,57%,50%,0%,13.6%,38%,86%,54%,48%,0%,-12%,88.0%,1,,,1,1, worse than target,( worse than target ),960,6160,6160, worse than critical,6.636363636,12,-12,0,-12,0.863636364,4,22,3,4600,5200,3, worse than critical,30.5,76,88,88,45003,Point,Point,Point,Point,Point,Point,Point,0,, worse than target,10.714285714,0,1.1,5,8,100,Point,Point,Point,Point,88, worse than critical,40, worse than target,12,88,88,7600,14000,1440,10%,3,4,7,7,,False,False,0,,,22,3
?,False,3/22/2023,"March 22, 2023",2023 W12,3/22/2023,Material Shortage,Max Parker,9,grey,color,,Line 4,Total,Total,,True,False,,Normal,1,57%,50%,0%,5.8%,38%,94%,58%,51%,0%,-14%,86.0%,1,,,1,1, worse than target,( worse than target ),400,5600,5600, worse than target,2.813953488,5,-14,0,-14,0.941860465,4,21.5,3,4600,5200,3, worse than critical,30.5,81,86,86,45003,Point,Point,Point,Point,Point,Point,Point,0,, worse than target,7.142857143,0,1.075,5,8,100,Point,Point,Point,Point,86, worse than critical,40, worse than target,14,86,86,8100,14000,2500,18%,3,4,7,7,,False,False,0,,,21.5,3
?,False,3/23/2023,"March 23, 2023",2023 W12,3/23/2023,Tech Issue,Max Parker,6,grey,color,,Line 4,Total,Total,,True,True,3/23/2023,Normal,1,71%,63%,0%,8.8%,25%,91%,74%,64%,100%,+13.0%,113.0%,1,,1,1,1, better than target,( better than target ),800,12200,12200, worse than critical,1.849557522,10,13,0,13,0.911504425,5,22.6,2,3400,11400,2, worse than critical,18,103,113,113,45003,Point,Point,Point,Point,Point,Point,Point,0,, better than target,8.571428571,0,1.13,6,8,100,Point,Point,Point,Point,113, better than target,40, better than target,13,113,113,10300,14000,-1900,-14%,0,5,7,7,,True,True,2,2,,22.6,2
?,False,3/24/2023,"March 24, 2023",2023 W12,,Material Shortage,Leo Johnson,7,grey,color,,Line 4,Total,Total,,True,False,,Normal,0,100%,88%,0%,8.2%,0%,92%,64%,56%,0%,-03%,97.0%,,,,1,1, worse than target,( worse than target ),640,,, worse than critical,1.247422680,8,-3,0,-3,0.917525773,,,,0,,0, better than target,3,89,97,97,45003,Point,Point,Point,Point,Point,Point,Point,0,, worse than target,1.428571429,,0.692857143,8,8,100,Point,Point,Point,Point,97, worse than critical,40, worse than target,3,97,97,8900,14000,,,,7,7,7,,False,False,,,,13.857142857,0
?,False,3/25/2023,"March 25, 2023",2023 W12,,Tech Issue,Leo Johnson,6,grey,color,,Line 4,Total,Total,,True,True,,Challenging,0,100%,88%,100%,8.5%,0%,92%,69%,61%,100%,+6.0%,106.0%,,,,1,1, better than target,( better than target ),720,,, worse than critical,1.490566038,9,6,0,6,0.915094340,,,,0,,0, better than target,3,97,106,106,45003,Point,Point,Point,Point,Point,Point,Point,0,, better than target,4.285714286,,0.757142857,8,8,100,Point,Point,Point,Point,106, better than target,40, better than target,6.000000000,106,106,9700,14000,,,,7,7,7,,True,True,,,,15.142857143,0
?,False,3/26/2023,"March 26, 2023",2023 W12,,Maintenance,Luna Garcia,3,grey,color,,Line 4,Total,Total,,True,False,,Challenging,0,100%,88%,100%,15.7%,0%,84%,54%,47%,0%,-11%,89.0%,,,,1,1, worse than target,( worse than target ),1120,,, worse than critical,8.730337079,14,-11,0,-11,0.842696629,,,,0,,0, better than target,3,75,89,89,45003,Point,Point,Point,Point,Point,Point,Point,0,, worse than target,11.428571429,,0.635714286,8,8,100,Point,Point,Point,Point,89, worse than critical,40, worse than target,11,89,89,7500,14000,,,,7,7,7,,False,False,,,,12.714285714,0
?,False,3/27/2023,"March 27, 2023",2023 W13,,Material Shortage,Zoe Martinez,3,grey,color,,Line 4,Total,Total,,True,True,,Challenging,0,100%,88%,100%,5.9%,0%,94%,69%,60%,100%,+2.0%,102.0%,,,,1,1, better than target,( better than target ),480,,, worse than target,2.882352941,6,2,0,2,0.941176471,,,,0,,0, better than target,3,96,102,102,45010,Point,Point,Point,Point,Point,Point,Point,0,, better than target,3.571428571,,0.728571429,8,8,100,Point,Point,Point,Point,102, better than target,40, better than target,2,102,102,9600,14000,,,,7,7,7,,True,True,,,,14.571428571,0
?,False,3/28/2023,"March 28, 2023",2023 W13,,Maintenance,Mia Smith,6,grey,color,,Line 4,Total,Total,,True,False,,Challenging,0,100%,88%,100%,6.5%,0%,93%,61%,54%,0%,-08%,92.0%,,,,1,1, worse than target,( worse than target ),480,,, worse than target,3.521739130,6,-8,0,-8,0.934782609,,,,0,,0, better than target,3,86,92,92,45010,Point,Point,Point,Point,Point,Point,Point,0,, worse than target,3.571428571,,0.657142857,8,8,100,Point,Point,Point,Point,92, worse than critical,40, worse than target,8,92,92,8600,14000,,,,7,7,7,,False,False,,,,13.142857143,0
?,False,3/29/2023,"March 29, 2023",2023 W13,,Other,Eli Brown,3,grey,color,,Line 4,Total,Total,,True,False,,Challenging,0,100%,88%,100%,14.3%,0%,86%,60%,53%,0%,-02%,98.0%,,,,1,1, worse than target,( worse than target ),1120,,, worse than critical,7.285714286,14,-2,0,-2,0.857142857,,,,0,,0, better than target,3,84,98,98,45010,Point,Point,Point,Point,Point,Point,Point,0,, worse than target,5,,0.7,8,8,100,Point,Point,Point,Point,98, worse than critical,40, worse than target,2,98,98,8400,14000,,,,7,7,7,,False,False,,,,14,0
?,False,3/30/2023,"March 30, 2023",2023 W13,3/30/2023,Maintenance,Ivy Anderson,9,grey,color,3/30/2023,Line 4,Total,Total,,True,True,,Normal,1,100%,50%,0%,6.1%,38%,94%,135%,68%,100%,+15.0%,115.0%,1,1,,1,1, better than target,( better than target ),560,11160,11160, worse than target,3.086956522,7,15,0,15,0.939130435,4,28.75,3,4600,10600,3, worse than critical,30.5,108,115,115,45010,Point,Point,Point,Point,Point,Point,Point,3,3, better than target,70,0,1.4375,5,8,100,Point,Point,Point,Point,115, better than target,40, better than target,15,115,115,10800,14000,-360,-3%,0,4,7,4,4,True,True,0,,25,28.75,0
?,False,3/31/2023,"March 31, 2023",2023 W13,,Maintenance,Luna Garcia,9,grey,color,,Line 4,Total,Total,,True,False,,Challenging,0,100%,88%,100%,7.1%,0%,93%,65%,57%,0%,-02%,98.0%,,,,1,1, worse than target,( worse than target ),560,,, worse than critical,0.142857143,7,-2,0,-2,0.928571429,,,,0,,0, better than target,3,91,98,98,45010,Point,Point,Point,Point,Point,Point,Point,0,, better than target,0,,0.7,8,8,100,Point,Point,Point,Point,98, worse than critical,40, worse than target,2,98,98,9100,14000,,,,7,7,7,,False,False,,,,14,0
?,False,4/1/2023,"April 1, 2023",2023 W13,,Material Shortage,Zoe Martinez,7,grey,color,,Line 4,Total,Total,,True,True,,Challenging,0,100%,88%,100%,8.7%,0%,91%,68%,59%,100%,+4.0%,104.0%,,,,1,1, better than target,( better than target ),720,,, worse than critical,1.653846154,9,4,0,4,0.913461538,,,,0,,0, better than target,3,95,104,104,45010,Point,Point,Point,Point,Point,Point,Point,0,, better than target,2.857142857,,0.742857143,8,8,100,Point,Point,Point,Point,104, better than target,40, better than target,4,104,104,9500,14000,,,,7,7,7,,True,True,,,,14.857142857,0
?,False,4/2/2023,"April 2, 2023",2023 W13,4/2/2023,Tech Issue,Leo Johnson,1,grey,color,,Line 4,Total,Total,,True,True,4/2/2023,Challenging,1,86%,75%,100%,6.9%,13%,93%,77%,68%,100%,+16.0%,116.0%,1,,1,1,1, better than target,( better than target ),640,6840,6840, worse than target,3.896551724,8,16,0,16,0.931034483,6,19.333333333,1,2200,6200,1, worse than critical,5.5,108,116,116,45010,Point,Point,Point,Point,Point,Point,Point,0,, better than target,12.142857143,0,0.966666667,7,8,100,Point,Point,Point,Point,116, better than target,40, better than target,16,116,116,10800,14000,3960,28%,0,6,7,7,,True,True,1,1,,19.333333333,1
?,False,4/3/2023,"April 3, 2023",2023 W14,,Tech Issue,Ivy Anderson,4,grey,color,,Line 4,Total,Total,,True,True,,Challenging,0,100%,88%,100%,9.9%,0%,90%,71%,63%,100%,+11.0%,111.0%,,,,1,1, better than target,( better than target ),880,,, worse than critical,2.909909910,11,11,0,11,0.900900901,,,,0,,0, better than target,3,100,111,111,45017,Point,Point,Point,Point,Point,Point,Point,0,, better than target,6.428571429,,0.792857143,8,8,100,Point,Point,Point,Point,111, better than target,40, better than target,11,111,111,10000,14000,,,,7,7,7,,True,True,,,,15.857142857,0
?,False,4/4/2023,"April 4, 2023",2023 W14,4/4/2023,Material Shortage,Ivy Anderson,7,grey,color,,Line 4,Total,Total,,True,False,,Challenging,1,71%,63%,100%,12.8%,25%,87%,59%,51%,0%,-06%,94.0%,1,,,1,1, worse than target,( worse than target ),960,4760,4760, worse than critical,5.765957447,12,-6,0,-6,0.872340426,5,18.8,2,3400,3800,2, worse than critical,18,82,94,94,45017,Point,Point,Point,Point,Point,Point,Point,0,, worse than target,6.428571429,0,0.94,6,8,100,Point,Point,Point,Point,94, worse than critical,40, worse than target,6.000000000,94,94,8200,14000,3440,25%,2,5,7,7,,False,False,0,,,18.8,2
?,False,4/5/2023,"April 5, 2023",2023 W14,,Other,Ivy Anderson,2,grey,color,,Line 4,Total,Total,,True,True,,Challenging,0,100%,88%,100%,12.5%,0%,88%,65%,57%,100%,+4.0%,104.0%,,,,1,1, better than target,( better than target ),1040,,, worse than critical,5.5,13,4,0,4,0.875,,,,0,,0, better than target,3,91,104,104,45017,Point,Point,Point,Point,Point,Point,Point,0,, better than target,0,,0.742857143,8,8,100,Point,Point,Point,Point,104, better than target,40, better than target,4,104,104,9100,14000,,,,7,7,7,,True,True,,,,14.857142857,0
?,False,4/6/2023,"April 6, 2023",2023 W14,4/6/2023,Other,Max Parker,9,grey,color,,Line 4,Total,Total,,True,False,,Normal,1,86%,75%,0%,13.1%,13%,87%,52%,46%,0%,-16%,84.0%,1,,,1,1, worse than target,( worse than target ),880,3280,3280, worse than critical,6.095238095,11,-16,0,-16,0.869047619,6,14,1,2200,2400,1, worse than critical,5.5,73,84,84,45017,Point,Point,Point,Point,Point,Point,Point,0,, worse than target,12.857142857,1,0.7,7,8,100,Point,Point,Point,Point,84, worse than critical,40, worse than target,16,84,84,7300,14000,4020,29%,0,6,7,7,,False,False,0,,,14,1
?,False,4/7/2023,"April 7, 2023",2023 W14,,Maintenance,Eli Brown,2,grey,color,,Line 4,Total,Total,,True,True,,Normal,0,100%,88%,0%,9.2%,0%,91%,77%,68%,100%,+19.0%,119.0%,,,,1,1, better than target,( better than target ),880,,, worse than critical,2.243697479,11,19,0,19,0.907563025,,,,0,,0, better than target,3,108,119,119,45017,Point,Point,Point,Point,Point,Point,Point,0,, better than target,12.142857143,,0.85,8,8,100,Point,Point,Point,Point,119, better than target,40, better than target,19,119,119,10800,14000,,,,7,7,7,,True,True,,,,17,0
?,False,4/8/2023,"April 8, 2023",2023 W14,,Tech Issue,Owen Taylor,9,grey,color,,Line 4,Total,Total,,True,False,,Challenging,0,100%,88%,100%,12.2%,0%,88%,51%,45%,0%,-18%,82.0%,,,,1,1, worse than target,( worse than target ),800,,, worse than critical,5.195121951,10,-18,0,-18,0.878048780,,,,0,,0, better than target,3,72,82,82,45017,Point,Point,Point,Point,Point,Point,Point,0,, worse than target,13.571428571,,0.585714286,8,8,100,Point,Point,Point,Point,82, worse than critical,40, worse than target,18,82,82,7200,14000,,,,7,7,7,,False,False,,,,11.714285714,0
?,False,4/9/2023,"April 9, 2023",2023 W14,,Tech Issue,Ava White,3,grey,color,,Line 4,Total,Total,,True,False,,Challenging,0,100%,88%,100%,16.9%,0%,83%,49%,43%,0%,-17%,83.0%,,,,1,1, worse than target,( worse than target ),1120,,, worse than critical,9.867469880,14,-17,0,-17,0.831325301,,,,0,,0, better than target,3,69,83,83,45017,Point,Point,Point,Point,Point,Point,Point,0,, worse than target,15.714285714,,0.592857143,8,8,100,Point,Point,Point,Point,83, worse than critical,40, worse than target,17,83,83,6900,14000,,,,7,7,7,,False,False,,,,11.857142857,0
?,False,4/10/2023,"April 10, 2023",2023 W15,,Maintenance,Luna Garcia,2,grey,color,,Line 4,Total,Total,,True,True,,Challenging,0,100%,88%,100%,9.5%,0%,90%,68%,59%,100%,+5.0%,105.0%,,,,1,1, better than target,( better than target ),800,,, worse than critical,2.523809524,10,5,0,5,0.904761905,,,,0,,0, better than target,3,95,105,105,45024,Point,Point,Point,Point,Point,Point,Point,0,, better than target,2.857142857,,0.75,8,8,100,Point,Point,Point,Point,105, better than target,40, better than target,5,105,105,9500,14000,,,,7,7,7,,True,True,,,,15,0
?,False,4/11/2023,"April 11, 2023",2023 W15,,Tech Issue,Zoe Martinez,8,grey,color,,Line 4,Total,Total,,True,False,,Normal,0,100%,88%,0%,6.3%,0%,94%,64%,56%,0%,-05%,95.0%,,,,1,1, worse than target,( worse than target ),480,,, worse than target,3.315789474,6,-5,0,-5,0.936842105,,,,0,,0, better than target,3,89,95,95,45024,Point,Point,Point,Point,Point,Point,Point,0,, worse than target,1.428571429,,0.678571429,8,8,100,Point,Point,Point,Point,95, worse than critical,40, worse than target,5,95,95,8900,14000,,,,7,7,7,,False,False,,,,13.571428571,0
?,False,4/12/2023,"April 12, 2023",2023 W15,,Other,Finn Sullivan,6,grey,color,,Line 4,Total,Total,,True,False,,Challenging,0,100%,88%,100%,17.3%,0%,83%,48%,42%,0%,-19%,81.0%,,,,1,1, worse than target,( worse than target ),1120,,, worse than critical,10.283950617,14,-19,0,-19,0.827160494,,,,0,,0, better than target,3,67,81,81,45024,Point,Point,Point,Point,Point,Point,Point,0,, worse than target,17.142857143,,0.578571429,8,8,100,Point,Point,Point,Point,81, worse than critical,40, worse than target,19,81,81,6700,14000,,,,7,7,7,,False,False,,,,11.571428571,0
?,False,4/13/2023,"April 13, 2023",2023 W15,,Other,Owen Taylor,6,grey,color,,Line 4,Total,Total,,True,False,,Challenging,0,100%,88%,100%,13.8%,0%,86%,49%,43%,0%,-20%,80.0%,,,,1,1, worse than target,( worse than target ),880,,, worse than critical,6.75,11,-20,0,-20,0.8625,,,,0,,0, better than target,3,69,80,80,45024,Point,Point,Point,Point,Point,Point,Point,0,, worse than target,15.714285714,,0.571428571,8,8,100,Point,Point,Point,Point,80, worse than critical,40, worse than target,20,80,80,6900,14000,,,,7,7,7,,False,False,,,,11.428571429,0
?,False,4/14/2023,"April 14, 2023",2023 W15,,Material Shortage,Leo Johnson,2,grey,color,,Line 4,Total,Total,,True,False,,Challenging,0,100%,88%,100%,14.5%,0%,86%,51%,44%,0%,-17%,83.0%,,,,1,1, worse than target,( worse than target ),960,,, worse than critical,7.457831325,12,-17,0,-17,0.855421687,,,,0,,0, better than target,3,71,83,83,45024,Point,Point,Point,Point,Point,Point,Point,0,, worse than target,14.285714286,,0.592857143,8,8,100,Point,Point,Point,Point,83, worse than critical,40, worse than target,17,83,83,7100,14000,,,,7,7,7,,False,False,,,,11.857142857,0
?,False,4/15/2023,"April 15, 2023",2023 W15,4/15/2023,Material Shortage,Ivy Anderson,5,grey,color,,Line 4,Total,Total,,True,False,,Challenging,1,71%,63%,100%,12.5%,25%,88%,60%,53%,0%,-04%,96.0%,1,,,1,1, worse than target,( worse than target ),960,4760,4760, worse than critical,5.5,12,-4,0,-4,0.875,5,19.2,2,3400,3800,2, worse than critical,18,84,96,96,45024,Point,Point,Point,Point,Point,Point,Point,0,, worse than target,5,0,0.96,6,8,100,Point,Point,Point,Point,96, worse than critical,40, worse than target,4,96,96,8400,14000,3640,26%,2,5,7,7,,False,False,0,,,19.2,2
?,False,4/16/2023,"April 16, 2023",2023 W15,,Material Shortage,Eli Brown,6,grey,color,,Line 4,Total,Total,,True,False,,Normal,0,100%,88%,0%,15.6%,0%,84%,54%,48%,0%,-10%,90.0%,,,,1,1, worse than target,( worse than target ),1120,,, worse than critical,8.555555556,14,-10,0,-10,0.844444444,,,,0,,0, better than target,3,76,90,90,45024,Point,Point,Point,Point,Point,Point,Point,0,, worse than target,10.714285714,,0.642857143,8,8,100,Point,Point,Point,Point,90, worse than critical,40, worse than target,10,90,90,7600,14000,,,,7,7,7,,False,False,,,,12.857142857,0
?,False,4/17/2023,"April 17, 2023",2023 W16,,Other,Zoe Martinez,9,grey,color,,Line 4,Total,Total,,True,True,,Challenging,0,100%,88%,100%,10.1%,0%,90%,70%,61%,100%,+9.0%,109.0%,,,,1,1, better than target,( better than target ),880,,, worse than critical,3.091743119,11,9,0,9,0.899082569,,,,0,,0, better than target,3,98,109,109,45031,Point,Point,Point,Point,Point,Point,Point,0,, better than target,5,,0.778571429,8,8,100,Point,Point,Point,Point,109, better than target,40, better than target,9.000000000,109,109,9800,14000,,,,7,7,7,,True,True,,,,15.571428571,0
?,False,4/18/2023,"April 18, 2023",2023 W16,4/18/2023,Tech Issue,Leo Johnson,1,grey,color,,Line 4,Total,Total,,True,False,4/18/2023,Normal,1,86%,75%,0%,9.2%,13%,91%,64%,56%,0%,-02%,98.0%,1,,1,1,1, worse than target,( worse than target ),720,6920,6920, worse than critical,2.183673469,9,-2,0,-2,0.908163265,6,16.333333333,1,2200,6200,1, worse than critical,5.5,89,98,98,45031,Point,Point,Point,Point,Point,Point,Point,0,, worse than target,1.428571429,0,0.816666667,7,8,100,Point,Point,Point,Point,98, worse than critical,40, worse than target,2,98,98,8900,14000,1980,14%,0,6,7,7,,False,False,1,1,,16.333333333,1
?,False,4/19/2023,"April 19, 2023",2023 W16,4/19/2023,Tech Issue,Leo Johnson,7,grey,color,,Line 4,Total,Total,,True,False,4/19/2023,Normal,1,86%,75%,0%,13.1%,13%,87%,52%,46%,0%,-16%,84.0%,1,,1,1,1, worse than target,( worse than target ),880,7080,7080, worse than critical,6.095238095,11,-16,0,-16,0.869047619,6,14,1,2200,6200,1, worse than critical,5.5,73,84,84,45031,Point,Point,Point,Point,Point,Point,Point,0,, worse than target,12.857142857,0,0.7,7,8,100,Point,Point,Point,Point,84, worse than critical,40, worse than target,16,84,84,7300,14000,220,2%,0,6,7,7,,False,False,1,1,,14,1
?,False,4/20/2023,"April 20, 2023",2023 W16,,Maintenance,Leo Johnson,7,grey,color,,Line 4,Total,Total,,True,True,,Challenging,0,100%,88%,100%,5.0%,0%,95%,68%,59%,100%,+0.0%,100.0%,,,,1,1, better than target,( better than target ),400,,, worse than target,2,5,0,0,0,0.95,,,,0,,0, better than target,3,95,100,100,45031,Point,Point,Point,Point,Point,Point,Point,0,, better than target,2.857142857,,0.714285714,8,8,100,Point,Point,Point,Point,100, better than target,40, better than target,0,100,100,9500,14000,,,,7,7,7,,True,True,,,,14.285714286,0
?,False,4/21/2023,"April 21, 2023",2023 W16,,Material Shortage,Ava White,6,grey,color,,Line 4,Total,Total,,True,False,,Normal,0,100%,88%,0%,9.4%,0%,91%,55%,48%,0%,-15%,85.0%,,,,1,1, worse than target,( worse than target ),640,,, worse than critical,2.411764706,8,-15,0,-15,0.905882353,,,,0,,0, better than target,3,77,85,85,45031,Point,Point,Point,Point,Point,Point,Point,0,, worse than target,10,,0.607142857,8,8,100,Point,Point,Point,Point,85, worse than critical,40, worse than target,15,85,85,7700,14000,,,,7,7,7,,False,False,,,,12.142857143,0
?,False,4/22/2023,"April 22, 2023",2023 W16,,Other,Zoe Martinez,6,grey,color,,Line 4,Total,Total,,True,True,,Challenging,0,100%,88%,100%,10.4%,0%,90%,74%,64%,100%,+15.0%,115.0%,,,,1,1, better than target,( better than target ),960,,, worse than critical,3.434782609,12,15,0,15,0.895652174,,,,0,,0, better than target,3,103,115,115,45031,Point,Point,Point,Point,Point,Point,Point,0,, better than target,8.571428571,,0.821428571,8,8,100,Point,Point,Point,Point,115, better than target,40, better than target,15,115,115,10300,14000,,,,7,7,7,,True,True,,,,16.428571429,0
?,False,4/23/2023,"April 23, 2023",2023 W16,,Maintenance,Luna Garcia,2,grey,color,,Line 4,Total,Total,,True,True,,Challenging,0,100%,88%,100%,4.6%,0%,95%,74%,64%,100%,+8.0%,108.0%,,,,1,1, better than target,( better than target ),400,,, worse than target,1.629629630,5,8,0,8,0.953703704,,,,0,,0, better than target,3,103,108,108,45031,Point,Point,Point,Point,Point,Point,Point,0,, better than target,8.571428571,,0.771428571,8,8,100,Point,Point,Point,Point,108, better than target,40, better than target,8.000000000,108,108,10300,14000,,,,7,7,7,,True,True,,,,15.428571429,0
?,False,4/24/2023,"April 24, 2023",2023 W17,4/24/2023,Maintenance,Mia Smith,1,grey,color,4/24/2023,Line 4,Total,Total,,True,False,,Challenging,1,100%,63%,100%,8.8%,25%,91%,73%,46%,0%,-20%,80.0%,1,1,,1,1, worse than target,( worse than target ),560,7960,7960, worse than critical,1.75,7,-20,0,-20,0.9125,5,16,2,3400,7400,2, worse than critical,18,73,80,80,45038,Point,Point,Point,Point,Point,Point,Point,2,2, better than target,8,0,0.8,6,8,100,Point,Point,Point,Point,80, worse than critical,40, worse than target,20,80,80,7300,14000,-660,-5%,0,5,7,5,5,False,False,0,,20,16,0
?,False,4/25/2023,"April 25, 2023",2023 W17,,Tech Issue,Ava White,2,grey,color,,Line 4,Total,Total,,True,False,,Challenging,0,100%,88%,100%,11.1%,0%,89%,63%,55%,0%,-01%,99.0%,,,,1,1, worse than target,( worse than target ),880,,, worse than critical,4.111111111,11,-1,0,-1,0.888888889,,,,0,,0, better than target,3,88,99,99,45038,Point,Point,Point,Point,Point,Point,Point,0,, worse than target,2.142857143,,0.707142857,8,8,100,Point,Point,Point,Point,99, worse than critical,40, worse than target,1,99,99,8800,14000,,,,7,7,7,,False,False,,,,14.142857143,0
?,False,4/26/2023,"April 26, 2023",2023 W17,4/26/2023,Other,Luna Garcia,2,grey,color,,Line 4,Total,Total,,True,False,,Normal,1,86%,75%,0%,6.7%,13%,93%,60%,53%,0%,-10%,90.0%,1,,,1,1, worse than target,( worse than target ),480,2880,2880, worse than target,3.666666667,6,-10,0,-10,0.933333333,6,15,1,2200,2400,1, worse than critical,5.5,84,90,90,45038,Point,Point,Point,Point,Point,Point,Point,0,, worse than target,5,1,0.75,7,8,100,Point,Point,Point,Point,90, worse than critical,40, worse than target,10,90,90,8400,14000,5520,39%,0,6,7,7,,False,False,0,,,15,1
?,False,4/27/2023,"April 27, 2023",2023 W17,4/27/2023,Tech Issue,Leo Johnson,5,grey,color,,Line 4,Total,Total,,True,False,4/27/2023,Challenging,1,86%,75%,100%,6.4%,13%,94%,63%,55%,0%,-06%,94.0%,1,,1,1,1, worse than target,( worse than target ),480,6680,6680, worse than target,3.382978723,6,-6,0,-6,0.936170213,6,15.666666667,1,2200,6200,1, worse than critical,5.5,88,94,94,45038,Point,Point,Point,Point,Point,Point,Point,0,, worse than target,2.142857143,0,0.783333333,7,8,100,Point,Point,Point,Point,94, worse than critical,40, worse than target,6.000000000,94,94,8800,14000,2120,15%,0,6,7,7,,False,False,1,1,,15.666666667,1
?,False,4/28/2023,"April 28, 2023",2023 W17,,Material Shortage,Luna Garcia,6,grey,color,,Line 4,Total,Total,,True,False,,Normal,0,100%,88%,0%,10.8%,0%,89%,59%,52%,0%,-07%,93.0%,,,,1,1, worse than target,( worse than target ),800,,, worse than critical,3.752688172,10,-7,0,-7,0.892473118,,,,0,,0, better than target,3,83,93,93,45038,Point,Point,Point,Point,Point,Point,Point,0,, worse than target,5.714285714,,0.664285714,8,8,100,Point,Point,Point,Point,93, worse than critical,40, worse than target,7.000000000,93,93,8300,14000,,,,7,7,7,,False,False,,,,13.285714286,0
?,False,4/29/2023,"April 29, 2023",2023 W17,,Material Shortage,Ava White,7,grey,color,,Line 4,Total,Total,,True,True,,Challenging,0,100%,88%,100%,7.4%,0%,93%,71%,63%,100%,+8.0%,108.0%,,,,1,1, better than target,( better than target ),640,,, worse than critical,0.407407407,8,8,0,8,0.925925926,,,,0,,0, better than target,3,100,108,108,45038,Point,Point,Point,Point,Point,Point,Point,0,, better than target,6.428571429,,0.771428571,8,8,100,Point,Point,Point,Point,108, better than target,40, better than target,8.000000000,108,108,10000,14000,,,,7,7,7,,True,True,,,,15.428571429,0
?,False,4/30/2023,"April 30, 2023",2023 W17,,Tech Issue,Max Parker,2,grey,color,,Line 4,Total,Total,,True,True,,Normal,0,100%,88%,0%,9.8%,0%,90%,66%,58%,100%,+2.0%,102.0%,,,,1,1, better than target,( better than target ),800,,, worse than critical,2.803921569,10,2,0,2,0.901960784,,,,0,,0, better than target,3,92,102,102,45038,Point,Point,Point,Point,Point,Point,Point,0,, better than target,0.714285714,,0.728571429,8,8,100,Point,Point,Point,Point,102, better than target,40, better than target,2,102,102,9200,14000,,,,7,7,7,,True,True,,,,14.571428571,0
?,False,5/1/2023,"May 1, 2023",2023 W18,,Other,Finn Sullivan,4,grey,color,,Line 4,Total,Total,,True,False,,Normal,0,100%,88%,0%,11.2%,0%,89%,56%,49%,0%,-11%,89.0%,,,,1,1, worse than target,( worse than target ),800,,, worse than critical,4.235955056,10,-11,0,-11,0.887640449,,,,0,,0, better than target,3,79,89,89,45045,Point,Point,Point,Point,Point,Point,Point,0,, worse than target,8.571428571,,0.635714286,8,8,100,Point,Point,Point,Point,89, worse than critical,40, worse than target,11,89,89,7900,14000,,,,7,7,7,,False,False,,,,12.714285714,0
?,False,5/2/2023,"May 2, 2023",2023 W18,5/2/2023,Other,Luna Garcia,7,grey,color,,Line 4,Total,Total,,True,True,,Challenging,1,86%,75%,100%,12.0%,13%,88%,74%,64%,100%,+17.0%,117.0%,1,,,1,1, better than target,( better than target ),1120,3520,3520, worse than critical,4.965811966,14,17,0,17,0.880341880,6,19.5,1,2200,2400,1, worse than critical,5.5,103,117,117,45045,Point,Point,Point,Point,Point,Point,Point,0,, better than target,8.571428571,1,0.975,7,8,100,Point,Point,Point,Point,117, better than target,40, better than target,17,117,117,10300,14000,6780,48%,0,6,7,7,,True,True,0,,,19.5,1
?,False,5/3/2023,"May 3, 2023",2023 W18,,Tech Issue,Finn Sullivan,5,grey,color,,Line 4,Total,Total,,True,False,,Normal,0,100%,88%,0%,12.6%,0%,87%,54%,48%,0%,-13%,87.0%,,,,1,1, worse than target,( worse than target ),880,,, worse than critical,5.643678161,11,-13,0,-13,0.873563218,,,,0,,0, better than target,3,76,87,87,45045,Point,Point,Point,Point,Point,Point,Point,0,, worse than target,10.714285714,,0.621428571,8,8,100,Point,Point,Point,Point,87, worse than critical,40, worse than target,13,87,87,7600,14000,,,,7,7,7,,False,False,,,,12.428571429,0
?,False,5/4/2023,"May 4, 2023",2023 W18,,Maintenance,Mia Smith,4,grey,color,,Line 4,Total,Total,,True,True,,Normal,0,100%,88%,0%,5.3%,0%,95%,76%,67%,100%,+13.0%,113.0%,,,,1,1, better than target,( better than target ),480,,, worse than target,2.309734513,6,13,0,13,0.946902655,,,,0,,0, better than target,3,107,113,113,45045,Point,Point,Point,Point,Point,Point,Point,0,, better than target,11.428571429,,0.807142857,8,8,100,Point,Point,Point,Point,113, better than target,40, better than target,13,113,113,10700,14000,,,,7,7,7,,True,True,,,,16.142857143,0
?,False,5/5/2023,"May 5, 2023",2023 W18,,Material Shortage,Mia Smith,6,grey,color,,Line 4,Total,Total,,True,False,,Normal,0,100%,88%,0%,16.5%,0%,84%,51%,44%,0%,-15%,85.0%,,,,1,1, worse than target,( worse than target ),1120,,, worse than critical,9.470588235,14,-15,0,-15,0.835294118,,,,0,,0, better than target,3,71,85,85,45045,Point,Point,Point,Point,Point,Point,Point,0,, worse than target,14.285714286,,0.607142857,8,8,100,Point,Point,Point,Point,85, worse than critical,40, worse than target,15,85,85,7100,14000,,,,7,7,7,,False,False,,,,12.142857143,0
?,False,5/6/2023,"May 6, 2023",2023 W18,,Tech Issue,Luna Garcia,3,grey,color,,Line 4,Total,Total,,True,True,,Challenging,0,100%,88%,100%,7.8%,0%,92%,68%,59%,100%,+3.0%,103.0%,,,,1,1, better than target,( better than target ),640,,, worse than critical,0.766990291,8,3,0,3,0.922330097,,,,0,,0, better than target,3,95,103,103,45045,Point,Point,Point,Point,Point,Point,Point,0,, better than target,2.857142857,,0.735714286,8,8,100,Point,Point,Point,Point,103, better than target,40, better than target,3,103,103,9500,14000,,,,7,7,7,,True,True,,,,14.714285714,0
?,False,5/7/2023,"May 7, 2023",2023 W18,,Tech Issue,Finn Sullivan,1,grey,color,,Line 4,Total,Total,,True,False,,Challenging,0,100%,88%,100%,13.1%,0%,87%,61%,54%,0%,-01%,99.0%,,,,1,1, worse than target,( worse than target ),1040,,, worse than critical,6.131313131,13,-1,0,-1,0.868686869,,,,0,,0, better than target,3,86,99,99,45045,Point,Point,Point,Point,Point,Point,Point,0,, worse than target,3.571428571,,0.707142857,8,8,100,Point,Point,Point,Point,99, worse than critical,40, worse than target,1,99,99,8600,14000,,,,7,7,7,,False,False,,,,14.142857143,0
?,False,5/8/2023,"May 8, 2023",2023 W19,,Tech Issue,Owen Taylor,2,grey,color,,Line 4,Total,Total,,True,True,,Challenging,0,100%,88%,100%,6.9%,0%,93%,68%,59%,100%,+2.0%,102.0%,,,,1,1, better than target,( better than target ),560,,, worse than target,3.862745098,7,2,0,2,0.931372549,,,,0,,0, better than target,3,95,102,102,45052,Point,Point,Point,Point,Point,Point,Point,0,, better than target,2.857142857,,0.728571429,8,8,100,Point,Point,Point,Point,102, better than target,40, better than target,2,102,102,9500,14000,,,,7,7,7,,True,True,,,,14.571428571,0
?,False,5/9/2023,"May 9, 2023",2023 W19,,Other,Luna Garcia,5,grey,color,,Line 4,Total,Total,,True,True,,Normal,0,100%,88%,0%,7.9%,0%,92%,75%,66%,100%,+14.0%,114.0%,,,,1,1, better than target,( better than target ),720,,, worse than critical,0.894736842,9,14,0,14,0.921052632,,,,0,,0, better than target,3,105,114,114,45052,Point,Point,Point,Point,Point,Point,Point,0,, better than target,10,,0.814285714,8,8,100,Point,Point,Point,Point,114, better than target,40, better than target,14,114,114,10500,14000,,,,7,7,7,,True,True,,,,16.285714286,0
?,False,5/10/2023,"May 10, 2023",2023 W19,,Tech Issue,Owen Taylor,7,grey,color,,Line 4,Total,Total,,True,False,,Challenging,0,100%,88%,100%,6.2%,0%,94%,65%,57%,0%,-03%,97.0%,,,,1,1, worse than target,( worse than target ),480,,, worse than target,3.185567010,6,-3,0,-3,0.938144330,,,,0,,0, better than target,3,91,97,97,45052,Point,Point,Point,Point,Point,Point,Point,0,, better than target,0,,0.692857143,8,8,100,Point,Point,Point,Point,97, worse than critical,40, worse than target,3,97,97,9100,14000,,,,7,7,7,,False,False,,,,13.857142857,0
?,False,5/11/2023,"May 11, 2023",2023 W19,,Other,Leo Johnson,4,grey,color,,Line 4,Total,Total,,True,False,,Challenging,0,100%,88%,100%,11.8%,0%,88%,54%,47%,0%,-15%,85.0%,,,,1,1, worse than target,( worse than target ),800,,, worse than critical,4.764705882,10,-15,0,-15,0.882352941,,,,0,,0, better than target,3,75,85,85,45052,Point,Point,Point,Point,Point,Point,Point,0,, worse than target,11.428571429,,0.607142857,8,8,100,Point,Point,Point,Point,85, worse than critical,40, worse than target,15,85,85,7500,14000,,,,7,7,7,,False,False,,,,12.142857143,0
?,False,5/12/2023,"May 12, 2023",2023 W19,5/12/2023,Maintenance,Ava White,6,grey,color,5/12/2023,Line 4,Total,Total,,True,True,,Challenging,1,100%,63%,100%,12.6%,25%,87%,97%,61%,100%,+11.0%,111.0%,1,1,,1,1, better than target,( better than target ),1120,8520,8520, worse than critical,5.612612613,14,11,0,11,0.873873874,5,22.2,2,3400,7400,2, worse than critical,18,97,111,111,45052,Point,Point,Point,Point,Point,Point,Point,2,2, better than target,32,0,1.11,6,8,100,Point,Point,Point,Point,111, better than target,40, better than target,11,111,111,9700,14000,1180,8%,0,5,7,5,5,True,True,0,,20,22.2,0
?,False,5/13/2023,"May 13, 2023",2023 W19,,Other,Max Parker,5,grey,color,,Line 4,Total,Total,,True,True,,Challenging,0,100%,88%,100%,5.5%,0%,95%,74%,65%,100%,+10.0%,110.0%,,,,1,1, better than target,( better than target ),480,,, worse than target,2.454545455,6,10,0,10,0.945454545,,,,0,,0, better than target,3,104,110,110,45052,Point,Point,Point,Point,Point,Point,Point,0,, better than target,9.285714286,,0.785714286,8,8,100,Point,Point,Point,Point,110, better than target,40, better than target,10,110,110,10400,14000,,,,7,7,7,,True,True,,,,15.714285714,0
?,False,5/14/2023,"May 14, 2023",2023 W19,,Tech Issue,Luna Garcia,4,grey,color,,Line 4,Total,Total,,True,False,,Challenging,0,100%,88%,100%,11.8%,0%,88%,54%,47%,0%,-15%,85.0%,,,,1,1, worse than target,( worse than target ),800,,, worse than critical,4.764705882,10,-15,0,-15,0.882352941,,,,0,,0, better than target,3,75,85,85,45052,Point,Point,Point,Point,Point,Point,Point,0,, worse than target,11.428571429,,0.607142857,8,8,100,Point,Point,Point,Point,85, worse than critical,40, worse than target,15,85,85,7500,14000,,,,7,7,7,,False,False,,,,12.142857143,0
?,False,5/15/2023,"May 15, 2023",2023 W20,,Other,Zoe Martinez,7,grey,color,,Line 4,Total,Total,,True,True,,Normal,0,100%,88%,0%,11.5%,0%,88%,66%,58%,100%,+4.0%,104.0%,,,,1,1, better than target,( better than target ),960,,, worse than critical,4.538461538,12,4,0,4,0.884615385,,,,0,,0, better than target,3,92,104,104,45059,Point,Point,Point,Point,Point,Point,Point,0,, better than target,0.714285714,,0.742857143,8,8,100,Point,Point,Point,Point,104, better than target,40, better than target,4,104,104,9200,14000,,,,7,7,7,,True,True,,,,14.857142857,0
?,False,5/16/2023,"May 16, 2023",2023 W20,5/16/2023,Maintenance,Max Parker,3,grey,color,5/16/2023,Line 4,Total,Total,,True,False,,Challenging,1,100%,75%,100%,8.2%,13%,92%,75%,56%,0%,-02%,98.0%,1,1,,1,1, worse than target,( worse than target ),640,4840,4840, worse than critical,1.163265306,8,-2,0,-2,0.918367347,6,16.333333333,1,2200,4200,1, worse than critical,5.5,90,98,98,45059,Point,Point,Point,Point,Point,Point,Point,1,1, better than target,10,0,0.816666667,7,8,100,Point,Point,Point,Point,98, worse than critical,40, worse than target,2,98,98,9000,14000,4160,30%,0,6,7,6,6,False,False,0,,16.666666667,16.333333333,0
?,False,5/17/2023,"May 17, 2023",2023 W20,,Other,Finn Sullivan,6,grey,color,,Line 4,Total,Total,,True,False,,Challenging,0,100%,88%,100%,11.1%,0%,89%,57%,50%,0%,-10%,90.0%,,,,1,1, worse than target,( worse than target ),800,,, worse than critical,4.111111111,10,-10,0,-10,0.888888889,,,,0,,0, better than target,3,80,90,90,45059,Point,Point,Point,Point,Point,Point,Point,0,, worse than target,7.857142857,,0.642857143,8,8,100,Point,Point,Point,Point,90, worse than critical,40, worse than target,10,90,90,8000,14000,,,,7,7,7,,False,False,,,,12.857142857,0
?,False,5/18/2023,"May 18, 2023",2023 W20,5/18/2023,Maintenance,Finn Sullivan,6,grey,color,5/18/2023,Line 4,Total,Total,,True,True,,Normal,1,100%,75%,0%,13.6%,13%,86%,74%,56%,100%,+3.0%,103.0%,1,1,,1,1, better than target,( better than target ),1120,5320,5320, worse than critical,6.592233010,14,3,0,3,0.864077670,6,17.166666667,1,2200,4200,1, worse than critical,5.5,89,103,103,45059,Point,Point,Point,Point,Point,Point,Point,1,1, better than target,9.166666667,0,0.858333333,7,8,100,Point,Point,Point,Point,103, better than target,40, better than target,3,103,103,8900,14000,3580,26%,0,6,7,6,6,True,True,0,,16.666666667,17.166666667,0
?,False,5/19/2023,"May 19, 2023",2023 W20,5/19/2023,Other,Mia Smith,1,grey,color,,Line 4,Total,Total,,True,True,,Challenging,1,86%,75%,100%,9.7%,13%,90%,73%,64%,100%,+13.0%,113.0%,1,,,1,1, better than target,( better than target ),880,3280,3280, worse than critical,2.734513274,11,13,0,13,0.902654867,6,18.833333333,1,2200,2400,1, worse than critical,5.5,102,113,113,45059,Point,Point,Point,Point,Point,Point,Point,0,, better than target,7.857142857,1,0.941666667,7,8,100,Point,Point,Point,Point,113, better than target,40, better than target,13,113,113,10200,14000,6920,49%,0,6,7,7,,True,True,0,,,18.833333333,1
?,False,5/20/2023,"May 20, 2023",2023 W20,,Material Shortage,Max Parker,3,grey,color,,Line 4,Total,Total,,True,True,,Normal,0,100%,88%,0%,8.4%,0%,92%,70%,61%,100%,+7.0%,107.0%,,,,1,1, better than target,( better than target ),720,,, worse than critical,1.411214953,9,7,0,7,0.915887850,,,,0,,0, better than target,3,98,107,107,45059,Point,Point,Point,Point,Point,Point,Point,0,, better than target,5,,0.764285714,8,8,100,Point,Point,Point,Point,107, better than target,40, better than target,7.000000000,107,107,9800,14000,,,,7,7,7,,True,True,,,,15.285714286,0
?,False,5/21/2023,"May 21, 2023",2023 W20,,Other,Ava White,8,grey,color,,Line 4,Total,Total,,True,True,,Normal,0,100%,88%,0%,10.8%,0%,89%,71%,62%,100%,+11.0%,111.0%,,,,1,1, better than target,( better than target ),960,,, worse than critical,3.810810811,12,11,0,11,0.891891892,,,,0,,0, better than target,3,99,111,111,45059,Point,Point,Point,Point,Point,Point,Point,0,, better than target,5.714285714,,0.792857143,8,8,100,Point,Point,Point,Point,111, better than target,40, better than target,11,111,111,9900,14000,,,,7,7,7,,True,True,,,,15.857142857,0
?,False,5/22/2023,"May 22, 2023",2023 W21,,Maintenance,Eli Brown,3,grey,color,,Line 4,Total,Total,,True,False,,Challenging,0,100%,88%,100%,8.8%,0%,91%,52%,46%,0%,-20%,80.0%,,,,1,1, worse than target,( worse than target ),560,,, worse than critical,1.75,7,-20,0,-20,0.9125,,,,0,,0, better than target,3,73,80,80,45066,Point,Point,Point,Point,Point,Point,Point,0,, worse than target,12.857142857,,0.571428571,8,8,100,Point,Point,Point,Point,80, worse than critical,40, worse than target,20,80,80,7300,14000,,,,7,7,7,,False,False,,,,11.428571429,0
?,False,5/23/2023,"May 23, 2023",2023 W21,,Other,Leo Johnson,5,grey,color,,Line 4,Total,Total,,True,False,,Normal,0,100%,88%,0%,8.0%,0%,92%,58%,51%,0%,-12%,88.0%,,,,1,1, worse than target,( worse than target ),560,,, worse than critical,0.954545455,7,-12,0,-12,0.920454545,,,,0,,0, better than target,3,81,88,88,45066,Point,Point,Point,Point,Point,Point,Point,0,, worse than target,7.142857143,,0.628571429,8,8,100,Point,Point,Point,Point,88, worse than critical,40, worse than target,12,88,88,8100,14000,,,,7,7,7,,False,False,,,,12.571428571,0
?,False,5/24/2023,"May 24, 2023",2023 W21,,Material Shortage,Owen Taylor,8,grey,color,,Line 4,Total,Total,,True,False,,Normal,0,100%,88%,0%,12.0%,0%,88%,58%,51%,0%,-08%,92.0%,,,,1,1, worse than target,( worse than target ),880,,, worse than critical,4.956521739,11,-8,0,-8,0.880434783,,,,0,,0, better than target,3,81,92,92,45066,Point,Point,Point,Point,Point,Point,Point,0,, worse than target,7.142857143,,0.657142857,8,8,100,Point,Point,Point,Point,92, worse than critical,40, worse than target,8,92,92,8100,14000,,,,7,7,7,,False,False,,,,13.142857143,0
?,False,5/25/2023,"May 25, 2023",2023 W21,,Other,Leo Johnson,3,grey,color,,Line 4,Total,Total,,True,True,,Challenging,0,100%,88%,100%,5.9%,0%,94%,68%,59%,100%,+1.0%,101.0%,,,,1,1, better than target,( better than target ),480,,, worse than target,2.940594059,6,1,0,1,0.940594059,,,,0,,0, better than target,3,95,101,101,45066,Point,Point,Point,Point,Point,Point,Point,0,, better than target,2.857142857,,0.721428571,8,8,100,Point,Point,Point,Point,101, better than target,40, better than target,1,101,101,9500,14000,,,,7,7,7,,True,True,,,,14.428571429,0
?,False,5/26/2023,"May 26, 2023",2023 W21,,Other,Zoe Martinez,6,grey,color,,Line 4,Total,Total,,True,False,,Challenging,0,100%,88%,100%,13.4%,0%,87%,51%,44%,0%,-18%,82.0%,,,,1,1, worse than target,( worse than target ),880,,, worse than critical,6.414634146,11,-18,0,-18,0.865853659,,,,0,,0, better than target,3,71,82,82,45066,Point,Point,Point,Point,Point,Point,Point,0,, worse than target,14.285714286,,0.585714286,8,8,100,Point,Point,Point,Point,82, worse than critical,40, worse than target,18,82,82,7100,14000,,,,7,7,7,,False,False,,,,11.714285714,0
?,False,5/27/2023,"May 27, 2023",2023 W21,,Other,Eli Brown,8,grey,color,,Line 4,Total,Total,,True,False,,Normal,0,100%,88%,0%,12.9%,0%,87%,58%,51%,0%,-07%,93.0%,,,,1,1, worse than target,( worse than target ),960,,, worse than critical,5.903225806,12,-7,0,-7,0.870967742,,,,0,,0, better than target,3,81,93,93,45066,Point,Point,Point,Point,Point,Point,Point,0,, worse than target,7.142857143,,0.664285714,8,8,100,Point,Point,Point,Point,93, worse than critical,40, worse than target,7.000000000,93,93,8100,14000,,,,7,7,7,,False,False,,,,13.285714286,0
?,False,5/28/2023,"May 28, 2023",2023 W21,,Other,Max Parker,5,grey,color,,Line 4,Total,Total,,True,False,,Challenging,0,100%,88%,100%,12.1%,0%,88%,62%,54%,0%,-01%,99.0%,,,,1,1, worse than target,( worse than target ),960,,, worse than critical,5.121212121,12,-1,0,-1,0.878787879,,,,0,,0, better than target,3,87,99,99,45066,Point,Point,Point,Point,Point,Point,Point,0,, worse than target,2.857142857,,0.707142857,8,8,100,Point,Point,Point,Point,99, worse than critical,40, worse than target,1,99,99,8700,14000,,,,7,7,7,,False,False,,,,14.142857143,0
?,False,5/29/2023,"May 29, 2023",2023 W22,,Other,Owen Taylor,5,grey,color,,Line 4,Total,Total,,True,False,,Normal,0,100%,88%,0%,12.3%,0%,88%,51%,44%,0%,-19%,81.0%,,,,1,1, worse than target,( worse than target ),800,,, worse than critical,5.345679012,10,-19,0,-19,0.876543210,,,,0,,0, better than target,3,71,81,81,45073,Point,Point,Point,Point,Point,Point,Point,0,, worse than target,14.285714286,,0.578571429,8,8,100,Point,Point,Point,Point,81, worse than critical,40, worse than target,19,81,81,7100,14000,,,,7,7,7,,False,False,,,,11.571428571,0
?,False,5/30/2023,"May 30, 2023",2023 W22,,Maintenance,Mia Smith,1,grey,color,,Line 4,Total,Total,,True,True,,Challenging,0,100%,88%,100%,11.9%,0%,88%,69%,60%,100%,+9.0%,109.0%,,,,1,1, better than target,( better than target ),1040,,, worse than critical,4.926605505,13,9,0,9,0.880733945,,,,0,,0, better than target,3,96,109,109,45073,Point,Point,Point,Point,Point,Point,Point,0,, better than target,3.571428571,,0.778571429,8,8,100,Point,Point,Point,Point,109, better than target,40, better than target,9.000000000,109,109,9600,14000,,,,7,7,7,,True,True,,,,15.571428571,0
?,False,5/31/2023,"May 31, 2023",2023 W22,,Maintenance,Mia Smith,7,grey,color,,Line 4,Total,Total,,True,True,,Normal,0,100%,88%,0%,11.5%,0%,88%,71%,63%,100%,+13.0%,113.0%,,,,1,1, better than target,( better than target ),1040,,, worse than critical,4.504424779,13,13,0,13,0.884955752,,,,0,,0, better than target,3,100,113,113,45073,Point,Point,Point,Point,Point,Point,Point,0,, better than target,6.428571429,,0.807142857,8,8,100,Point,Point,Point,Point,113, better than target,40, better than target,13,113,113,10000,14000,,,,7,7,7,,True,True,,,,16.142857143,0
?,False,6/1/2023,"June 1, 2023",2023 W22,,Maintenance,Finn Sullivan,6,grey,color,,Line 4,Total,Total,,True,False,,Normal,0,100%,88%,0%,8.4%,0%,92%,62%,54%,0%,-05%,95.0%,,,,1,1, worse than target,( worse than target ),640,,, worse than critical,1.421052632,8,-5,0,-5,0.915789474,,,,0,,0, better than target,3,87,95,95,45073,Point,Point,Point,Point,Point,Point,Point,0,, worse than target,2.857142857,,0.678571429,8,8,100,Point,Point,Point,Point,95, worse than critical,40, worse than target,5,95,95,8700,14000,,,,7,7,7,,False,False,,,,13.571428571,0
?,False,6/2/2023,"June 2, 2023",2023 W22,,Tech Issue,Mia Smith,6,grey,color,,Line 4,Total,Total,,True,True,,Normal,0,100%,88%,0%,6.9%,0%,93%,77%,68%,100%,+16.0%,116.0%,,,,1,1, better than target,( better than target ),640,,, worse than target,3.896551724,8,16,0,16,0.931034483,,,,0,,0, better than target,3,108,116,116,45073,Point,Point,Point,Point,Point,Point,Point,0,, better than target,12.142857143,,0.828571429,8,8,100,Point,Point,Point,Point,116, better than target,40, better than target,16,116,116,10800,14000,,,,7,7,7,,True,True,,,,16.571428571,0
?,False,6/3/2023,"June 3, 2023",2023 W22,,Maintenance,Ivy Anderson,4,grey,color,,Line 4,Total,Total,,True,True,,Normal,0,100%,88%,0%,12.2%,0%,88%,72%,63%,100%,+15.0%,115.0%,,,,1,1, better than target,( better than target ),1120,,, worse than critical,5.173913043,14,15,0,15,0.878260870,,,,0,,0, better than target,3,101,115,115,45073,Point,Point,Point,Point,Point,Point,Point,0,, better than target,7.142857143,,0.821428571,8,8,100,Point,Point,Point,Point,115, better than target,40, better than target,15,115,115,10100,14000,,,,7,7,7,,True,True,,,,16.428571429,0
?,False,6/4/2023,"June 4, 2023",2023 W22,,Maintenance,Max Parker,5,grey,color,,Line 4,Total,Total,,True,True,,Challenging,0,100%,88%,100%,8.4%,0%,92%,78%,68%,100%,+19.0%,119.0%,,,,1,1, better than target,( better than target ),800,,, worse than critical,1.403361345,10,19,0,19,0.915966387,,,,0,,0, better than target,3,109,119,119,45073,Point,Point,Point,Point,Point,Point,Point,0,, better than target,12.857142857,,0.85,8,8,100,Point,Point,Point,Point,119, better than target,40, better than target,19,119,119,10900,14000,,,,7,7,7,,True,True,,,,17,0
?,False,6/5/2023,"June 5, 2023",2023 W23,,Other,Owen Taylor,4,grey,color,,Line 4,Total,Total,,True,True,,Normal,0,100%,88%,0%,6.5%,0%,94%,72%,63%,100%,+8.0%,108.0%,,,,1,1, better than target,( better than target ),560,,, worse than target,3.481481481,7,8,0,8,0.935185185,,,,0,,0, better than target,3,101,108,108,45080,Point,Point,Point,Point,Point,Point,Point,0,, better than target,7.142857143,,0.771428571,8,8,100,Point,Point,Point,Point,108, better than target,40, better than target,8.000000000,108,108,10100,14000,,,,7,7,7,,True,True,,,,15.428571429,0
?,False,6/6/2023,"June 6, 2023",2023 W23,,Material Shortage,Max Parker,8,grey,color,,Line 4,Total,Total,,True,False,,Challenging,0,100%,88%,100%,14.4%,0%,86%,59%,52%,0%,-03%,97.0%,,,,1,1, worse than target,( worse than target ),1120,,, worse than critical,7.432989691,14,-3,0,-3,0.855670103,,,,0,,0, better than target,3,83,97,97,45080,Point,Point,Point,Point,Point,Point,Point,0,, worse than target,5.714285714,,0.692857143,8,8,100,Point,Point,Point,Point,97, worse than critical,40, worse than target,3,97,97,8300,14000,,,,7,7,7,,False,False,,,,13.857142857,0
?,False,6/7/2023,"June 7, 2023",2023 W23,6/7/2023,Other,Zoe Martinez,9,grey,color,,Line 4,Total,Total,,True,False,,Challenging,1,71%,63%,100%,7.4%,25%,93%,62%,54%,0%,-06%,94.0%,1,,,1,1, worse than target,( worse than target ),560,4360,4360, worse than critical,0.446808511,7,-6,0,-6,0.925531915,5,18.8,2,3400,3800,2, worse than critical,18,87,94,94,45080,Point,Point,Point,Point,Point,Point,Point,0,, worse than target,2.857142857,2,0.94,6,8,100,Point,Point,Point,Point,94, worse than critical,40, worse than target,6.000000000,94,94,8700,14000,4340,31%,0,5,7,7,,False,False,0,,,18.8,2
?,False,6/8/2023,"June 8, 2023",2023 W23,,Material Shortage,Zoe Martinez,5,grey,color,,Line 4,Total,Total,,True,True,,Challenging,0,100%,88%,100%,11.8%,0%,88%,69%,61%,100%,+10.0%,110.0%,,,,1,1, better than target,( better than target ),1040,,, worse than critical,4.818181818,13,10,0,10,0.881818182,,,,0,,0, better than target,3,97,110,110,45080,Point,Point,Point,Point,Point,Point,Point,0,, better than target,4.285714286,,0.785714286,8,8,100,Point,Point,Point,Point,110, better than target,40, better than target,10,110,110,9700,14000,,,,7,7,7,,True,True,,,,15.714285714,0
?,False,6/9/2023,"June 9, 2023",2023 W23,,Material Shortage,Mia Smith,4,grey,color,,Line 4,Total,Total,,True,False,,Normal,0,100%,88%,0%,10.1%,0%,90%,64%,56%,0%,-01%,99.0%,,,,1,1, worse than target,( worse than target ),800,,, worse than critical,3.101010101,10,-1,0,-1,0.898989899,,,,0,,0, better than target,3,89,99,99,45080,Point,Point,Point,Point,Point,Point,Point,0,, worse than target,1.428571429,,0.707142857,8,8,100,Point,Point,Point,Point,99, worse than critical,40, worse than target,1,99,99,8900,14000,,,,7,7,7,,False,False,,,,14.142857143,0
?,False,6/10/2023,"June 10, 2023",2023 W23,,Maintenance,Zoe Martinez,5,grey,color,,Line 4,Total,Total,,True,False,,Challenging,0,100%,88%,100%,12.2%,0%,88%,51%,45%,0%,-18%,82.0%,,,,1,1, worse than target,( worse than target ),800,,, worse than critical,5.195121951,10,-18,0,-18,0.878048780,,,,0,,0, better than target,3,72,82,82,45080,Point,Point,Point,Point,Point,Point,Point,0,, worse than target,13.571428571,,0.585714286,8,8,100,Point,Point,Point,Point,82, worse than critical,40, worse than target,18,82,82,7200,14000,,,,7,7,7,,False,False,,,,11.714285714,0
?,False,6/11/2023,"June 11, 2023",2023 W23,6/11/2023,Maintenance,Max Parker,4,grey,color,6/11/2023,Line 4,Total,Total,,True,True,,Normal,1,100%,63%,0%,8.6%,25%,91%,96%,60%,100%,+5.0%,105.0%,1,1,,1,1, better than target,( better than target ),720,8120,8120, worse than critical,1.571428571,9,5,0,5,0.914285714,5,21,2,3400,7400,2, worse than critical,18,96,105,105,45080,Point,Point,Point,Point,Point,Point,Point,2,2, better than target,31,0,1.05,6,8,100,Point,Point,Point,Point,105, better than target,40, better than target,5,105,105,9600,14000,1480,11%,0,5,7,5,5,True,True,0,,20,21,0
?,False,6/12/2023,"June 12, 2023",2023 W24,6/12/2023,Tech Issue,Ivy Anderson,1,grey,color,,Line 4,Total,Total,,True,True,6/12/2023,Challenging,1,71%,63%,100%,8.9%,25%,91%,73%,64%,100%,+12.0%,112.0%,1,,1,1,1, better than target,( better than target ),800,12200,12200, worse than critical,1.928571429,10,12,0,12,0.910714286,5,22.4,2,3400,11400,2, worse than critical,18,102,112,112,45087,Point,Point,Point,Point,Point,Point,Point,0,, better than target,7.857142857,0,1.12,6,8,100,Point,Point,Point,Point,112, better than target,40, better than target,12,112,112,10200,14000,-2000,-14%,0,5,7,7,,True,True,2,2,,22.4,2
?,False,6/13/2023,"June 13, 2023",2023 W24,,Material Shortage,Ivy Anderson,8,grey,color,,Line 4,Total,Total,,True,True,,Challenging,0,100%,88%,100%,7.7%,0%,92%,77%,68%,100%,+17.0%,117.0%,,,,1,1, better than target,( better than target ),720,,, worse than critical,0.692307692,9,17,0,17,0.923076923,,,,0,,0, better than target,3,108,117,117,45087,Point,Point,Point,Point,Point,Point,Point,0,, better than target,12.142857143,,0.835714286,8,8,100,Point,Point,Point,Point,117, better than target,40, better than target,17,117,117,10800,14000,,,,7,7,7,,True,True,,,,16.714285714,0
?,False,6/14/2023,"June 14, 2023",2023 W24,,Other,Owen Taylor,1,grey,color,,Line 4,Total,Total,,True,True,,Normal,0,100%,88%,0%,4.6%,0%,95%,74%,64%,100%,+8.0%,108.0%,,,,1,1, better than target,( better than target ),400,,, worse than target,1.629629630,5,8,0,8,0.953703704,,,,0,,0, better than target,3,103,108,108,45087,Point,Point,Point,Point,Point,Point,Point,0,, better than target,8.571428571,,0.771428571,8,8,100,Point,Point,Point,Point,108, better than target,40, better than target,8.000000000,108,108,10300,14000,,,,7,7,7,,True,True,,,,15.428571429,0
?,False,6/15/2023,"June 15, 2023",2023 W24,6/15/2023,Maintenance,Zoe Martinez,7,grey,color,6/15/2023,Line 4,Total,Total,,True,False,,Challenging,1,100%,75%,100%,15.7%,13%,84%,58%,44%,0%,-17%,83.0%,1,1,,1,1, worse than target,( worse than target ),1040,5240,5240, worse than critical,8.662650602,13,-17,0,-17,0.843373494,6,13.833333333,1,2200,4200,1, worse than critical,5.5,70,83,83,45087,Point,Point,Point,Point,Point,Point,Point,1,1, worse than target,6.666666667,0,0.691666667,7,8,100,Point,Point,Point,Point,83, worse than critical,40, worse than target,17,83,83,7000,14000,1760,13%,0,6,7,6,6,False,False,0,,16.666666667,13.833333333,0
?,False,6/16/2023,"June 16, 2023",2023 W24,,Other,Ivy Anderson,9,grey,color,,Line 4,Total,Total,,True,True,,Challenging,0,100%,88%,100%,7.3%,0%,93%,72%,63%,100%,+9.0%,109.0%,,,,1,1, better than target,( better than target ),640,,, worse than critical,0.339449541,8,9,0,9,0.926605505,,,,0,,0, better than target,3,101,109,109,45087,Point,Point,Point,Point,Point,Point,Point,0,, better than target,7.142857143,,0.778571429,8,8,100,Point,Point,Point,Point,109, better than target,40, better than target,9.000000000,109,109,10100,14000,,,,7,7,7,,True,True,,,,15.571428571,0
?,False,6/17/2023,"June 17, 2023",2023 W24,,Maintenance,Luna Garcia,5,grey,color,,Line 4,Total,Total,,True,False,,Challenging,0,100%,88%,100%,14.1%,0%,86%,61%,53%,0%,-01%,99.0%,,,,1,1, worse than target,( worse than target ),1120,,, worse than critical,7.141414141,14,-1,0,-1,0.858585859,,,,0,,0, better than target,3,85,99,99,45087,Point,Point,Point,Point,Point,Point,Point,0,, worse than target,4.285714286,,0.707142857,8,8,100,Point,Point,Point,Point,99, worse than critical,40, worse than target,1,99,99,8500,14000,,,,7,7,7,,False,False,,,,14.142857143,0
?,False,6/18/2023,"June 18, 2023",2023 W24,,Other,Owen Taylor,4,grey,color,,Line 4,Total,Total,,True,True,,Normal,0,100%,88%,0%,12.4%,0%,88%,66%,58%,100%,+5.0%,105.0%,,,,1,1, better than target,( better than target ),1040,,, worse than critical,5.380952381,13,5,0,5,0.876190476,,,,0,,0, better than target,3,92,105,105,45087,Point,Point,Point,Point,Point,Point,Point,0,, better than target,0.714285714,,0.75,8,8,100,Point,Point,Point,Point,105, better than target,40, better than target,5,105,105,9200,14000,,,,7,7,7,,True,True,,,,15,0
?,False,6/19/2023,"June 19, 2023",2023 W25,,Other,Mia Smith,6,grey,color,,Line 4,Total,Total,,True,True,,Challenging,0,100%,88%,100%,7.2%,0%,93%,74%,64%,100%,+11.0%,111.0%,,,,1,1, better than target,( better than target ),640,,, worse than critical,0.207207207,8,11,0,11,0.927927928,,,,0,,0, better than target,3,103,111,111,45094,Point,Point,Point,Point,Point,Point,Point,0,, better than target,8.571428571,,0.792857143,8,8,100,Point,Point,Point,Point,111, better than target,40, better than target,11,111,111,10300,14000,,,,7,7,7,,True,True,,,,15.857142857,0
?,False,6/20/2023,"June 20, 2023",2023 W25,,Maintenance,Ivy Anderson,7,grey,color,,Line 4,Total,Total,,True,False,,Normal,0,100%,88%,0%,6.1%,0%,94%,66%,58%,0%,-02%,98.0%,,,,1,1, worse than target,( worse than target ),480,,, worse than target,3.122448980,6,-2,0,-2,0.938775510,,,,0,,0, better than target,3,92,98,98,45094,Point,Point,Point,Point,Point,Point,Point,0,, better than target,0.714285714,,0.7,8,8,100,Point,Point,Point,Point,98, worse than critical,40, worse than target,2,98,98,9200,14000,,,,7,7,7,,False,False,,,,14,0
?,False,6/21/2023,"June 21, 2023",2023 W25,,Tech Issue,Mia Smith,5,grey,color,,Line 4,Total,Total,,True,False,,Challenging,0,100%,88%,100%,12.0%,0%,88%,58%,51%,0%,-08%,92.0%,,,,1,1, worse than target,( worse than target ),880,,, worse than critical,4.956521739,11,-8,0,-8,0.880434783,,,,0,,0, better than target,3,81,92,92,45094,Point,Point,Point,Point,Point,Point,Point,0,, worse than target,7.142857143,,0.657142857,8,8,100,Point,Point,Point,Point,92, worse than critical,40, worse than target,8,92,92,8100,14000,,,,7,7,7,,False,False,,,,13.142857143,0
?,False,6/22/2023,"June 22, 2023",2023 W25,,Other,Ivy Anderson,8,grey,color,,Line 4,Total,Total,,True,False,,Normal,0,100%,88%,0%,9.5%,0%,91%,61%,54%,0%,-05%,95.0%,,,,1,1, worse than target,( worse than target ),720,,, worse than critical,2.473684211,9,-5,0,-5,0.905263158,,,,0,,0, better than target,3,86,95,95,45094,Point,Point,Point,Point,Point,Point,Point,0,, worse than target,3.571428571,,0.678571429,8,8,100,Point,Point,Point,Point,95, worse than critical,40, worse than target,5,95,95,8600,14000,,,,7,7,7,,False,False,,,,13.571428571,0
?,False,6/23/2023,"June 23, 2023",2023 W25,,Maintenance,Ivy Anderson,7,grey,color,,Line 4,Total,Total,,True,True,,Normal,0,100%,88%,0%,12.2%,0%,88%,72%,63%,100%,+15.0%,115.0%,,,,1,1, better than target,( better than target ),1120,,, worse than critical,5.173913043,14,15,0,15,0.878260870,,,,0,,0, better than target,3,101,115,115,45094,Point,Point,Point,Point,Point,Point,Point,0,, better than target,7.142857143,,0.821428571,8,8,100,Point,Point,Point,Point,115, better than target,40, better than target,15,115,115,10100,14000,,,,7,7,7,,True,True,,,,16.428571429,0
?,False,6/24/2023,"June 24, 2023",2023 W25,,Other,Finn Sullivan,4,grey,color,,Line 4,Total,Total,,True,False,,Normal,0,100%,88%,0%,16.0%,0%,84%,49%,43%,0%,-19%,81.0%,,,,1,1, worse than target,( worse than target ),1040,,, worse than critical,9.049382716,13,-19,0,-19,0.839506173,,,,0,,0, better than target,3,68,81,81,45094,Point,Point,Point,Point,Point,Point,Point,0,, worse than target,16.428571429,,0.578571429,8,8,100,Point,Point,Point,Point,81, worse than critical,40, worse than target,19,81,81,6800,14000,,,,7,7,7,,False,False,,,,11.571428571,0
?,False,6/25/2023,"June 25, 2023",2023 W25,,Material Shortage,Finn Sullivan,2,grey,color,,Line 4,Total,Total,,True,False,,Normal,0,100%,88%,0%,12.4%,0%,88%,61%,53%,0%,-03%,97.0%,,,,1,1, worse than target,( worse than target ),960,,, worse than critical,5.371134021,12,-3,0,-3,0.876288660,,,,0,,0, better than target,3,85,97,97,45094,Point,Point,Point,Point,Point,Point,Point,0,, worse than target,4.285714286,,0.692857143,8,8,100,Point,Point,Point,Point,97, worse than critical,40, worse than target,3,97,97,8500,14000,,,,7,7,7,,False,False,,,,13.857142857,0
?,False,6/26/2023,"June 26, 2023",2023 W26,,Material Shortage,Finn Sullivan,3,grey,color,,Line 4,Total,Total,,True,False,,Challenging,0,100%,88%,100%,15.5%,0%,85%,51%,44%,0%,-16%,84.0%,,,,1,1, worse than target,( worse than target ),1040,,, worse than critical,8.476190476,13,-16,0,-16,0.845238095,,,,0,,0, better than target,3,71,84,84,45101,Point,Point,Point,Point,Point,Point,Point,0,, worse than target,14.285714286,,0.6,8,8,100,Point,Point,Point,Point,84, worse than critical,40, worse than target,16,84,84,7100,14000,,,,7,7,7,,False,False,,,,12,0
?,False,6/27/2023,"June 27, 2023",2023 W26,,Maintenance,Eli Brown,6,grey,color,,Line 4,Total,Total,,True,False,,Challenging,0,100%,88%,100%,12.6%,0%,87%,59%,52%,0%,-05%,95.0%,,,,1,1, worse than target,( worse than target ),960,,, worse than critical,5.631578947,12,-5,0,-5,0.873684211,,,,0,,0, better than target,3,83,95,95,45101,Point,Point,Point,Point,Point,Point,Point,0,, worse than target,5.714285714,,0.678571429,8,8,100,Point,Point,Point,Point,95, worse than critical,40, worse than target,5,95,95,8300,14000,,,,7,7,7,,False,False,,,,13.571428571,0
?,False,6/28/2023,"June 28, 2023",2023 W26,,Tech Issue,Eli Brown,8,grey,color,,Line 4,Total,Total,,True,False,,Normal,0,100%,88%,0%,11.1%,0%,89%,63%,55%,0%,-01%,99.0%,,,,1,1, worse than target,( worse than target ),880,,, worse than critical,4.111111111,11,-1,0,-1,0.888888889,,,,0,,0, better than target,3,88,99,99,45101,Point,Point,Point,Point,Point,Point,Point,0,, worse than target,2.142857143,,0.707142857,8,8,100,Point,Point,Point,Point,99, worse than critical,40, worse than target,1,99,99,8800,14000,,,,7,7,7,,False,False,,,,14.142857143,0
?,False,6/29/2023,"June 29, 2023",2023 W26,,Other,Max Parker,5,grey,color,,Line 4,Total,Total,,True,True,,Challenging,0,100%,88%,100%,4.4%,0%,96%,77%,68%,100%,+13.0%,113.0%,,,,1,1, better than target,( better than target ),400,,, worse than target,1.424778761,5,13,0,13,0.955752212,,,,0,,0, better than target,3,108,113,113,45101,Point,Point,Point,Point,Point,Point,Point,0,, better than target,12.142857143,,0.807142857,8,8,100,Point,Point,Point,Point,113, better than target,40, better than target,13,113,113,10800,14000,,,,7,7,7,,True,True,,,,16.142857143,0
?,False,1/1/2023,"January 1, 2023",2022 W52,1/1/2023,Material Shortage,Finn Sullivan,8,grey,color,,Line 5,Total,Total,,True,True,,Normal,1,86%,75%,0%,12.5%,13%,88%,70%,61%,100%,+12.0%,112.0%,1,,,1,1, better than target,( better than target ),1120,3520,3520, worse than critical,5.5,14,12,0,12,0.875,6,18.666666667,1,2200,2400,1, worse than critical,5.5,98,112,112,44919,Point,Point,Point,Point,Point,Point,Point,0,, better than target,5.000000000,0,0.933333333,7,8,100,Point,Point,Point,Point,112, better than target,40, better than target,12,112,112,9800,14000,6280,45%,1,6,7,7,,True,True,0,,,18.666666667,1
?,False,1/2/2023,"January 2, 2023",2023 W1,1/2/2023,Other,Max Parker,6,grey,color,,Line 5,Total,Total,,True,False,,Challenging,1,57%,50%,100%,7.9%,38%,92%,59%,51%,0%,-11%,89.0%,1,,,1,1, worse than target,( worse than target ),560,5760,5760, worse than critical,0.865168539,7,-11,0,-11,0.921348315,4,22.25,3,4600,5200,3, worse than critical,30.5,82,89,89,44926,Point,Point,Point,Point,Point,Point,Point,0,, worse than target,6.428571429,3,1.1125,5,8,100,Point,Point,Point,Point,89, worse than critical,40, worse than target,11,89,89,8200,14000,2440,17%,0,4,7,7,,False,False,0,,,22.25,3
?,False,1/3/2023,"January 3, 2023",2023 W1,,Material Shortage,Owen Taylor,3,grey,color,,Line 5,Total,Total,,True,False,,Challenging,0,100%,88%,100%,14.8%,0%,85%,54%,47%,0%,-12%,88.0%,,,,1,1, worse than target,( worse than target ),1040,,, worse than critical,7.772727273,13,-12,0,-12,0.852272727,,,,0,,0, better than target,3,75,88,88,44926,Point,Point,Point,Point,Point,Point,Point,0,, worse than target,11.428571429,,0.628571429,8,8,100,Point,Point,Point,Point,88, worse than critical,40, worse than target,12,88,88,7500,14000,,,,7,7,7,,False,False,,,,12.571428571,0
?,False,1/4/2023,"January 4, 2023",2023 W1,,Other,Owen Taylor,5,grey,color,,Line 5,Total,Total,,True,True,,Challenging,0,100%,88%,100%,9.5%,0%,90%,68%,59%,100%,+5.0%,105.0%,,,,1,1, better than target,( better than target ),800,,, worse than critical,2.523809524,10,5,0,5,0.904761905,,,,0,,0, better than target,3,95,105,105,44926,Point,Point,Point,Point,Point,Point,Point,0,, better than target,2.857142857,,0.75,8,8,100,Point,Point,Point,Point,105, better than target,40, better than target,5,105,105,9500,14000,,,,7,7,7,,True,True,,,,15,0
?,False,1/5/2023,"January 5, 2023",2023 W1,,Material Shortage,Eli Brown,5,grey,color,,Line 5,Total,Total,,True,True,,Normal,0,100%,88%,0%,12.3%,0%,88%,71%,63%,100%,+14.0%,114.0%,,,,1,1, better than target,( better than target ),1120,,, worse than critical,5.280701754,14,14,0,14,0.877192982,,,,0,,0, better than target,3,100,114,114,44926,Point,Point,Point,Point,Point,Point,Point,0,, better than target,6.428571429,,0.814285714,8,8,100,Point,Point,Point,Point,114, better than target,40, better than target,14,114,114,10000,14000,,,,7,7,7,,True,True,,,,16.285714286,0
?,False,1/6/2023,"January 6, 2023",2023 W1,,Maintenance,Finn Sullivan,7,grey,color,,Line 5,Total,Total,,True,False,,Challenging,0,100%,88%,100%,7.4%,0%,93%,54%,47%,0%,-19%,81.0%,,,,1,1, worse than target,( worse than target ),480,,, worse than critical,0.407407407,6,-19,0,-19,0.925925926,,,,0,,0, better than target,3,75,81,81,44926,Point,Point,Point,Point,Point,Point,Point,0,, worse than target,11.428571429,,0.578571429,8,8,100,Point,Point,Point,Point,81, worse than critical,40, worse than target,19,81,81,7500,14000,,,,7,7,7,,False,False,,,,11.571428571,0
?,False,1/7/2023,"January 7, 2023",2023 W1,,Maintenance,Zoe Martinez,5,grey,color,,Line 5,Total,Total,,True,True,,Challenging,0,100%,88%,100%,10.0%,0%,90%,64%,56%,100%,+0.0%,100.0%,,,,1,1, better than target,( better than target ),800,,, worse than critical,3,10,0,0,0,0.9,,,,0,,0, better than target,3,90,100,100,44926,Point,Point,Point,Point,Point,Point,Point,0,, worse than target,0.714285714,,0.714285714,8,8,100,Point,Point,Point,Point,100, better than target,40, better than target,0,100,100,9000,14000,,,,7,7,7,,True,True,,,,14.285714286,0
?,False,1/8/2023,"January 8, 2023",2023 W1,,Maintenance,Zoe Martinez,5,grey,color,,Line 5,Total,Total,,True,False,,Normal,0,100%,88%,0%,10.2%,0%,90%,56%,49%,0%,-12%,88.0%,,,,1,1, worse than target,( worse than target ),720,,, worse than critical,3.227272727,9,-12,0,-12,0.897727273,,,,0,,0, better than target,3,79,88,88,44926,Point,Point,Point,Point,Point,Point,Point,0,, worse than target,8.571428571,,0.628571429,8,8,100,Point,Point,Point,Point,88, worse than critical,40, worse than target,12,88,88,7900,14000,,,,7,7,7,,False,False,,,,12.571428571,0
?,False,1/9/2023,"January 9, 2023",2023 W2,,Maintenance,Eli Brown,8,grey,color,,Line 5,Total,Total,,True,False,,Normal,0,100%,88%,0%,5.6%,0%,94%,61%,53%,0%,-10%,90.0%,,,,1,1, worse than target,( worse than target ),400,,, worse than target,2.555555556,5,-10,0,-10,0.944444444,,,,0,,0, better than target,3,85,90,90,44933,Point,Point,Point,Point,Point,Point,Point,0,, worse than target,4.285714286,,0.642857143,8,8,100,Point,Point,Point,Point,90, worse than critical,40, worse than target,10,90,90,8500,14000,,,,7,7,7,,False,False,,,,12.857142857,0
?,False,1/10/2023,"January 10, 2023",2023 W2,,Material Shortage,Zoe Martinez,7,grey,color,,Line 5,Total,Total,,True,True,,Challenging,0,100%,88%,100%,12.0%,0%,88%,74%,64%,100%,+17.0%,117.0%,,,,1,1, better than target,( better than target ),1120,,, worse than critical,4.965811966,14,17,0,17,0.880341880,,,,0,,0, better than target,3,103,117,117,44933,Point,Point,Point,Point,Point,Point,Point,0,, better than target,8.571428571,,0.835714286,8,8,100,Point,Point,Point,Point,117, better than target,40, better than target,17,117,117,10300,14000,,,,7,7,7,,True,True,,,,16.714285714,0
?,False,1/11/2023,"January 11, 2023",2023 W2,,Other,Eli Brown,8,grey,color,,Line 5,Total,Total,,True,False,,Challenging,0,100%,88%,100%,12.1%,0%,88%,62%,54%,0%,-01%,99.0%,,,,1,1, worse than target,( worse than target ),960,,, worse than critical,5.121212121,12,-1,0,-1,0.878787879,,,,0,,0, better than target,3,87,99,99,44933,Point,Point,Point,Point,Point,Point,Point,0,, worse than target,2.857142857,,0.707142857,8,8,100,Point,Point,Point,Point,99, worse than critical,40, worse than target,1,99,99,8700,14000,,,,7,7,7,,False,False,,,,14.142857143,0
?,False,1/12/2023,"January 12, 2023",2023 W2,,Tech Issue,Ava White,1,grey,color,,Line 5,Total,Total,,True,True,,Challenging,0,100%,88%,100%,8.5%,0%,92%,77%,68%,100%,+18.0%,118.0%,,,,1,1, better than target,( better than target ),800,,, worse than critical,1.474576271,10,18,0,18,0.915254237,,,,0,,0, better than target,3,108,118,118,44933,Point,Point,Point,Point,Point,Point,Point,0,, better than target,12.142857143,,0.842857143,8,8,100,Point,Point,Point,Point,118, better than target,40, better than target,18,118,118,10800,14000,,,,7,7,7,,True,True,,,,16.857142857,0
?,False,1/13/2023,"January 13, 2023",2023 W2,,Maintenance,Mia Smith,5,grey,color,,Line 5,Total,Total,,True,False,,Challenging,0,100%,88%,100%,14.8%,0%,85%,54%,47%,0%,-12%,88.0%,,,,1,1, worse than target,( worse than target ),1040,,, worse than critical,7.772727273,13,-12,0,-12,0.852272727,,,,0,,0, better than target,3,75,88,88,44933,Point,Point,Point,Point,Point,Point,Point,0,, worse than target,11.428571429,,0.628571429,8,8,100,Point,Point,Point,Point,88, worse than critical,40, worse than target,12,88,88,7500,14000,,,,7,7,7,,False,False,,,,12.571428571,0
?,False,1/14/2023,"January 14, 2023",2023 W2,,Other,Ivy Anderson,2,grey,color,,Line 5,Total,Total,,True,True,,Challenging,0,100%,88%,100%,9.0%,0%,91%,72%,63%,100%,+11.0%,111.0%,,,,1,1, better than target,( better than target ),800,,, worse than critical,2.009009009,10,11,0,11,0.909909910,,,,0,,0, better than target,3,101,111,111,44933,Point,Point,Point,Point,Point,Point,Point,0,, better than target,7.142857143,,0.792857143,8,8,100,Point,Point,Point,Point,111, better than target,40, better than target,11,111,111,10100,14000,,,,7,7,7,,True,True,,,,15.857142857,0
?,False,1/15/2023,"January 15, 2023",2023 W2,,Material Shortage,Zoe Martinez,8,grey,color,,Line 5,Total,Total,,True,False,,Normal,0,100%,88%,0%,14.1%,0%,86%,52%,46%,0%,-15%,85.0%,,,,1,1, worse than target,( worse than target ),960,,, worse than critical,7.117647059,12,-15,0,-15,0.858823529,,,,0,,0, better than target,3,73,85,85,44933,Point,Point,Point,Point,Point,Point,Point,0,, worse than target,12.857142857,,0.607142857,8,8,100,Point,Point,Point,Point,85, worse than critical,40, worse than target,15,85,85,7300,14000,,,,7,7,7,,False,False,,,,12.142857143,0
?,False,1/16/2023,"January 16, 2023",2023 W3,,Maintenance,Max Parker,4,grey,color,,Line 5,Total,Total,,True,True,,Challenging,0,100%,88%,100%,11.7%,0%,88%,70%,61%,100%,+11.0%,111.0%,,,,1,1, better than target,( better than target ),1040,,, worse than critical,4.711711712,13,11,0,11,0.882882883,,,,0,,0, better than target,3,98,111,111,44940,Point,Point,Point,Point,Point,Point,Point,0,, better than target,5,,0.792857143,8,8,100,Point,Point,Point,Point,111, better than target,40, better than target,11,111,111,9800,14000,,,,7,7,7,,True,True,,,,15.857142857,0
?,False,1/17/2023,"January 17, 2023",2023 W3,,Other,Owen Taylor,6,grey,color,,Line 5,Total,Total,,True,True,,Normal,0,100%,88%,0%,11.8%,0%,88%,75%,66%,100%,+19.0%,119.0%,,,,1,1, better than target,( better than target ),1120,,, worse than critical,4.764705882,14,19,0,19,0.882352941,,,,0,,0, better than target,3,105,119,119,44940,Point,Point,Point,Point,Point,Point,Point,0,, better than target,10,,0.85,8,8,100,Point,Point,Point,Point,119, better than target,40, better than target,19,119,119,10500,14000,,,,7,7,7,,True,True,,,,17,0
?,False,1/18/2023,"January 18, 2023",2023 W3,,Tech Issue,Mia Smith,1,grey,color,,Line 5,Total,Total,,True,True,,Challenging,0,100%,88%,100%,10.2%,0%,90%,69%,61%,100%,+8.0%,108.0%,,,,1,1, better than target,( better than target ),880,,, worse than critical,3.185185185,11,8,0,8,0.898148148,,,,0,,0, better than target,3,97,108,108,44940,Point,Point,Point,Point,Point,Point,Point,0,, better than target,4.285714286,,0.771428571,8,8,100,Point,Point,Point,Point,108, better than target,40, better than target,8.000000000,108,108,9700,14000,,,,7,7,7,,True,True,,,,15.428571429,0
?,False,1/19/2023,"January 19, 2023",2023 W3,,Tech Issue,Mia Smith,9,grey,color,,Line 5,Total,Total,,True,True,,Normal,0,100%,88%,0%,9.2%,0%,91%,71%,62%,100%,+9.0%,109.0%,,,,1,1, better than target,( better than target ),800,,, worse than critical,2.174311927,10,9,0,9,0.908256881,,,,0,,0, better than target,3,99,109,109,44940,Point,Point,Point,Point,Point,Point,Point,0,, better than target,5.714285714,,0.778571429,8,8,100,Point,Point,Point,Point,109, better than target,40, better than target,9.000000000,109,109,9900,14000,,,,7,7,7,,True,True,,,,15.571428571,0
?,False,1/20/2023,"January 20, 2023",2023 W3,1/20/2023,Tech Issue,Ivy Anderson,4,grey,color,,Line 5,Total,Total,,True,True,1/20/2023,Normal,1,86%,75%,0%,4.7%,13%,95%,72%,63%,100%,+6.0%,106.0%,1,,1,1,1, better than target,( better than target ),400,6600,6600, worse than target,1.716981132,5,6,0,6,0.952830189,6,17.666666667,1,2200,6200,1, worse than critical,5.5,101,106,106,44940,Point,Point,Point,Point,Point,Point,Point,0,, better than target,7.142857143,0,0.883333333,7,8,100,Point,Point,Point,Point,106, better than target,40, better than target,6.000000000,106,106,10100,14000,3500,25%,0,6,7,7,,True,True,1,1,,17.666666667,1
?,False,1/21/2023,"January 21, 2023",2023 W3,,Material Shortage,Luna Garcia,9,grey,color,,Line 5,Total,Total,,True,False,,Normal,0,100%,88%,0%,16.0%,0%,84%,49%,43%,0%,-19%,81.0%,,,,1,1, worse than target,( worse than target ),1040,,, worse than critical,9.049382716,13,-19,0,-19,0.839506173,,,,0,,0, better than target,3,68,81,81,44940,Point,Point,Point,Point,Point,Point,Point,0,, worse than target,16.428571429,,0.578571429,8,8,100,Point,Point,Point,Point,81, worse than critical,40, worse than target,19,81,81,6800,14000,,,,7,7,7,,False,False,,,,11.571428571,0
?,False,1/22/2023,"January 22, 2023",2023 W3,1/22/2023,Tech Issue,Owen Taylor,1,grey,color,,Line 5,Total,Total,,True,False,1/22/2023,Normal,1,71%,63%,0%,6.7%,25%,93%,59%,52%,0%,-11%,89.0%,1,,1,1,1, worse than target,( worse than target ),480,11880,11880, worse than target,3.741573034,6,-11,0,-11,0.932584270,5,17.8,2,3400,11400,2, worse than critical,18,83,89,89,44940,Point,Point,Point,Point,Point,Point,Point,0,, worse than target,5.714285714,0,0.89,6,8,100,Point,Point,Point,Point,89, worse than critical,40, worse than target,11,89,89,8300,14000,-3580,-26%,0,5,7,7,,False,False,2,2,,17.8,2
?,False,1/23/2023,"January 23, 2023",2023 W4,1/23/2023,Maintenance,Max Parker,8,grey,color,1/23/2023,Line 5,Total,Total,,True,False,,Normal,1,100%,50%,0%,12.1%,38%,88%,100%,50%,0%,-09%,91.0%,1,1,,1,1, worse than target,( worse than target ),880,11480,11480, worse than critical,5.087912088,11,-9,0,-9,0.879120879,4,22.75,3,4600,10600,3, worse than critical,30.5,80,91,91,44947,Point,Point,Point,Point,Point,Point,Point,3,3, better than target,35,0,1.1375,5,8,100,Point,Point,Point,Point,91, worse than critical,40, worse than target,9,91,91,8000,14000,-3480,-25%,0,4,7,4,4,False,False,0,,25,22.75,0
?,False,1/24/2023,"January 24, 2023",2023 W4,,Material Shortage,Finn Sullivan,1,grey,color,,Line 5,Total,Total,,True,False,,Challenging,0,100%,88%,100%,13.0%,0%,87%,57%,50%,0%,-08%,92.0%,,,,1,1, worse than target,( worse than target ),960,,, worse than critical,6.043478261,12,-8,0,-8,0.869565217,,,,0,,0, better than target,3,80,92,92,44947,Point,Point,Point,Point,Point,Point,Point,0,, worse than target,7.857142857,,0.657142857,8,8,100,Point,Point,Point,Point,92, worse than critical,40, worse than target,8,92,92,8000,14000,,,,7,7,7,,False,False,,,,13.142857143,0
?,False,1/25/2023,"January 25, 2023",2023 W4,,Other,Zoe Martinez,7,grey,color,,Line 5,Total,Total,,True,False,,Normal,0,100%,88%,0%,14.3%,0%,86%,56%,49%,0%,-09%,91.0%,,,,1,1, worse than target,( worse than target ),1040,,, worse than critical,7.285714286,13,-9,0,-9,0.857142857,,,,0,,0, better than target,3,78,91,91,44947,Point,Point,Point,Point,Point,Point,Point,0,, worse than target,9.285714286,,0.65,8,8,100,Point,Point,Point,Point,91, worse than critical,40, worse than target,9,91,91,7800,14000,,,,7,7,7,,False,False,,,,13,0
?,False,1/26/2023,"January 26, 2023",2023 W4,,Tech Issue,Leo Johnson,9,grey,color,,Line 5,Total,Total,,True,False,,Normal,0,100%,88%,0%,14.3%,0%,86%,51%,45%,0%,-16%,84.0%,,,,1,1, worse than target,( worse than target ),960,,, worse than critical,7.285714286,12,-16,0,-16,0.857142857,,,,0,,0, better than target,3,72,84,84,44947,Point,Point,Point,Point,Point,Point,Point,0,, worse than target,13.571428571,,0.6,8,8,100,Point,Point,Point,Point,84, worse than critical,40, worse than target,16,84,84,7200,14000,,,,7,7,7,,False,False,,,,12,0
?,False,1/27/2023,"January 27, 2023",2023 W4,1/27/2023,Maintenance,Owen Taylor,8,grey,color,1/27/2023,Line 5,Total,Total,,True,True,,Normal,1,100%,75%,0%,9.6%,13%,90%,78%,59%,100%,+4.0%,104.0%,1,1,,1,1, better than target,( better than target ),800,5000,5000, worse than critical,2.615384615,10,4,0,4,0.903846154,6,17.333333333,1,2200,4200,1, worse than critical,5.5,94,104,104,44947,Point,Point,Point,Point,Point,Point,Point,1,1, better than target,13.333333333,0,0.866666667,7,8,100,Point,Point,Point,Point,104, better than target,40, better than target,4,104,104,9400,14000,4400,31%,0,6,7,6,6,True,True,0,,16.666666667,17.333333333,0
?,False,1/28/2023,"January 28, 2023",2023 W4,,Material Shortage,Zoe Martinez,3,grey,color,,Line 5,Total,Total,,True,True,,Challenging,0,100%,88%,100%,9.6%,0%,90%,74%,65%,100%,+15.0%,115.0%,,,,1,1, better than target,( better than target ),880,,, worse than critical,2.565217391,11,15,0,15,0.904347826,,,,0,,0, better than target,3,104,115,115,44947,Point,Point,Point,Point,Point,Point,Point,0,, better than target,9.285714286,,0.821428571,8,8,100,Point,Point,Point,Point,115, better than target,40, better than target,15,115,115,10400,14000,,,,7,7,7,,True,True,,,,16.428571429,0
?,False,1/29/2023,"January 29, 2023",2023 W4,,Tech Issue,Luna Garcia,5,grey,color,,Line 5,Total,Total,,True,False,,Normal,0,100%,88%,0%,13.2%,0%,87%,56%,49%,0%,-09%,91.0%,,,,1,1, worse than target,( worse than target ),960,,, worse than critical,6.186813187,12,-9,0,-9,0.868131868,,,,0,,0, better than target,3,79,91,91,44947,Point,Point,Point,Point,Point,Point,Point,0,, worse than target,8.571428571,,0.65,8,8,100,Point,Point,Point,Point,91, worse than critical,40, worse than target,9,91,91,7900,14000,,,,7,7,7,,False,False,,,,13,0
?,False,1/30/2023,"January 30, 2023",2023 W5,1/30/2023,Material Shortage,Owen Taylor,6,grey,color,,Line 5,Total,Total,,True,False,,Normal,1,86%,75%,0%,12.4%,13%,88%,61%,53%,0%,-03%,97.0%,1,,,1,1, worse than target,( worse than target ),960,3360,3360, worse than critical,5.371134021,12,-3,0,-3,0.876288660,6,16.166666667,1,2200,2400,1, worse than critical,5.5,85,97,97,44954,Point,Point,Point,Point,Point,Point,Point,0,, worse than target,4.285714286,0,0.808333333,7,8,100,Point,Point,Point,Point,97, worse than critical,40, worse than target,3,97,97,8500,14000,5140,37%,1,6,7,7,,False,False,0,,,16.166666667,1
?,False,1/31/2023,"January 31, 2023",2023 W5,,Maintenance,Ivy Anderson,1,grey,color,,Line 5,Total,Total,,True,False,,Challenging,0,100%,88%,100%,6.0%,0%,94%,56%,49%,0%,-16%,84.0%,,,,1,1, worse than target,( worse than target ),400,,, worse than target,2.952380952,5,-16,0,-16,0.940476190,,,,0,,0, better than target,3,79,84,84,44954,Point,Point,Point,Point,Point,Point,Point,0,, worse than target,8.571428571,,0.6,8,8,100,Point,Point,Point,Point,84, worse than critical,40, worse than target,16,84,84,7900,14000,,,,7,7,7,,False,False,,,,12,0
?,False,2/1/2023,"February 1, 2023",2023 W5,,Maintenance,Owen Taylor,9,grey,color,,Line 5,Total,Total,,True,False,,Challenging,0,100%,88%,100%,12.5%,0%,88%,60%,53%,0%,-04%,96.0%,,,,1,1, worse than target,( worse than target ),960,,, worse than critical,5.5,12,-4,0,-4,0.875,,,,0,,0, better than target,3,84,96,96,44954,Point,Point,Point,Point,Point,Point,Point,0,, worse than target,5,,0.685714286,8,8,100,Point,Point,Point,Point,96, worse than critical,40, worse than target,4,96,96,8400,14000,,,,7,7,7,,False,False,,,,13.714285714,0
?,False,2/2/2023,"February 2, 2023",2023 W5,2/2/2023,Other,Owen Taylor,8,grey,color,,Line 5,Total,Total,,True,False,,Challenging,1,57%,50%,100%,8.2%,38%,92%,64%,56%,0%,-02%,98.0%,1,,,1,1, worse than target,( worse than target ),640,5840,5840, worse than critical,1.163265306,8,-2,0,-2,0.918367347,4,24.5,3,4600,5200,3, worse than critical,30.5,90,98,98,44954,Point,Point,Point,Point,Point,Point,Point,0,, worse than target,0.714285714,3,1.225,5,8,100,Point,Point,Point,Point,98, worse than critical,40, worse than target,2,98,98,9000,14000,3160,23%,0,4,7,7,,False,False,0,,,24.5,3
?,False,2/3/2023,"February 3, 2023",2023 W5,2/3/2023,Other,Ava White,6,grey,color,,Line 5,Total,Total,,True,False,,Challenging,1,57%,50%,100%,10.7%,38%,89%,54%,47%,0%,-16%,84.0%,1,,,1,1, worse than target,( worse than target ),720,5920,5920, worse than critical,3.714285714,9,-16,0,-16,0.892857143,4,21,3,4600,5200,3, worse than critical,30.5,75,84,84,44954,Point,Point,Point,Point,Point,Point,Point,0,, worse than target,11.428571429,3,1.05,5,8,100,Point,Point,Point,Point,84, worse than critical,40, worse than target,16,84,84,7500,14000,1580,11%,0,4,7,7,,False,False,0,,,21,3
?,False,2/4/2023,"February 4, 2023",2023 W5,2/4/2023,Maintenance,Luna Garcia,7,grey,color,2/4/2023,Line 5,Total,Total,,True,True,,Normal,1,100%,75%,0%,12.5%,13%,88%,76%,57%,100%,+4.0%,104.0%,1,1,,1,1, better than target,( better than target ),1040,5240,5240, worse than critical,5.5,13,4,0,4,0.875,6,17.333333333,1,2200,4200,1, worse than critical,5.5,91,104,104,44954,Point,Point,Point,Point,Point,Point,Point,1,1, better than target,10.833333333,0,0.866666667,7,8,100,Point,Point,Point,Point,104, better than target,40, better than target,4,104,104,9100,14000,3860,28%,0,6,7,6,6,True,True,0,,16.666666667,17.333333333,0
?,False,2/5/2023,"February 5, 2023",2023 W5,,Tech Issue,Ava White,9,grey,color,,Line 5,Total,Total,,True,False,,Normal,0,100%,88%,0%,9.7%,0%,90%,60%,53%,0%,-07%,93.0%,,,,1,1, worse than target,( worse than target ),720,,, worse than critical,2.677419355,9,-7,0,-7,0.903225806,,,,0,,0, better than target,3,84,93,93,44954,Point,Point,Point,Point,Point,Point,Point,0,, worse than target,5.000000000,,0.664285714,8,8,100,Point,Point,Point,Point,93, worse than critical,40, worse than target,7.000000000,93,93,8400,14000,,,,7,7,7,,False,False,,,,13.285714286,0
?,False,2/6/2023,"February 6, 2023",2023 W6,,Other,Max Parker,3,grey,color,,Line 5,Total,Total,,True,True,,Challenging,0,100%,88%,100%,9.0%,0%,91%,72%,63%,100%,+11.0%,111.0%,,,,1,1, better than target,( better than target ),800,,, worse than critical,2.009009009,10,11,0,11,0.909909910,,,,0,,0, better than target,3,101,111,111,44961,Point,Point,Point,Point,Point,Point,Point,0,, better than target,7.142857143,,0.792857143,8,8,100,Point,Point,Point,Point,111, better than target,40, better than target,11,111,111,10100,14000,,,,7,7,7,,True,True,,,,15.857142857,0
?,False,2/7/2023,"February 7, 2023",2023 W6,,Other,Zoe Martinez,4,grey,color,,Line 5,Total,Total,,True,False,,Challenging,0,100%,88%,100%,15.2%,0%,85%,56%,49%,0%,-08%,92.0%,,,,1,1, worse than target,( worse than target ),1120,,, worse than critical,8.217391304,14,-8,0,-8,0.847826087,,,,0,,0, better than target,3,78,92,92,44961,Point,Point,Point,Point,Point,Point,Point,0,, worse than target,9.285714286,,0.657142857,8,8,100,Point,Point,Point,Point,92, worse than critical,40, worse than target,8,92,92,7800,14000,,,,7,7,7,,False,False,,,,13.142857143,0
?,False,2/8/2023,"February 8, 2023",2023 W6,2/8/2023,Material Shortage,Ivy Anderson,1,grey,color,,Line 5,Total,Total,,True,True,,Challenging,1,57%,50%,100%,5.3%,38%,95%,77%,68%,100%,+14.0%,114.0%,1,,,1,1, better than target,( better than target ),480,5680,5680, worse than target,2.263157895,6,14,0,14,0.947368421,4,28.5,3,4600,5200,3, worse than critical,30.5,108,114,114,44961,Point,Point,Point,Point,Point,Point,Point,0,, better than target,12.142857143,0,1.425,5,8,100,Point,Point,Point,Point,114, better than target,40, better than target,14,114,114,10800,14000,5120,37%,3,4,7,7,,True,True,0,,,28.5,3
?,False,2/9/2023,"February 9, 2023",2023 W6,,Tech Issue,Mia Smith,9,grey,color,,Line 5,Total,Total,,True,True,,Challenging,0,100%,88%,100%,4.7%,0%,95%,73%,64%,100%,+7.0%,107.0%,,,,1,1, better than target,( better than target ),400,,, worse than target,1.672897196,5,7,0,7,0.953271028,,,,0,,0, better than target,3,102,107,107,44961,Point,Point,Point,Point,Point,Point,Point,0,, better than target,7.857142857,,0.764285714,8,8,100,Point,Point,Point,Point,107, better than target,40, better than target,7.000000000,107,107,10200,14000,,,,7,7,7,,True,True,,,,15.285714286,0
?,False,2/10/2023,"February 10, 2023",2023 W6,2/10/2023,Tech Issue,Finn Sullivan,7,grey,color,,Line 5,Total,Total,,True,False,2/10/2023,Challenging,1,57%,50%,100%,9.6%,38%,90%,61%,53%,0%,-06%,94.0%,1,,1,1,1, worse than target,( worse than target ),720,17320,17320, worse than critical,2.574468085,9,-6,0,-6,0.904255319,4,23.5,3,4600,16600,3, worse than critical,30.5,85,94,94,44961,Point,Point,Point,Point,Point,Point,Point,0,, worse than target,4.285714286,0,1.175,5,8,100,Point,Point,Point,Point,94, worse than critical,40, worse than target,6.000000000,94,94,8500,14000,-8820,-63%,0,4,7,7,,False,False,3,3,,23.5,3
?,False,2/11/2023,"February 11, 2023",2023 W6,,Tech Issue,Owen Taylor,6,grey,color,,Line 5,Total,Total,,True,True,,Normal,0,100%,88%,0%,11.2%,0%,89%,68%,59%,100%,+7.0%,107.0%,,,,1,1, better than target,( better than target ),960,,, worse than critical,4.214953271,12,7,0,7,0.887850467,,,,0,,0, better than target,3,95,107,107,44961,Point,Point,Point,Point,Point,Point,Point,0,, better than target,2.857142857,,0.764285714,8,8,100,Point,Point,Point,Point,107, better than target,40, better than target,7.000000000,107,107,9500,14000,,,,7,7,7,,True,True,,,,15.285714286,0
?,False,2/12/2023,"February 12, 2023",2023 W6,,Tech Issue,Finn Sullivan,9,grey,color,,Line 5,Total,Total,,True,False,,Challenging,0,100%,88%,100%,12.2%,0%,88%,51%,45%,0%,-18%,82.0%,,,,1,1, worse than target,( worse than target ),800,,, worse than critical,5.195121951,10,-18,0,-18,0.878048780,,,,0,,0, better than target,3,72,82,82,44961,Point,Point,Point,Point,Point,Point,Point,0,, worse than target,13.571428571,,0.585714286,8,8,100,Point,Point,Point,Point,82, worse than critical,40, worse than target,18,82,82,7200,14000,,,,7,7,7,,False,False,,,,11.714285714,0
?,False,2/13/2023,"February 13, 2023",2023 W7,,Maintenance,Finn Sullivan,5,grey,color,,Line 5,Total,Total,,True,True,,Normal,0,100%,88%,0%,7.0%,0%,93%,76%,67%,100%,+15.0%,115.0%,,,,1,1, better than target,( better than target ),640,,, worse than target,3.956521739,8,15,0,15,0.930434783,,,,0,,0, better than target,3,107,115,115,44968,Point,Point,Point,Point,Point,Point,Point,0,, better than target,11.428571429,,0.821428571,8,8,100,Point,Point,Point,Point,115, better than target,40, better than target,15,115,115,10700,14000,,,,7,7,7,,True,True,,,,16.428571429,0
?,False,2/14/2023,"February 14, 2023",2023 W7,,Other,Luna Garcia,1,grey,color,,Line 5,Total,Total,,True,False,,Normal,0,100%,88%,0%,9.5%,0%,90%,54%,48%,0%,-16%,84.0%,,,,1,1, worse than target,( worse than target ),640,,, worse than critical,2.523809524,8,-16,0,-16,0.904761905,,,,0,,0, better than target,3,76,84,84,44968,Point,Point,Point,Point,Point,Point,Point,0,, worse than target,10.714285714,,0.6,8,8,100,Point,Point,Point,Point,84, worse than critical,40, worse than target,16,84,84,7600,14000,,,,7,7,7,,False,False,,,,12,0
?,False,2/15/2023,"February 15, 2023",2023 W7,,Tech Issue,Max Parker,6,grey,color,,Line 5,Total,Total,,True,False,,Challenging,0,100%,88%,100%,12.1%,0%,88%,62%,54%,0%,-01%,99.0%,,,,1,1, worse than target,( worse than target ),960,,, worse than critical,5.121212121,12,-1,0,-1,0.878787879,,,,0,,0, better than target,3,87,99,99,44968,Point,Point,Point,Point,Point,Point,Point,0,, worse than target,2.857142857,,0.707142857,8,8,100,Point,Point,Point,Point,99, worse than critical,40, worse than target,1,99,99,8700,14000,,,,7,7,7,,False,False,,,,14.142857143,0
?,False,2/16/2023,"February 16, 2023",2023 W7,,Maintenance,Ava White,1,grey,color,,Line 5,Total,Total,,True,False,,Normal,0,100%,88%,0%,15.2%,0%,85%,56%,49%,0%,-08%,92.0%,,,,1,1, worse than target,( worse than target ),1120,,, worse than critical,8.217391304,14,-8,0,-8,0.847826087,,,,0,,0, better than target,3,78,92,92,44968,Point,Point,Point,Point,Point,Point,Point,0,, worse than target,9.285714286,,0.657142857,8,8,100,Point,Point,Point,Point,92, worse than critical,40, worse than target,8,92,92,7800,14000,,,,7,7,7,,False,False,,,,13.142857143,0
?,False,2/17/2023,"February 17, 2023",2023 W7,2/17/2023,Material Shortage,Mia Smith,6,grey,color,,Line 5,Total,Total,,True,False,,Normal,1,71%,63%,0%,9.3%,25%,91%,56%,49%,0%,-14%,86.0%,1,,,1,1, worse than target,( worse than target ),640,4440,4440, worse than critical,2.302325581,8,-14,0,-14,0.906976744,5,17.2,2,3400,3800,2, worse than critical,18,78,86,86,44968,Point,Point,Point,Point,Point,Point,Point,0,, worse than target,9.285714286,0,0.86,6,8,100,Point,Point,Point,Point,86, worse than critical,40, worse than target,14,86,86,7800,14000,3360,24%,2,5,7,7,,False,False,0,,,17.2,2
?,False,2/18/2023,"February 18, 2023",2023 W7,,Other,Owen Taylor,5,grey,color,,Line 5,Total,Total,,True,False,,Challenging,0,100%,88%,100%,6.3%,0%,94%,64%,56%,0%,-05%,95.0%,,,,1,1, worse than target,( worse than target ),480,,, worse than target,3.315789474,6,-5,0,-5,0.936842105,,,,0,,0, better than target,3,89,95,95,44968,Point,Point,Point,Point,Point,Point,Point,0,, worse than target,1.428571429,,0.678571429,8,8,100,Point,Point,Point,Point,95, worse than critical,40, worse than target,5,95,95,8900,14000,,,,7,7,7,,False,False,,,,13.571428571,0
?,False,2/19/2023,"February 19, 2023",2023 W7,,Tech Issue,Mia Smith,7,grey,color,,Line 5,Total,Total,,True,False,,Challenging,0,100%,88%,100%,13.4%,0%,87%,51%,44%,0%,-18%,82.0%,,,,1,1, worse than target,( worse than target ),880,,, worse than critical,6.414634146,11,-18,0,-18,0.865853659,,,,0,,0, better than target,3,71,82,82,44968,Point,Point,Point,Point,Point,Point,Point,0,, worse than target,14.285714286,,0.585714286,8,8,100,Point,Point,Point,Point,82, worse than critical,40, worse than target,18,82,82,7100,14000,,,,7,7,7,,False,False,,,,11.714285714,0
?,False,2/20/2023,"February 20, 2023",2023 W8,,Maintenance,Finn Sullivan,3,grey,color,,Line 5,Total,Total,,True,False,,Challenging,0,100%,88%,100%,12.6%,0%,87%,54%,48%,0%,-13%,87.0%,,,,1,1, worse than target,( worse than target ),880,,, worse than critical,5.643678161,11,-13,0,-13,0.873563218,,,,0,,0, better than target,3,76,87,87,44975,Point,Point,Point,Point,Point,Point,Point,0,, worse than target,10.714285714,,0.621428571,8,8,100,Point,Point,Point,Point,87, worse than critical,40, worse than target,13,87,87,7600,14000,,,,7,7,7,,False,False,,,,12.428571429,0
?,False,2/21/2023,"February 21, 2023",2023 W8,,Material Shortage,Zoe Martinez,4,grey,color,,Line 5,Total,Total,,True,False,,Normal,0,100%,88%,0%,13.0%,0%,87%,57%,50%,0%,-08%,92.0%,,,,1,1, worse than target,( worse than target ),960,,, worse than critical,6.043478261,12,-8,0,-8,0.869565217,,,,0,,0, better than target,3,80,92,92,44975,Point,Point,Point,Point,Point,Point,Point,0,, worse than target,7.857142857,,0.657142857,8,8,100,Point,Point,Point,Point,92, worse than critical,40, worse than target,8,92,92,8000,14000,,,,7,7,7,,False,False,,,,13.142857143,0
?,False,2/22/2023,"February 22, 2023",2023 W8,,Tech Issue,Mia Smith,7,grey,color,,Line 5,Total,Total,,True,False,,Challenging,0,100%,88%,100%,7.5%,0%,92%,61%,54%,0%,-07%,93.0%,,,,1,1, worse than target,( worse than target ),560,,, worse than critical,0.526881720,7,-7,0,-7,0.924731183,,,,0,,0, better than target,3,86,93,93,44975,Point,Point,Point,Point,Point,Point,Point,0,, worse than target,3.571428571,,0.664285714,8,8,100,Point,Point,Point,Point,93, worse than critical,40, worse than target,7.000000000,93,93,8600,14000,,,,7,7,7,,False,False,,,,13.285714286,0
?,False,2/23/2023,"February 23, 2023",2023 W8,,Material Shortage,Leo Johnson,6,grey,color,,Line 5,Total,Total,,True,False,,Challenging,0,100%,88%,100%,7.1%,0%,93%,65%,57%,0%,-02%,98.0%,,,,1,1, worse than target,( worse than target ),560,,, worse than critical,0.142857143,7,-2,0,-2,0.928571429,,,,0,,0, better than target,3,91,98,98,44975,Point,Point,Point,Point,Point,Point,Point,0,, better than target,0,,0.7,8,8,100,Point,Point,Point,Point,98, worse than critical,40, worse than target,2,98,98,9100,14000,,,,7,7,7,,False,False,,,,14,0
?,False,2/24/2023,"February 24, 2023",2023 W8,,Other,Zoe Martinez,3,grey,color,,Line 5,Total,Total,,True,True,,Normal,0,100%,88%,0%,5.4%,0%,95%,75%,66%,100%,+11.0%,111.0%,,,,1,1, better than target,( better than target ),480,,, worse than target,2.405405405,6,11,0,11,0.945945946,,,,0,,0, better than target,3,105,111,111,44975,Point,Point,Point,Point,Point,Point,Point,0,, better than target,10,,0.792857143,8,8,100,Point,Point,Point,Point,111, better than target,40, better than target,11,111,111,10500,14000,,,,7,7,7,,True,True,,,,15.857142857,0
?,False,2/25/2023,"February 25, 2023",2023 W8,,Other,Finn Sullivan,8,grey,color,,Line 5,Total,Total,,True,True,,Challenging,0,100%,88%,100%,5.4%,0%,95%,75%,66%,100%,+11.0%,111.0%,,,,1,1, better than target,( better than target ),480,,, worse than target,2.405405405,6,11,0,11,0.945945946,,,,0,,0, better than target,3,105,111,111,44975,Point,Point,Point,Point,Point,Point,Point,0,, better than target,10,,0.792857143,8,8,100,Point,Point,Point,Point,111, better than target,40, better than target,11,111,111,10500,14000,,,,7,7,7,,True,True,,,,15.857142857,0
?,False,2/26/2023,"February 26, 2023",2023 W8,,Material Shortage,Luna Garcia,3,grey,color,,Line 5,Total,Total,,True,True,,Normal,0,100%,88%,0%,8.3%,0%,92%,71%,63%,100%,+9.0%,109.0%,,,,1,1, better than target,( better than target ),720,,, worse than critical,1.256880734,9,9,0,9,0.917431193,,,,0,,0, better than target,3,100,109,109,44975,Point,Point,Point,Point,Point,Point,Point,0,, better than target,6.428571429,,0.778571429,8,8,100,Point,Point,Point,Point,109, better than target,40, better than target,9.000000000,109,109,10000,14000,,,,7,7,7,,True,True,,,,15.571428571,0
?,False,2/27/2023,"February 27, 2023",2023 W9,,Maintenance,Max Parker,8,grey,color,,Line 5,Total,Total,,True,False,,Normal,0,100%,88%,0%,13.4%,0%,87%,51%,44%,0%,-18%,82.0%,,,,1,1, worse than target,( worse than target ),880,,, worse than critical,6.414634146,11,-18,0,-18,0.865853659,,,,0,,0, better than target,3,71,82,82,44982,Point,Point,Point,Point,Point,Point,Point,0,, worse than target,14.285714286,,0.585714286,8,8,100,Point,Point,Point,Point,82, worse than critical,40, worse than target,18,82,82,7100,14000,,,,7,7,7,,False,False,,,,11.714285714,0
?,False,2/28/2023,"February 28, 2023",2023 W9,,Other,Owen Taylor,6,grey,color,,Line 5,Total,Total,,True,False,,Normal,0,100%,88%,0%,17.5%,0%,83%,47%,41%,0%,-20%,80.0%,,,,1,1, worse than target,( worse than target ),1120,,, worse than critical,10.5,14,-20,0,-20,0.825,,,,0,,0, better than target,3,66,80,80,44982,Point,Point,Point,Point,Point,Point,Point,0,, worse than target,17.857142857,,0.571428571,8,8,100,Point,Point,Point,Point,80, worse than critical,40, worse than target,20,80,80,6600,14000,,,,7,7,7,,False,False,,,,11.428571429,0
?,False,3/1/2023,"March 1, 2023",2023 W9,,Maintenance,Ivy Anderson,5,grey,color,,Line 5,Total,Total,,True,False,,Normal,0,100%,88%,0%,10.1%,0%,90%,57%,50%,0%,-11%,89.0%,,,,1,1, worse than target,( worse than target ),720,,, worse than critical,3.112359551,9,-11,0,-11,0.898876404,,,,0,,0, better than target,3,80,89,89,44982,Point,Point,Point,Point,Point,Point,Point,0,, worse than target,7.857142857,,0.635714286,8,8,100,Point,Point,Point,Point,89, worse than critical,40, worse than target,11,89,89,8000,14000,,,,7,7,7,,False,False,,,,12.714285714,0
?,False,3/2/2023,"March 2, 2023",2023 W9,,Other,Finn Sullivan,4,grey,color,,Line 5,Total,Total,,True,False,,Challenging,0,100%,88%,100%,7.2%,0%,93%,55%,48%,0%,-17%,83.0%,,,,1,1, worse than target,( worse than target ),480,,, worse than critical,0.228915663,6,-17,0,-17,0.927710843,,,,0,,0, better than target,3,77,83,83,44982,Point,Point,Point,Point,Point,Point,Point,0,, worse than target,10,,0.592857143,8,8,100,Point,Point,Point,Point,83, worse than critical,40, worse than target,17,83,83,7700,14000,,,,7,7,7,,False,False,,,,11.857142857,0
?,False,3/3/2023,"March 3, 2023",2023 W9,,Maintenance,Max Parker,8,grey,color,,Line 5,Total,Total,,True,True,,Challenging,0,100%,88%,100%,4.8%,0%,95%,71%,62%,100%,+4.0%,104.0%,,,,1,1, better than target,( better than target ),400,,, worse than target,1.807692308,5,4,0,4,0.951923077,,,,0,,0, better than target,3,99,104,104,44982,Point,Point,Point,Point,Point,Point,Point,0,, better than target,5.714285714,,0.742857143,8,8,100,Point,Point,Point,Point,104, better than target,40, better than target,4,104,104,9900,14000,,,,7,7,7,,True,True,,,,14.857142857,0
?,False,3/4/2023,"March 4, 2023",2023 W9,,Maintenance,Zoe Martinez,6,grey,color,,Line 5,Total,Total,,True,False,,Normal,0,100%,88%,0%,14.3%,0%,86%,51%,45%,0%,-16%,84.0%,,,,1,1, worse than target,( worse than target ),960,,, worse than critical,7.285714286,12,-16,0,-16,0.857142857,,,,0,,0, better than target,3,72,84,84,44982,Point,Point,Point,Point,Point,Point,Point,0,, worse than target,13.571428571,,0.6,8,8,100,Point,Point,Point,Point,84, worse than critical,40, worse than target,16,84,84,7200,14000,,,,7,7,7,,False,False,,,,12,0
?,False,3/5/2023,"March 5, 2023",2023 W9,3/5/2023,Tech Issue,Max Parker,1,grey,color,,Line 5,Total,Total,,True,False,3/5/2023,Challenging,1,71%,63%,100%,15.2%,25%,85%,56%,49%,0%,-08%,92.0%,1,,1,1,1, worse than target,( worse than target ),1120,12520,12520, worse than critical,8.217391304,14,-8,0,-8,0.847826087,5,18.4,2,3400,11400,2, worse than critical,18,78,92,92,44982,Point,Point,Point,Point,Point,Point,Point,0,, worse than target,9.285714286,0,0.92,6,8,100,Point,Point,Point,Point,92, worse than critical,40, worse than target,8,92,92,7800,14000,-4720,-34%,0,5,7,7,,False,False,2,2,,18.4,2
?,False,3/6/2023,"March 6, 2023",2023 W10,,Maintenance,Mia Smith,3,grey,color,,Line 5,Total,Total,,True,True,,Challenging,0,100%,88%,100%,10.4%,0%,90%,68%,59%,100%,+6.0%,106.0%,,,,1,1, better than target,( better than target ),880,,, worse than critical,3.377358491,11,6,0,6,0.896226415,,,,0,,0, better than target,3,95,106,106,44989,Point,Point,Point,Point,Point,Point,Point,0,, better than target,2.857142857,,0.757142857,8,8,100,Point,Point,Point,Point,106, better than target,40, better than target,6.000000000,106,106,9500,14000,,,,7,7,7,,True,True,,,,15.142857143,0
?,False,3/7/2023,"March 7, 2023",2023 W10,,Other,Mia Smith,5,grey,color,,Line 5,Total,Total,,True,True,,Normal,0,100%,88%,0%,4.6%,0%,95%,74%,65%,100%,+9.0%,109.0%,,,,1,1, better than target,( better than target ),400,,, worse than target,1.587155963,5,9,0,9,0.954128440,,,,0,,0, better than target,3,104,109,109,44989,Point,Point,Point,Point,Point,Point,Point,0,, better than target,9.285714286,,0.778571429,8,8,100,Point,Point,Point,Point,109, better than target,40, better than target,9.000000000,109,109,10400,14000,,,,7,7,7,,True,True,,,,15.571428571,0
?,False,3/8/2023,"March 8, 2023",2023 W10,,Material Shortage,Ivy Anderson,4,grey,color,,Line 5,Total,Total,,True,True,,Challenging,0,100%,88%,100%,7.8%,0%,92%,76%,66%,100%,+15.0%,115.0%,,,,1,1, better than target,( better than target ),720,,, worse than critical,0.826086957,9,15,0,15,0.921739130,,,,0,,0, better than target,3,106,115,115,44989,Point,Point,Point,Point,Point,Point,Point,0,, better than target,10.714285714,,0.821428571,8,8,100,Point,Point,Point,Point,115, better than target,40, better than target,15,115,115,10600,14000,,,,7,7,7,,True,True,,,,16.428571429,0
?,False,3/9/2023,"March 9, 2023",2023 W10,3/9/2023,Other,Ivy Anderson,1,grey,color,,Line 5,Total,Total,,True,False,,Challenging,1,86%,75%,100%,7.1%,13%,93%,65%,57%,0%,-02%,98.0%,1,,,1,1, worse than target,( worse than target ),560,2960,2960, worse than critical,0.142857143,7,-2,0,-2,0.928571429,6,16.333333333,1,2200,2400,1, worse than critical,5.5,91,98,98,44989,Point,Point,Point,Point,Point,Point,Point,0,, better than target,0,1,0.816666667,7,8,100,Point,Point,Point,Point,98, worse than critical,40, worse than target,2,98,98,9100,14000,6140,44%,0,6,7,7,,False,False,0,,,16.333333333,1
?,False,3/10/2023,"March 10, 2023",2023 W10,3/10/2023,Tech Issue,Ava White,6,grey,color,,Line 5,Total,Total,,True,True,3/10/2023,Challenging,1,86%,75%,100%,11.0%,13%,89%,69%,61%,100%,+9.0%,109.0%,1,,1,1,1, better than target,( better than target ),960,7160,7160, worse than critical,4.009174312,12,9,0,9,0.889908257,6,18.166666667,1,2200,6200,1, worse than critical,5.5,97,109,109,44989,Point,Point,Point,Point,Point,Point,Point,0,, better than target,4.285714286,0,0.908333333,7,8,100,Point,Point,Point,Point,109, better than target,40, better than target,9.000000000,109,109,9700,14000,2540,18%,0,6,7,7,,True,True,1,1,,18.166666667,1
?,False,3/11/2023,"March 11, 2023",2023 W10,3/11/2023,Other,Max Parker,8,grey,color,,Line 5,Total,Total,,True,False,,Challenging,1,71%,63%,100%,8.6%,25%,91%,53%,46%,0%,-19%,81.0%,1,,,1,1, worse than target,( worse than target ),560,4360,4360, worse than critical,1.641975309,7,-19,0,-19,0.913580247,5,16.2,2,3400,3800,2, worse than critical,18,74,81,81,44989,Point,Point,Point,Point,Point,Point,Point,0,, worse than target,12.142857143,2,0.81,6,8,100,Point,Point,Point,Point,81, worse than critical,40, worse than target,19,81,81,7400,14000,3040,22%,0,5,7,7,,False,False,0,,,16.2,2
?,False,3/12/2023,"March 12, 2023",2023 W10,,Maintenance,Luna Garcia,5,grey,color,,Line 5,Total,Total,,True,False,,Normal,0,100%,88%,0%,12.2%,0%,88%,56%,49%,0%,-10%,90.0%,,,,1,1, worse than target,( worse than target ),880,,, worse than critical,5.222222222,11,-10,0,-10,0.877777778,,,,0,,0, better than target,3,79,90,90,44989,Point,Point,Point,Point,Point,Point,Point,0,, worse than target,8.571428571,,0.642857143,8,8,100,Point,Point,Point,Point,90, worse than critical,40, worse than target,10,90,90,7900,14000,,,,7,7,7,,False,False,,,,12.857142857,0
?,False,3/13/2023,"March 13, 2023",2023 W11,,Other,Max Parker,4,grey,color,,Line 5,Total,Total,,True,True,,Challenging,0,100%,88%,100%,6.0%,0%,94%,79%,69%,100%,+17.0%,117.0%,,,,1,1, better than target,( better than target ),560,,, worse than target,2.982905983,7,17,0,17,0.940170940,,,,0,,0, better than target,3,110,117,117,44996,Point,Point,Point,Point,Point,Point,Point,0,, better than target,13.571428571,,0.835714286,8,8,100,Point,Point,Point,Point,117, better than target,40, better than target,17,117,117,11000,14000,,,,7,7,7,,True,True,,,,16.714285714,0
?,False,3/14/2023,"March 14, 2023",2023 W11,,Other,Max Parker,5,grey,color,,Line 5,Total,Total,,True,False,,Challenging,0,100%,88%,100%,6.2%,0%,94%,54%,48%,0%,-19%,81.0%,,,,1,1, worse than target,( worse than target ),400,,, worse than target,3.172839506,5,-19,0,-19,0.938271605,,,,0,,0, better than target,3,76,81,81,44996,Point,Point,Point,Point,Point,Point,Point,0,, worse than target,10.714285714,,0.578571429,8,8,100,Point,Point,Point,Point,81, worse than critical,40, worse than target,19,81,81,7600,14000,,,,7,7,7,,False,False,,,,11.571428571,0
?,False,3/15/2023,"March 15, 2023",2023 W11,,Maintenance,Ivy Anderson,4,grey,color,,Line 5,Total,Total,,True,False,,Normal,0,100%,88%,0%,12.5%,0%,88%,55%,48%,0%,-12%,88.0%,,,,1,1, worse than target,( worse than target ),880,,, worse than critical,5.5,11,-12,0,-12,0.875,,,,0,,0, better than target,3,77,88,88,44996,Point,Point,Point,Point,Point,Point,Point,0,, worse than target,10,,0.628571429,8,8,100,Point,Point,Point,Point,88, worse than critical,40, worse than target,12,88,88,7700,14000,,,,7,7,7,,False,False,,,,12.571428571,0
?,False,3/16/2023,"March 16, 2023",2023 W11,3/16/2023,Other,Ava White,4,grey,color,,Line 5,Total,Total,,True,True,,Normal,1,86%,75%,0%,10.8%,13%,89%,65%,57%,100%,+2.0%,102.0%,1,,,1,1, better than target,( better than target ),880,3280,3280, worse than critical,3.784313725,11,2,0,2,0.892156863,6,17,1,2200,2400,1, worse than critical,5.5,91,102,102,44996,Point,Point,Point,Point,Point,Point,Point,0,, worse than target,1.110223025e-14,1,0.85,7,8,100,Point,Point,Point,Point,102, better than target,40, better than target,2,102,102,9100,14000,5820,42%,0,6,7,7,,True,True,0,,,17,1
?,False,3/17/2023,"March 17, 2023",2023 W11,,Tech Issue,Eli Brown,2,grey,color,,Line 5,Total,Total,,True,False,,Normal,0,100%,88%,0%,8.3%,0%,92%,55%,48%,0%,-16%,84.0%,,,,1,1, worse than target,( worse than target ),560,,, worse than critical,1.333333333,7,-16,0,-16,0.916666667,,,,0,,0, better than target,3,77,84,84,44996,Point,Point,Point,Point,Point,Point,Point,0,, worse than target,10,,0.6,8,8,100,Point,Point,Point,Point,84, worse than critical,40, worse than target,16,84,84,7700,14000,,,,7,7,7,,False,False,,,,12,0
?,False,3/18/2023,"March 18, 2023",2023 W11,,Other,Mia Smith,4,grey,color,,Line 5,Total,Total,,True,True,,Challenging,0,100%,88%,100%,10.4%,0%,90%,68%,59%,100%,+6.0%,106.0%,,,,1,1, better than target,( better than target ),880,,, worse than critical,3.377358491,11,6,0,6,0.896226415,,,,0,,0, better than target,3,95,106,106,44996,Point,Point,Point,Point,Point,Point,Point,0,, better than target,2.857142857,,0.757142857,8,8,100,Point,Point,Point,Point,106, better than target,40, better than target,6.000000000,106,106,9500,14000,,,,7,7,7,,True,True,,,,15.142857143,0
?,False,3/19/2023,"March 19, 2023",2023 W11,,Other,Owen Taylor,5,grey,color,,Line 5,Total,Total,,True,False,,Challenging,0,100%,88%,100%,14.9%,0%,85%,53%,46%,0%,-13%,87.0%,,,,1,1, worse than target,( worse than target ),1040,,, worse than critical,7.942528736,13,-13,0,-13,0.850574713,,,,0,,0, better than target,3,74,87,87,44996,Point,Point,Point,Point,Point,Point,Point,0,, worse than target,12.142857143,,0.621428571,8,8,100,Point,Point,Point,Point,87, worse than critical,40, worse than target,13,87,87,7400,14000,,,,7,7,7,,False,False,,,,12.428571429,0
?,False,3/20/2023,"March 20, 2023",2023 W12,,Maintenance,Leo Johnson,3,grey,color,,Line 5,Total,Total,,True,True,,Normal,0,100%,88%,0%,8.5%,0%,92%,77%,68%,100%,+18.0%,118.0%,,,,1,1, better than target,( better than target ),800,,, worse than critical,1.474576271,10,18,0,18,0.915254237,,,,0,,0, better than target,3,108,118,118,45003,Point,Point,Point,Point,Point,Point,Point,0,, better than target,12.142857143,,0.842857143,8,8,100,Point,Point,Point,Point,118, better than target,40, better than target,18,118,118,10800,14000,,,,7,7,7,,True,True,,,,16.857142857,0
?,False,3/21/2023,"March 21, 2023",2023 W12,,Tech Issue,Zoe Martinez,5,grey,color,,Line 5,Total,Total,,True,False,,Normal,0,100%,88%,0%,5.6%,0%,94%,61%,53%,0%,-10%,90.0%,,,,1,1, worse than target,( worse than target ),400,,, worse than target,2.555555556,5,-10,0,-10,0.944444444,,,,0,,0, better than target,3,85,90,90,45003,Point,Point,Point,Point,Point,Point,Point,0,, worse than target,4.285714286,,0.642857143,8,8,100,Point,Point,Point,Point,90, worse than critical,40, worse than target,10,90,90,8500,14000,,,,7,7,7,,False,False,,,,12.857142857,0
?,False,3/22/2023,"March 22, 2023",2023 W12,,Other,Owen Taylor,3,grey,color,,Line 5,Total,Total,,True,False,,Normal,0,100%,88%,0%,8.2%,0%,92%,64%,56%,0%,-02%,98.0%,,,,1,1, worse than target,( worse than target ),640,,, worse than critical,1.163265306,8,-2,0,-2,0.918367347,,,,0,,0, better than target,3,90,98,98,45003,Point,Point,Point,Point,Point,Point,Point,0,, worse than target,0.714285714,,0.7,8,8,100,Point,Point,Point,Point,98, worse than critical,40, worse than target,2,98,98,9000,14000,,,,7,7,7,,False,False,,,,14,0
?,False,3/23/2023,"March 23, 2023",2023 W12,3/23/2023,Other,Zoe Martinez,6,grey,color,,Line 5,Total,Total,,True,True,,Challenging,1,86%,75%,100%,11.8%,13%,88%,75%,66%,100%,+19.0%,119.0%,1,,,1,1, better than target,( better than target ),1120,3520,3520, worse than critical,4.764705882,14,19,0,19,0.882352941,6,19.833333333,1,2200,2400,1, worse than critical,5.5,105,119,119,45003,Point,Point,Point,Point,Point,Point,Point,0,, better than target,10.000000000,1,0.991666667,7,8,100,Point,Point,Point,Point,119, better than target,40, better than target,19,119,119,10500,14000,6980,50%,0,6,7,7,,True,True,0,,,19.833333333,1
?,False,3/24/2023,"March 24, 2023",2023 W12,3/24/2023,Maintenance,Zoe Martinez,5,grey,color,3/24/2023,Line 5,Total,Total,,True,True,,Normal,1,100%,75%,0%,7.8%,13%,92%,89%,67%,100%,+16.0%,116.0%,1,1,,1,1, better than target,( better than target ),720,4920,4920, worse than critical,0.758620690,9,16,0,16,0.922413793,6,19.333333333,1,2200,4200,1, worse than critical,5.5,107,116,116,45003,Point,Point,Point,Point,Point,Point,Point,1,1, better than target,24.166666667,0,0.966666667,7,8,100,Point,Point,Point,Point,116, better than target,40, better than target,16,116,116,10700,14000,5780,41%,0,6,7,6,6,True,True,0,,16.666666667,19.333333333,0
?,False,3/25/2023,"March 25, 2023",2023 W12,,Tech Issue,Finn Sullivan,2,grey,color,,Line 5,Total,Total,,True,True,,Normal,0,100%,88%,0%,10.1%,0%,90%,70%,61%,100%,+9.0%,109.0%,,,,1,1, better than target,( better than target ),880,,, worse than critical,3.091743119,11,9,0,9,0.899082569,,,,0,,0, better than target,3,98,109,109,45003,Point,Point,Point,Point,Point,Point,Point,0,, better than target,5,,0.778571429,8,8,100,Point,Point,Point,Point,109, better than target,40, better than target,9.000000000,109,109,9800,14000,,,,7,7,7,,True,True,,,,15.571428571,0
?,False,3/26/2023,"March 26, 2023",2023 W12,,Other,Owen Taylor,4,grey,color,,Line 5,Total,Total,,True,False,,Challenging,0,100%,88%,100%,11.3%,0%,89%,51%,44%,0%,-20%,80.0%,,,,1,1, worse than target,( worse than target ),720,,, worse than critical,4.25,9,-20,0,-20,0.8875,,,,0,,0, better than target,3,71,80,80,45003,Point,Point,Point,Point,Point,Point,Point,0,, worse than target,14.285714286,,0.571428571,8,8,100,Point,Point,Point,Point,80, worse than critical,40, worse than target,20,80,80,7100,14000,,,,7,7,7,,False,False,,,,11.428571429,0
?,False,3/27/2023,"March 27, 2023",2023 W13,,Tech Issue,Leo Johnson,9,grey,color,,Line 5,Total,Total,,True,False,,Normal,0,100%,88%,0%,11.6%,0%,88%,60%,53%,0%,-05%,95.0%,,,,1,1, worse than target,( worse than target ),880,,, worse than critical,4.578947368,11,-5,0,-5,0.884210526,,,,0,,0, better than target,3,84,95,95,45010,Point,Point,Point,Point,Point,Point,Point,0,, worse than target,5,,0.678571429,8,8,100,Point,Point,Point,Point,95, worse than critical,40, worse than target,5,95,95,8400,14000,,,,7,7,7,,False,False,,,,13.571428571,0
?,False,3/28/2023,"March 28, 2023",2023 W13,,Maintenance,Eli Brown,3,grey,color,,Line 5,Total,Total,,True,False,,Normal,0,100%,88%,0%,6.0%,0%,94%,56%,49%,0%,-17%,83.0%,,,,1,1, worse than target,( worse than target ),400,,, worse than target,3.024096386,5,-17,0,-17,0.939759036,,,,0,,0, better than target,3,78,83,83,45010,Point,Point,Point,Point,Point,Point,Point,0,, worse than target,9.285714286,,0.592857143,8,8,100,Point,Point,Point,Point,83, worse than critical,40, worse than target,17,83,83,7800,14000,,,,7,7,7,,False,False,,,,11.857142857,0
?,False,3/29/2023,"March 29, 2023",2023 W13,,Other,Mia Smith,7,grey,color,,Line 5,Total,Total,,True,True,,Normal,0,100%,88%,0%,6.1%,0%,94%,76%,67%,100%,+14.0%,114.0%,,,,1,1, better than target,( better than target ),560,,, worse than target,3.140350877,7,14,0,14,0.938596491,,,,0,,0, better than target,3,107,114,114,45010,Point,Point,Point,Point,Point,Point,Point,0,, better than target,11.428571429,,0.814285714,8,8,100,Point,Point,Point,Point,114, better than target,40, better than target,14,114,114,10700,14000,,,,7,7,7,,True,True,,,,16.285714286,0
?,False,3/30/2023,"March 30, 2023",2023 W13,,Material Shortage,Luna Garcia,8,grey,color,,Line 5,Total,Total,,True,False,,Challenging,0,100%,88%,100%,14.4%,0%,86%,59%,52%,0%,-03%,97.0%,,,,1,1, worse than target,( worse than target ),1120,,, worse than critical,7.432989691,14,-3,0,-3,0.855670103,,,,0,,0, better than target,3,83,97,97,45010,Point,Point,Point,Point,Point,Point,Point,0,, worse than target,5.714285714,,0.692857143,8,8,100,Point,Point,Point,Point,97, worse than critical,40, worse than target,3,97,97,8300,14000,,,,7,7,7,,False,False,,,,13.857142857,0
?,False,3/31/2023,"March 31, 2023",2023 W13,3/31/2023,Material Shortage,Eli Brown,8,grey,color,,Line 5,Total,Total,,True,True,,Challenging,1,57%,50%,100%,5.3%,38%,95%,77%,68%,100%,+14.0%,114.0%,1,,,1,1, better than target,( better than target ),480,5680,5680, worse than target,2.263157895,6,14,0,14,0.947368421,4,28.5,3,4600,5200,3, worse than critical,30.5,108,114,114,45010,Point,Point,Point,Point,Point,Point,Point,0,, better than target,12.142857143,0,1.425,5,8,100,Point,Point,Point,Point,114, better than target,40, better than target,14,114,114,10800,14000,5120,37%,3,4,7,7,,True,True,0,,,28.5,3
?,False,4/1/2023,"April 1, 2023",2023 W13,4/1/2023,Tech Issue,Luna Garcia,7,grey,color,,Line 5,Total,Total,,True,True,4/1/2023,Challenging,1,57%,50%,100%,11.6%,38%,88%,71%,62%,100%,+12.0%,112.0%,1,,1,1,1, better than target,( better than target ),1040,17640,17640, worse than critical,4.607142857,13,12,0,12,0.883928571,4,28,3,4600,16600,3, worse than critical,30.5,99,112,112,45010,Point,Point,Point,Point,Point,Point,Point,0,, better than target,5.714285714,0,1.4,5,8,100,Point,Point,Point,Point,112, better than target,40, better than target,12,112,112,9900,14000,-7740,-55%,0,4,7,7,,True,True,3,3,,28,3
?,False,4/2/2023,"April 2, 2023",2023 W13,,Material Shortage,Leo Johnson,4,grey,color,,Line 5,Total,Total,,True,True,,Normal,0,100%,88%,0%,7.1%,0%,93%,74%,65%,100%,+12.0%,112.0%,,,,1,1, better than target,( better than target ),640,,, worse than critical,0.142857143,8,12,0,12,0.928571429,,,,0,,0, better than target,3,104,112,112,45010,Point,Point,Point,Point,Point,Point,Point,0,, better than target,9.285714286,,0.8,8,8,100,Point,Point,Point,Point,112, better than target,40, better than target,12,112,112,10400,14000,,,,7,7,7,,True,True,,,,16,0
?,False,4/3/2023,"April 3, 2023",2023 W14,4/3/2023,Tech Issue,Max Parker,4,grey,color,,Line 5,Total,Total,,True,False,4/3/2023,Normal,1,86%,75%,0%,12.8%,13%,87%,59%,51%,0%,-06%,94.0%,1,,1,1,1, worse than target,( worse than target ),960,7160,7160, worse than critical,5.765957447,12,-6,0,-6,0.872340426,6,15.666666667,1,2200,6200,1, worse than critical,5.5,82,94,94,45017,Point,Point,Point,Point,Point,Point,Point,0,, worse than target,6.428571429,0,0.783333333,7,8,100,Point,Point,Point,Point,94, worse than critical,40, worse than target,6.000000000,94,94,8200,14000,1040,7%,0,6,7,7,,False,False,1,1,,15.666666667,1
?,False,4/4/2023,"April 4, 2023",2023 W14,,Tech Issue,Ivy Anderson,7,grey,color,,Line 5,Total,Total,,True,True,,Normal,0,100%,88%,0%,10.9%,0%,89%,76%,66%,100%,+19.0%,119.0%,,,,1,1, better than target,( better than target ),1040,,, worse than critical,3.924369748,13,19,0,19,0.890756303,,,,0,,0, better than target,3,106,119,119,45017,Point,Point,Point,Point,Point,Point,Point,0,, better than target,10.714285714,,0.85,8,8,100,Point,Point,Point,Point,119, better than target,40, better than target,19,119,119,10600,14000,,,,7,7,7,,True,True,,,,17,0
?,False,4/5/2023,"April 5, 2023",2023 W14,,Material Shortage,Zoe Martinez,6,grey,color,,Line 5,Total,Total,,True,True,,Challenging,0,100%,88%,100%,6.0%,0%,94%,78%,68%,100%,+16.0%,116.0%,,,,1,1, better than target,( better than target ),560,,, worse than target,3.034482759,7,16,0,16,0.939655172,,,,0,,0, better than target,3,109,116,116,45017,Point,Point,Point,Point,Point,Point,Point,0,, better than target,12.857142857,,0.828571429,8,8,100,Point,Point,Point,Point,116, better than target,40, better than target,16,116,116,10900,14000,,,,7,7,7,,True,True,,,,16.571428571,0
?,False,4/6/2023,"April 6, 2023",2023 W14,,Other,Max Parker,4,grey,color,,Line 5,Total,Total,,True,True,,Normal,0,100%,88%,0%,8.7%,0%,91%,68%,59%,100%,+4.0%,104.0%,,,,1,1, better than target,( better than target ),720,,, worse than critical,1.653846154,9,4,0,4,0.913461538,,,,0,,0, better than target,3,95,104,104,45017,Point,Point,Point,Point,Point,Point,Point,0,, better than target,2.857142857,,0.742857143,8,8,100,Point,Point,Point,Point,104, better than target,40, better than target,4,104,104,9500,14000,,,,7,7,7,,True,True,,,,14.857142857,0
?,False,4/7/2023,"April 7, 2023",2023 W14,,Maintenance,Mia Smith,2,grey,color,,Line 5,Total,Total,,True,False,,Normal,0,100%,88%,0%,13.7%,0%,86%,59%,51%,0%,-05%,95.0%,,,,1,1, worse than target,( worse than target ),1040,,, worse than critical,6.684210526,13,-5,0,-5,0.863157895,,,,0,,0, better than target,3,82,95,95,45017,Point,Point,Point,Point,Point,Point,Point,0,, worse than target,6.428571429,,0.678571429,8,8,100,Point,Point,Point,Point,95, worse than critical,40, worse than target,5,95,95,8200,14000,,,,7,7,7,,False,False,,,,13.571428571,0
?,False,4/8/2023,"April 8, 2023",2023 W14,,Maintenance,Leo Johnson,5,grey,color,,Line 5,Total,Total,,True,False,,Normal,0,100%,88%,0%,14.1%,0%,86%,61%,53%,0%,-01%,99.0%,,,,1,1, worse than target,( worse than target ),1120,,, worse than critical,7.141414141,14,-1,0,-1,0.858585859,,,,0,,0, better than target,3,85,99,99,45017,Point,Point,Point,Point,Point,Point,Point,0,, worse than target,4.285714286,,0.707142857,8,8,100,Point,Point,Point,Point,99, worse than critical,40, worse than target,1,99,99,8500,14000,,,,7,7,7,,False,False,,,,14.142857143,0
?,False,4/9/2023,"April 9, 2023",2023 W14,,Tech Issue,Ava White,6,grey,color,,Line 5,Total,Total,,True,True,,Normal,0,100%,88%,0%,9.3%,0%,91%,69%,61%,100%,+7.0%,107.0%,,,,1,1, better than target,( better than target ),800,,, worse than critical,2.345794393,10,7,0,7,0.906542056,,,,0,,0, better than target,3,97,107,107,45017,Point,Point,Point,Point,Point,Point,Point,0,, better than target,4.285714286,,0.764285714,8,8,100,Point,Point,Point,Point,107, better than target,40, better than target,7.000000000,107,107,9700,14000,,,,7,7,7,,True,True,,,,15.285714286,0
?,False,4/10/2023,"April 10, 2023",2023 W15,,Maintenance,Finn Sullivan,2,grey,color,,Line 5,Total,Total,,True,True,,Normal,0,100%,88%,0%,8.5%,0%,91%,76%,67%,100%,+17.0%,117.0%,,,,1,1, better than target,( better than target ),800,,, worse than critical,1.547008547,10,17,0,17,0.914529915,,,,0,,0, better than target,3,107,117,117,45024,Point,Point,Point,Point,Point,Point,Point,0,, better than target,11.428571429,,0.835714286,8,8,100,Point,Point,Point,Point,117, better than target,40, better than target,17,117,117,10700,14000,,,,7,7,7,,True,True,,,,16.714285714,0
?,False,4/11/2023,"April 11, 2023",2023 W15,,Other,Owen Taylor,6,grey,color,,Line 5,Total,Total,,True,False,,Challenging,0,100%,88%,100%,6.3%,0%,94%,54%,47%,0%,-20%,80.0%,,,,1,1, worse than target,( worse than target ),400,,, worse than target,3.25,5,-20,0,-20,0.9375,,,,0,,0, better than target,3,75,80,80,45024,Point,Point,Point,Point,Point,Point,Point,0,, worse than target,11.428571429,,0.571428571,8,8,100,Point,Point,Point,Point,80, worse than critical,40, worse than target,20,80,80,7500,14000,,,,7,7,7,,False,False,,,,11.428571429,0
?,False,4/12/2023,"April 12, 2023",2023 W15,,Tech Issue,Owen Taylor,6,grey,color,,Line 5,Total,Total,,True,True,,Normal,0,100%,88%,0%,6.8%,0%,93%,79%,69%,100%,+18.0%,118.0%,,,,1,1, better than target,( better than target ),640,,, worse than target,3.779661017,8,18,0,18,0.932203390,,,,0,,0, better than target,3,110,118,118,45024,Point,Point,Point,Point,Point,Point,Point,0,, better than target,13.571428571,,0.842857143,8,8,100,Point,Point,Point,Point,118, better than target,40, better than target,18,118,118,11000,14000,,,,7,7,7,,True,True,,,,16.857142857,0
?,False,4/13/2023,"April 13, 2023",2023 W15,,Other,Eli Brown,2,grey,color,,Line 5,Total,Total,,True,False,,Normal,0,100%,88%,0%,9.4%,0%,91%,55%,48%,0%,-15%,85.0%,,,,1,1, worse than target,( worse than target ),640,,, worse than critical,2.411764706,8,-15,0,-15,0.905882353,,,,0,,0, better than target,3,77,85,85,45024,Point,Point,Point,Point,Point,Point,Point,0,, worse than target,10,,0.607142857,8,8,100,Point,Point,Point,Point,85, worse than critical,40, worse than target,15,85,85,7700,14000,,,,7,7,7,,False,False,,,,12.142857143,0
?,False,4/14/2023,"April 14, 2023",2023 W15,4/14/2023,Tech Issue,Max Parker,5,grey,color,,Line 5,Total,Total,,True,False,4/14/2023,Normal,1,71%,63%,0%,9.3%,25%,91%,63%,55%,0%,-03%,97.0%,1,,1,1,1, worse than target,( worse than target ),720,12120,12120, worse than critical,2.278350515,9,-3,0,-3,0.907216495,5,19.4,2,3400,11400,2, worse than critical,18,88,97,97,45024,Point,Point,Point,Point,Point,Point,Point,0,, worse than target,2.142857143,0,0.97,6,8,100,Point,Point,Point,Point,97, worse than critical,40, worse than target,3,97,97,8800,14000,-3320,-24%,0,5,7,7,,False,False,2,2,,19.4,2
?,False,4/15/2023,"April 15, 2023",2023 W15,4/15/2023,Maintenance,Zoe Martinez,9,grey,color,4/15/2023,Line 5,Total,Total,,True,True,,Normal,1,100%,75%,0%,5.4%,13%,95%,88%,66%,100%,+12.0%,112.0%,1,1,,1,1, better than target,( better than target ),480,4680,4680, worse than target,2.357142857,6,12,0,12,0.946428571,6,18.666666667,1,2200,4200,1, worse than critical,5.5,106,112,112,45024,Point,Point,Point,Point,Point,Point,Point,1,1, better than target,23.333333333,0,0.933333333,7,8,100,Point,Point,Point,Point,112, better than target,40, better than target,12,112,112,10600,14000,5920,42%,0,6,7,6,6,True,True,0,,16.666666667,18.666666667,0
?,False,4/16/2023,"April 16, 2023",2023 W15,,Maintenance,Zoe Martinez,9,grey,color,,Line 5,Total,Total,,True,False,,Challenging,0,100%,88%,100%,6.9%,0%,93%,58%,51%,0%,-13%,87.0%,,,,1,1, worse than target,( worse than target ),480,,, worse than target,3.896551724,6,-13,0,-13,0.931034483,,,,0,,0, better than target,3,81,87,87,45024,Point,Point,Point,Point,Point,Point,Point,0,, worse than target,7.142857143,,0.621428571,8,8,100,Point,Point,Point,Point,87, worse than critical,40, worse than target,13,87,87,8100,14000,,,,7,7,7,,False,False,,,,12.428571429,0
?,False,4/17/2023,"April 17, 2023",2023 W16,,Tech Issue,Max Parker,7,grey,color,,Line 5,Total,Total,,True,False,,Normal,0,100%,88%,0%,6.1%,0%,94%,55%,48%,0%,-18%,82.0%,,,,1,1, worse than target,( worse than target ),400,,, worse than target,3.097560976,5,-18,0,-18,0.939024390,,,,0,,0, better than target,3,77,82,82,45031,Point,Point,Point,Point,Point,Point,Point,0,, worse than target,10,,0.585714286,8,8,100,Point,Point,Point,Point,82, worse than critical,40, worse than target,18,82,82,7700,14000,,,,7,7,7,,False,False,,,,11.714285714,0
?,False,4/18/2023,"April 18, 2023",2023 W16,,Material Shortage,Max Parker,9,grey,color,,Line 5,Total,Total,,True,False,,Challenging,0,100%,88%,100%,13.5%,0%,86%,59%,52%,0%,-04%,96.0%,,,,1,1, worse than target,( worse than target ),1040,,, worse than critical,6.541666667,13,-4,0,-4,0.864583333,,,,0,,0, better than target,3,83,96,96,45031,Point,Point,Point,Point,Point,Point,Point,0,, worse than target,5.714285714,,0.685714286,8,8,100,Point,Point,Point,Point,96, worse than critical,40, worse than target,4,96,96,8300,14000,,,,7,7,7,,False,False,,,,13.714285714,0
?,False,4/19/2023,"April 19, 2023",2023 W16,,Maintenance,Zoe Martinez,3,grey,color,,Line 5,Total,Total,,True,True,,Challenging,0,100%,88%,100%,13.3%,0%,87%,65%,57%,100%,+5.0%,105.0%,,,,1,1, better than target,( better than target ),1120,,, worse than critical,6.333333333,14,5,0,5,0.866666667,,,,0,,0, better than target,3,91,105,105,45031,Point,Point,Point,Point,Point,Point,Point,0,, better than target,0,,0.75,8,8,100,Point,Point,Point,Point,105, better than target,40, better than target,5,105,105,9100,14000,,,,7,7,7,,True,True,,,,15,0
?,False,4/20/2023,"April 20, 2023",2023 W16,,Tech Issue,Ivy Anderson,5,grey,color,,Line 5,Total,Total,,True,False,,Challenging,0,100%,88%,100%,15.1%,0%,85%,56%,49%,0%,-07%,93.0%,,,,1,1, worse than target,( worse than target ),1120,,, worse than critical,8.053763441,14,-7,0,-7,0.849462366,,,,0,,0, better than target,3,79,93,93,45031,Point,Point,Point,Point,Point,Point,Point,0,, worse than target,8.571428571,,0.664285714,8,8,100,Point,Point,Point,Point,93, worse than critical,40, worse than target,7.000000000,93,93,7900,14000,,,,7,7,7,,False,False,,,,13.285714286,0
?,False,4/21/2023,"April 21, 2023",2023 W16,,Tech Issue,Finn Sullivan,2,grey,color,,Line 5,Total,Total,,True,True,,Normal,0,100%,88%,0%,12.9%,0%,87%,63%,55%,100%,+1.0%,101.0%,,,,1,1, better than target,( better than target ),1040,,, worse than critical,5.871287129,13,1,0,1,0.871287129,,,,0,,0, better than target,3,88,101,101,45031,Point,Point,Point,Point,Point,Point,Point,0,, worse than target,2.142857143,,0.721428571,8,8,100,Point,Point,Point,Point,101, better than target,40, better than target,1,101,101,8800,14000,,,,7,7,7,,True,True,,,,14.428571429,0
?,False,4/22/2023,"April 22, 2023",2023 W16,,Maintenance,Luna Garcia,6,grey,color,,Line 5,Total,Total,,True,False,,Normal,0,100%,88%,0%,15.9%,0%,84%,49%,43%,0%,-18%,82.0%,,,,1,1, worse than target,( worse than target ),1040,,, worse than critical,8.853658537,13,-18,0,-18,0.841463415,,,,0,,0, better than target,3,69,82,82,45031,Point,Point,Point,Point,Point,Point,Point,0,, worse than target,15.714285714,,0.585714286,8,8,100,Point,Point,Point,Point,82, worse than critical,40, worse than target,18,82,82,6900,14000,,,,7,7,7,,False,False,,,,11.714285714,0
?,False,4/23/2023,"April 23, 2023",2023 W16,4/23/2023,Other,Max Parker,4,grey,color,,Line 5,Total,Total,,True,True,,Challenging,1,57%,50%,100%,8.0%,38%,92%,66%,58%,100%,+0.0%,100.0%,1,,,1,1, better than target,( better than target ),640,5840,5840, worse than critical,1,8,0,0,0,0.92,4,25,3,4600,5200,3, worse than critical,30.5,92,100,100,45031,Point,Point,Point,Point,Point,Point,Point,0,, better than target,0.714285714,3,1.25,5,8,100,Point,Point,Point,Point,100, better than target,40, better than target,0,100,100,9200,14000,3360,24%,0,4,7,7,,True,True,0,,,25,3
?,False,4/24/2023,"April 24, 2023",2023 W17,,Material Shortage,Max Parker,1,grey,color,,Line 5,Total,Total,,True,False,,Challenging,0,100%,88%,100%,13.7%,0%,86%,59%,51%,0%,-05%,95.0%,,,,1,1, worse than target,( worse than target ),1040,,, worse than critical,6.684210526,13,-5,0,-5,0.863157895,,,,0,,0, better than target,3,82,95,95,45038,Point,Point,Point,Point,Point,Point,Point,0,, worse than target,6.428571429,,0.678571429,8,8,100,Point,Point,Point,Point,95, worse than critical,40, worse than target,5,95,95,8200,14000,,,,7,7,7,,False,False,,,,13.571428571,0
?,False,4/25/2023,"April 25, 2023",2023 W17,,Tech Issue,Luna Garcia,9,grey,color,,Line 5,Total,Total,,True,True,,Challenging,0,100%,88%,100%,5.7%,0%,94%,71%,62%,100%,+5.0%,105.0%,,,,1,1, better than target,( better than target ),480,,, worse than target,2.714285714,6,5,0,5,0.942857143,,,,0,,0, better than target,3,99,105,105,45038,Point,Point,Point,Point,Point,Point,Point,0,, better than target,5.714285714,,0.75,8,8,100,Point,Point,Point,Point,105, better than target,40, better than target,5,105,105,9900,14000,,,,7,7,7,,True,True,,,,15,0
?,False,4/26/2023,"April 26, 2023",2023 W17,4/26/2023,Material Shortage,Leo Johnson,9,grey,color,,Line 5,Total,Total,,True,False,,Normal,1,57%,50%,0%,15.6%,38%,84%,54%,48%,0%,-10%,90.0%,1,,,1,1, worse than target,( worse than target ),1120,6320,6320, worse than critical,8.555555556,14,-10,0,-10,0.844444444,4,22.5,3,4600,5200,3, worse than critical,30.5,76,90,90,45038,Point,Point,Point,Point,Point,Point,Point,0,, worse than target,10.714285714,0,1.125,5,8,100,Point,Point,Point,Point,90, worse than critical,40, worse than target,10,90,90,7600,14000,1280,9%,3,4,7,7,,False,False,0,,,22.5,3
?,False,4/27/2023,"April 27, 2023",2023 W17,,Material Shortage,Owen Taylor,3,grey,color,,Line 5,Total,Total,,True,True,,Normal,0,100%,88%,0%,10.1%,0%,90%,70%,61%,100%,+9.0%,109.0%,,,,1,1, better than target,( better than target ),880,,, worse than critical,3.091743119,11,9,0,9,0.899082569,,,,0,,0, better than target,3,98,109,109,45038,Point,Point,Point,Point,Point,Point,Point,0,, better than target,5,,0.778571429,8,8,100,Point,Point,Point,Point,109, better than target,40, better than target,9.000000000,109,109,9800,14000,,,,7,7,7,,True,True,,,,15.571428571,0
?,False,4/28/2023,"April 28, 2023",2023 W17,4/28/2023,Maintenance,Eli Brown,3,grey,color,4/28/2023,Line 5,Total,Total,,True,False,,Challenging,1,100%,75%,100%,15.0%,13%,85%,57%,43%,0%,-20%,80.0%,1,1,,1,1, worse than target,( worse than target ),960,5160,5160, worse than critical,8,12,-20,0,-20,0.85,6,13.333333333,1,2200,4200,1, worse than critical,5.5,68,80,80,45038,Point,Point,Point,Point,Point,Point,Point,1,1, worse than target,8.333333333,0,0.666666667,7,8,100,Point,Point,Point,Point,80, worse than critical,40, worse than target,20,80,80,6800,14000,1640,12%,0,6,7,6,6,False,False,0,,16.666666667,13.333333333,0
?,False,4/29/2023,"April 29, 2023",2023 W17,,Maintenance,Mia Smith,7,grey,color,,Line 5,Total,Total,,True,True,,Normal,0,100%,88%,0%,13.1%,0%,87%,66%,58%,100%,+7.0%,107.0%,,,,1,1, better than target,( better than target ),1120,,, worse than critical,6.084112150,14,7,0,7,0.869158879,,,,0,,0, better than target,3,93,107,107,45038,Point,Point,Point,Point,Point,Point,Point,0,, better than target,1.428571429,,0.764285714,8,8,100,Point,Point,Point,Point,107, better than target,40, better than target,7.000000000,107,107,9300,14000,,,,7,7,7,,True,True,,,,15.285714286,0
?,False,4/30/2023,"April 30, 2023",2023 W17,,Maintenance,Zoe Martinez,4,grey,color,,Line 5,Total,Total,,True,False,,Normal,0,100%,88%,0%,15.6%,0%,84%,54%,48%,0%,-10%,90.0%,,,,1,1, worse than target,( worse than target ),1120,,, worse than critical,8.555555556,14,-10,0,-10,0.844444444,,,,0,,0, better than target,3,76,90,90,45038,Point,Point,Point,Point,Point,Point,Point,0,, worse than target,10.714285714,,0.642857143,8,8,100,Point,Point,Point,Point,90, worse than critical,40, worse than target,10,90,90,7600,14000,,,,7,7,7,,False,False,,,,12.857142857,0
?,False,5/1/2023,"May 1, 2023",2023 W18,,Material Shortage,Zoe Martinez,2,grey,color,,Line 5,Total,Total,,True,True,,Normal,0,100%,88%,0%,13.3%,0%,87%,65%,57%,100%,+5.0%,105.0%,,,,1,1, better than target,( better than target ),1120,,, worse than critical,6.333333333,14,5,0,5,0.866666667,,,,0,,0, better than target,3,91,105,105,45045,Point,Point,Point,Point,Point,Point,Point,0,, better than target,0,,0.75,8,8,100,Point,Point,Point,Point,105, better than target,40, better than target,5,105,105,9100,14000,,,,7,7,7,,True,True,,,,15,0
?,False,5/2/2023,"May 2, 2023",2023 W18,,Other,Owen Taylor,1,grey,color,,Line 5,Total,Total,,True,True,,Normal,0,100%,88%,0%,4.9%,0%,95%,70%,61%,100%,+3.0%,103.0%,,,,1,1, better than target,( better than target ),400,,, worse than target,1.854368932,5,3,0,3,0.951456311,,,,0,,0, better than target,3,98,103,103,45045,Point,Point,Point,Point,Point,Point,Point,0,, better than target,5.000000000,,0.735714286,8,8,100,Point,Point,Point,Point,103, better than target,40, better than target,3,103,103,9800,14000,,,,7,7,7,,True,True,,,,14.714285714,0
?,False,5/3/2023,"May 3, 2023",2023 W18,,Material Shortage,Zoe Martinez,8,grey,color,,Line 5,Total,Total,,True,True,,Challenging,0,100%,88%,100%,5.6%,0%,94%,73%,64%,100%,+8.0%,108.0%,,,,1,1, better than target,( better than target ),480,,, worse than target,2.555555556,6,8,0,8,0.944444444,,,,0,,0, better than target,3,102,108,108,45045,Point,Point,Point,Point,Point,Point,Point,0,, better than target,7.857142857,,0.771428571,8,8,100,Point,Point,Point,Point,108, better than target,40, better than target,8.000000000,108,108,10200,14000,,,,7,7,7,,True,True,,,,15.428571429,0
?,False,5/4/2023,"May 4, 2023",2023 W18,,Other,Owen Taylor,3,grey,color,,Line 5,Total,Total,,True,True,,Challenging,0,100%,88%,100%,8.4%,0%,92%,78%,68%,100%,+19.0%,119.0%,,,,1,1, better than target,( better than target ),800,,, worse than critical,1.403361345,10,19,0,19,0.915966387,,,,0,,0, better than target,3,109,119,119,45045,Point,Point,Point,Point,Point,Point,Point,0,, better than target,12.857142857,,0.85,8,8,100,Point,Point,Point,Point,119, better than target,40, better than target,19,119,119,10900,14000,,,,7,7,7,,True,True,,,,17,0
?,False,5/5/2023,"May 5, 2023",2023 W18,5/5/2023,Other,Finn Sullivan,7,grey,color,,Line 5,Total,Total,,True,True,,Challenging,1,86%,75%,100%,10.9%,13%,89%,70%,61%,100%,+10.0%,110.0%,1,,,1,1, better than target,( better than target ),960,3360,3360, worse than critical,3.909090909,12,10,0,10,0.890909091,6,18.333333333,1,2200,2400,1, worse than critical,5.5,98,110,110,45045,Point,Point,Point,Point,Point,Point,Point,0,, better than target,5.000000000,1,0.916666667,7,8,100,Point,Point,Point,Point,110, better than target,40, better than target,10,110,110,9800,14000,6440,46%,0,6,7,7,,True,True,0,,,18.333333333,1
?,False,5/6/2023,"May 6, 2023",2023 W18,5/6/2023,Maintenance,Owen Taylor,7,grey,color,5/6/2023,Line 5,Total,Total,,True,False,,Challenging,1,100%,75%,100%,11.5%,13%,89%,64%,48%,0%,-13%,87.0%,1,1,,1,1, worse than target,( worse than target ),800,5000,5000, worse than critical,4.494252874,10,-13,0,-13,0.885057471,6,14.5,1,2200,4200,1, worse than critical,5.5,77,87,87,45045,Point,Point,Point,Point,Point,Point,Point,1,1, worse than target,0.833333333,0,0.725,7,8,100,Point,Point,Point,Point,87, worse than critical,40, worse than target,13,87,87,7700,14000,2700,19%,0,6,7,6,6,False,False,0,,16.666666667,14.5,0
?,False,5/7/2023,"May 7, 2023",2023 W18,,Material Shortage,Zoe Martinez,4,grey,color,,Line 5,Total,Total,,True,True,,Normal,0,100%,88%,0%,11.8%,0%,88%,75%,66%,100%,+19.0%,119.0%,,,,1,1, better than target,( better than target ),1120,,, worse than critical,4.764705882,14,19,0,19,0.882352941,,,,0,,0, better than target,3,105,119,119,45045,Point,Point,Point,Point,Point,Point,Point,0,, better than target,10,,0.85,8,8,100,Point,Point,Point,Point,119, better than target,40, better than target,19,119,119,10500,14000,,,,7,7,7,,True,True,,,,17,0
?,False,5/8/2023,"May 8, 2023",2023 W19,,Maintenance,Owen Taylor,2,grey,color,,Line 5,Total,Total,,True,True,,Challenging,0,100%,88%,100%,6.3%,0%,94%,74%,65%,100%,+11.0%,111.0%,,,,1,1, better than target,( better than target ),560,,, worse than target,3.306306306,7,11,0,11,0.936936937,,,,0,,0, better than target,3,104,111,111,45052,Point,Point,Point,Point,Point,Point,Point,0,, better than target,9.285714286,,0.792857143,8,8,100,Point,Point,Point,Point,111, better than target,40, better than target,11,111,111,10400,14000,,,,7,7,7,,True,True,,,,15.857142857,0
?,False,5/9/2023,"May 9, 2023",2023 W19,5/9/2023,Other,Ivy Anderson,4,grey,color,,Line 5,Total,Total,,True,False,,Normal,1,71%,63%,0%,12.3%,25%,88%,51%,44%,0%,-19%,81.0%,1,,,1,1, worse than target,( worse than target ),800,4600,4600, worse than critical,5.345679012,10,-19,0,-19,0.876543210,5,16.2,2,3400,3800,2, worse than critical,18,71,81,81,45052,Point,Point,Point,Point,Point,Point,Point,0,, worse than target,14.285714286,2,0.81,6,8,100,Point,Point,Point,Point,81, worse than critical,40, worse than target,19,81,81,7100,14000,2500,18%,0,5,7,7,,False,False,0,,,16.2,2
?,False,5/10/2023,"May 10, 2023",2023 W19,,Maintenance,Finn Sullivan,4,grey,color,,Line 5,Total,Total,,True,True,,Normal,0,100%,88%,0%,10.0%,0%,90%,64%,56%,100%,+0.0%,100.0%,,,,1,1, better than target,( better than target ),800,,, worse than critical,3,10,0,0,0,0.9,,,,0,,0, better than target,3,90,100,100,45052,Point,Point,Point,Point,Point,Point,Point,0,, worse than target,0.714285714,,0.714285714,8,8,100,Point,Point,Point,Point,100, better than target,40, better than target,0,100,100,9000,14000,,,,7,7,7,,True,True,,,,14.285714286,0
?,False,5/11/2023,"May 11, 2023",2023 W19,,Tech Issue,Eli Brown,8,grey,color,,Line 5,Total,Total,,True,True,,Normal,0,100%,88%,0%,9.3%,0%,91%,76%,67%,100%,+18.0%,118.0%,,,,1,1, better than target,( better than target ),880,,, worse than critical,2.322033898,11,18,0,18,0.906779661,,,,0,,0, better than target,3,107,118,118,45052,Point,Point,Point,Point,Point,Point,Point,0,, better than target,11.428571429,,0.842857143,8,8,100,Point,Point,Point,Point,118, better than target,40, better than target,18,118,118,10700,14000,,,,7,7,7,,True,True,,,,16.857142857,0
?,False,5/12/2023,"May 12, 2023",2023 W19,,Material Shortage,Finn Sullivan,5,grey,color,,Line 5,Total,Total,,True,False,,Challenging,0,100%,88%,100%,6.5%,0%,93%,61%,54%,0%,-08%,92.0%,,,,1,1, worse than target,( worse than target ),480,,, worse than target,3.521739130,6,-8,0,-8,0.934782609,,,,0,,0, better than target,3,86,92,92,45052,Point,Point,Point,Point,Point,Point,Point,0,, worse than target,3.571428571,,0.657142857,8,8,100,Point,Point,Point,Point,92, worse than critical,40, worse than target,8,92,92,8600,14000,,,,7,7,7,,False,False,,,,13.142857143,0
?,False,5/13/2023,"May 13, 2023",2023 W19,,Maintenance,Luna Garcia,6,grey,color,,Line 5,Total,Total,,True,False,,Challenging,0,100%,88%,100%,5.1%,0%,95%,66%,58%,0%,-02%,98.0%,,,,1,1, worse than target,( worse than target ),400,,, worse than target,2.102040816,5,-2,0,-2,0.948979592,,,,0,,0, better than target,3,93,98,98,45052,Point,Point,Point,Point,Point,Point,Point,0,, better than target,1.428571429,,0.7,8,8,100,Point,Point,Point,Point,98, worse than critical,40, worse than target,2,98,98,9300,14000,,,,7,7,7,,False,False,,,,14,0
?,False,5/14/2023,"May 14, 2023",2023 W19,5/14/2023,Tech Issue,Mia Smith,5,grey,color,,Line 5,Total,Total,,True,False,5/14/2023,Challenging,1,86%,75%,100%,9.5%,13%,91%,61%,54%,0%,-05%,95.0%,1,,1,1,1, worse than target,( worse than target ),720,6920,6920, worse than critical,2.473684211,9,-5,0,-5,0.905263158,6,15.833333333,1,2200,6200,1, worse than critical,5.5,86,95,95,45052,Point,Point,Point,Point,Point,Point,Point,0,, worse than target,3.571428571,0,0.791666667,7,8,100,Point,Point,Point,Point,95, worse than critical,40, worse than target,5,95,95,8600,14000,1680,12%,0,6,7,7,,False,False,1,1,,15.833333333,1
?,False,5/15/2023,"May 15, 2023",2023 W20,,Other,Eli Brown,5,grey,color,,Line 5,Total,Total,,True,False,,Challenging,0,100%,88%,100%,16.9%,0%,83%,49%,43%,0%,-17%,83.0%,,,,1,1, worse than target,( worse than target ),1120,,, worse than critical,9.867469880,14,-17,0,-17,0.831325301,,,,0,,0, better than target,3,69,83,83,45059,Point,Point,Point,Point,Point,Point,Point,0,, worse than target,15.714285714,,0.592857143,8,8,100,Point,Point,Point,Point,83, worse than critical,40, worse than target,17,83,83,6900,14000,,,,7,7,7,,False,False,,,,11.857142857,0
?,False,5/16/2023,"May 16, 2023",2023 W20,,Tech Issue,Finn Sullivan,9,grey,color,,Line 5,Total,Total,,True,False,,Normal,0,100%,88%,0%,12.1%,0%,88%,62%,54%,0%,-01%,99.0%,,,,1,1, worse than target,( worse than target ),960,,, worse than critical,5.121212121,12,-1,0,-1,0.878787879,,,,0,,0, better than target,3,87,99,99,45059,Point,Point,Point,Point,Point,Point,Point,0,, worse than target,2.857142857,,0.707142857,8,8,100,Point,Point,Point,Point,99, worse than critical,40, worse than target,1,99,99,8700,14000,,,,7,7,7,,False,False,,,,14.142857143,0
?,False,5/17/2023,"May 17, 2023",2023 W20,,Tech Issue,Ivy Anderson,1,grey,color,,Line 5,Total,Total,,True,True,,Normal,0,100%,88%,0%,10.7%,0%,89%,66%,58%,100%,+3.0%,103.0%,,,,1,1, better than target,( better than target ),880,,, worse than critical,3.679611650,11,3,0,3,0.893203883,,,,0,,0, better than target,3,92,103,103,45059,Point,Point,Point,Point,Point,Point,Point,0,, better than target,0.714285714,,0.735714286,8,8,100,Point,Point,Point,Point,103, better than target,40, better than target,3,103,103,9200,14000,,,,7,7,7,,True,True,,,,14.714285714,0
?,False,5/18/2023,"May 18, 2023",2023 W20,,Tech Issue,Ivy Anderson,1,grey,color,,Line 5,Total,Total,,True,True,,Normal,0,100%,88%,0%,10.6%,0%,89%,72%,63%,100%,+13.0%,113.0%,,,,1,1, better than target,( better than target ),960,,, worse than critical,3.619469027,12,13,0,13,0.893805310,,,,0,,0, better than target,3,101,113,113,45059,Point,Point,Point,Point,Point,Point,Point,0,, better than target,7.142857143,,0.807142857,8,8,100,Point,Point,Point,Point,113, better than target,40, better than target,13,113,113,10100,14000,,,,7,7,7,,True,True,,,,16.142857143,0
?,False,5/19/2023,"May 19, 2023",2023 W20,5/19/2023,Maintenance,Zoe Martinez,1,grey,color,5/19/2023,Line 5,Total,Total,,True,False,,Normal,1,100%,75%,0%,6.5%,13%,94%,73%,54%,0%,-07%,93.0%,1,1,,1,1, worse than target,( worse than target ),480,4680,4680, worse than target,3.451612903,6,-7,0,-7,0.935483871,6,15.5,1,2200,4200,1, worse than critical,5.5,87,93,93,45059,Point,Point,Point,Point,Point,Point,Point,1,1, better than target,7.5,0,0.775,7,8,100,Point,Point,Point,Point,93, worse than critical,40, worse than target,7.000000000,93,93,8700,14000,4020,29%,0,6,7,6,6,False,False,0,,16.666666667,15.5,0
?,False,5/20/2023,"May 20, 2023",2023 W20,,Tech Issue,Ava White,2,grey,color,,Line 5,Total,Total,,True,False,,Normal,0,100%,88%,0%,11.0%,0%,89%,58%,51%,0%,-09%,91.0%,,,,1,1, worse than target,( worse than target ),800,,, worse than critical,3.989010989,10,-9,0,-9,0.890109890,,,,0,,0, better than target,3,81,91,91,45059,Point,Point,Point,Point,Point,Point,Point,0,, worse than target,7.142857143,,0.65,8,8,100,Point,Point,Point,Point,91, worse than critical,40, worse than target,9,91,91,8100,14000,,,,7,7,7,,False,False,,,,13,0
?,False,5/21/2023,"May 21, 2023",2023 W20,,Material Shortage,Luna Garcia,1,grey,color,,Line 5,Total,Total,,True,True,,Challenging,0,100%,88%,100%,7.1%,0%,93%,75%,66%,100%,+13.0%,113.0%,,,,1,1, better than target,( better than target ),640,,, worse than critical,0.079646018,8,13,0,13,0.929203540,,,,0,,0, better than target,3,105,113,113,45059,Point,Point,Point,Point,Point,Point,Point,0,, better than target,10,,0.807142857,8,8,100,Point,Point,Point,Point,113, better than target,40, better than target,13,113,113,10500,14000,,,,7,7,7,,True,True,,,,16.142857143,0
?,False,5/22/2023,"May 22, 2023",2023 W21,,Material Shortage,Finn Sullivan,2,grey,color,,Line 5,Total,Total,,True,False,,Normal,0,100%,88%,0%,9.2%,0%,91%,64%,56%,0%,-02%,98.0%,,,,1,1, worse than target,( worse than target ),720,,, worse than critical,2.183673469,9,-2,0,-2,0.908163265,,,,0,,0, better than target,3,89,98,98,45066,Point,Point,Point,Point,Point,Point,Point,0,, worse than target,1.428571429,,0.7,8,8,100,Point,Point,Point,Point,98, worse than critical,40, worse than target,2,98,98,8900,14000,,,,7,7,7,,False,False,,,,14,0
?,False,5/23/2023,"May 23, 2023",2023 W21,,Tech Issue,Finn Sullivan,7,grey,color,,Line 5,Total,Total,,True,True,,Normal,0,100%,88%,0%,6.1%,0%,94%,77%,68%,100%,+15.0%,115.0%,,,,1,1, better than target,( better than target ),560,,, worse than target,3.086956522,7,15,0,15,0.939130435,,,,0,,0, better than target,3,108,115,115,45066,Point,Point,Point,Point,Point,Point,Point,0,, better than target,12.142857143,,0.821428571,8,8,100,Point,Point,Point,Point,115, better than target,40, better than target,15,115,115,10800,14000,,,,7,7,7,,True,True,,,,16.428571429,0
?,False,5/24/2023,"May 24, 2023",2023 W21,5/24/2023,Maintenance,Max Parker,3,grey,color,5/24/2023,Line 5,Total,Total,,True,True,,Normal,1,100%,63%,0%,7.5%,25%,93%,99%,62%,100%,+7.0%,107.0%,1,1,,1,1, better than target,( better than target ),640,8040,8040, worse than critical,0.476635514,8,7,0,7,0.925233645,5,21.4,2,3400,7400,2, worse than critical,18,99,107,107,45066,Point,Point,Point,Point,Point,Point,Point,2,2, better than target,34,0,1.07,6,8,100,Point,Point,Point,Point,107, better than target,40, better than target,7.000000000,107,107,9900,14000,1860,13%,0,5,7,5,5,True,True,0,,20,21.4,0
?,False,5/25/2023,"May 25, 2023",2023 W21,,Other,Eli Brown,8,grey,color,,Line 5,Total,Total,,True,False,,Normal,0,100%,88%,0%,15.9%,0%,84%,49%,43%,0%,-18%,82.0%,,,,1,1, worse than target,( worse than target ),1040,,, worse than critical,8.853658537,13,-18,0,-18,0.841463415,,,,0,,0, better than target,3,69,82,82,45066,Point,Point,Point,Point,Point,Point,Point,0,, worse than target,15.714285714,,0.585714286,8,8,100,Point,Point,Point,Point,82, worse than critical,40, worse than target,18,82,82,6900,14000,,,,7,7,7,,False,False,,,,11.714285714,0
?,False,5/26/2023,"May 26, 2023",2023 W21,,Material Shortage,Eli Brown,6,grey,color,,Line 5,Total,Total,,True,True,,Normal,0,100%,88%,0%,12.0%,0%,88%,68%,59%,100%,+8.0%,108.0%,,,,1,1, better than target,( better than target ),1040,,, worse than critical,5.037037037,13,8,0,8,0.879629630,,,,0,,0, better than target,3,95,108,108,45066,Point,Point,Point,Point,Point,Point,Point,0,, better than target,2.857142857,,0.771428571,8,8,100,Point,Point,Point,Point,108, better than target,40, better than target,8.000000000,108,108,9500,14000,,,,7,7,7,,True,True,,,,15.428571429,0
?,False,5/27/2023,"May 27, 2023",2023 W21,5/27/2023,Maintenance,Finn Sullivan,5,grey,color,5/27/2023,Line 5,Total,Total,,True,False,,Challenging,1,100%,50%,100%,7.4%,38%,93%,110%,55%,0%,-05%,95.0%,1,1,,1,1, worse than target,( worse than target ),560,11160,11160, worse than critical,0.368421053,7,-5,0,-5,0.926315789,4,23.75,3,4600,10600,3, worse than critical,30.5,88,95,95,45066,Point,Point,Point,Point,Point,Point,Point,3,3, better than target,45,0,1.1875,5,8,100,Point,Point,Point,Point,95, worse than critical,40, worse than target,5,95,95,8800,14000,-2360,-17%,0,4,7,4,4,False,False,0,,25,23.75,0
?,False,5/28/2023,"May 28, 2023",2023 W21,,Tech Issue,Ivy Anderson,2,grey,color,,Line 5,Total,Total,,True,True,,Normal,0,100%,88%,0%,10.3%,0%,90%,75%,66%,100%,+17.0%,117.0%,,,,1,1, better than target,( better than target ),960,,, worse than critical,3.256410256,12,17,0,17,0.897435897,,,,0,,0, better than target,3,105,117,117,45066,Point,Point,Point,Point,Point,Point,Point,0,, better than target,10,,0.835714286,8,8,100,Point,Point,Point,Point,117, better than target,40, better than target,17,117,117,10500,14000,,,,7,7,7,,True,True,,,,16.714285714,0
?,False,5/29/2023,"May 29, 2023",2023 W22,,Tech Issue,Max Parker,3,grey,color,,Line 5,Total,Total,,True,False,,Challenging,0,100%,88%,100%,8.6%,0%,91%,61%,53%,0%,-07%,93.0%,,,,1,1, worse than target,( worse than target ),640,,, worse than critical,1.602150538,8,-7,0,-7,0.913978495,,,,0,,0, better than target,3,85,93,93,45073,Point,Point,Point,Point,Point,Point,Point,0,, worse than target,4.285714286,,0.664285714,8,8,100,Point,Point,Point,Point,93, worse than critical,40, worse than target,7.000000000,93,93,8500,14000,,,,7,7,7,,False,False,,,,13.285714286,0
?,False,5/30/2023,"May 30, 2023",2023 W22,,Tech Issue,Ivy Anderson,9,grey,color,,Line 5,Total,Total,,True,False,,Challenging,0,100%,88%,100%,7.9%,0%,92%,59%,51%,0%,-11%,89.0%,,,,1,1, worse than target,( worse than target ),560,,, worse than critical,0.865168539,7,-11,0,-11,0.921348315,,,,0,,0, better than target,3,82,89,89,45073,Point,Point,Point,Point,Point,Point,Point,0,, worse than target,6.428571429,,0.635714286,8,8,100,Point,Point,Point,Point,89, worse than critical,40, worse than target,11,89,89,8200,14000,,,,7,7,7,,False,False,,,,12.714285714,0
?,False,5/31/2023,"May 31, 2023",2023 W22,,Tech Issue,Ivy Anderson,8,grey,color,,Line 5,Total,Total,,True,True,,Challenging,0,100%,88%,100%,8.5%,0%,92%,69%,61%,100%,+6.0%,106.0%,,,,1,1, better than target,( better than target ),720,,, worse than critical,1.490566038,9,6,0,6,0.915094340,,,,0,,0, better than target,3,97,106,106,45073,Point,Point,Point,Point,Point,Point,Point,0,, better than target,4.285714286,,0.757142857,8,8,100,Point,Point,Point,Point,106, better than target,40, better than target,6.000000000,106,106,9700,14000,,,,7,7,7,,True,True,,,,15.142857143,0
?,False,6/1/2023,"June 1, 2023",2023 W22,,Tech Issue,Finn Sullivan,1,grey,color,,Line 5,Total,Total,,True,False,,Challenging,0,100%,88%,100%,13.8%,0%,86%,49%,43%,0%,-20%,80.0%,,,,1,1, worse than target,( worse than target ),880,,, worse than critical,6.75,11,-20,0,-20,0.8625,,,,0,,0, better than target,3,69,80,80,45073,Point,Point,Point,Point,Point,Point,Point,0,, worse than target,15.714285714,,0.571428571,8,8,100,Point,Point,Point,Point,80, worse than critical,40, worse than target,20,80,80,6900,14000,,,,7,7,7,,False,False,,,,11.428571429,0
?,False,6/2/2023,"June 2, 2023",2023 W22,6/2/2023,Maintenance,Finn Sullivan,2,grey,color,6/2/2023,Line 5,Total,Total,,True,True,,Normal,1,100%,75%,0%,7.8%,13%,92%,78%,59%,100%,+2.0%,102.0%,1,1,,1,1, better than target,( better than target ),640,4840,4840, worse than critical,0.843137255,8,2,0,2,0.921568627,6,17,1,2200,4200,1, worse than critical,5.5,94,102,102,45073,Point,Point,Point,Point,Point,Point,Point,1,1, better than target,13.333333333,0,0.85,7,8,100,Point,Point,Point,Point,102, better than target,40, better than target,2,102,102,9400,14000,4560,33%,0,6,7,6,6,True,True,0,,16.666666667,17,0
?,False,6/3/2023,"June 3, 2023",2023 W22,,Tech Issue,Ava White,8,grey,color,,Line 5,Total,Total,,True,True,,Normal,0,100%,88%,0%,8.0%,0%,92%,66%,58%,100%,+0.0%,100.0%,,,,1,1, better than target,( better than target ),640,,, worse than critical,1,8,0,0,0,0.92,,,,0,,0, better than target,3,92,100,100,45073,Point,Point,Point,Point,Point,Point,Point,0,, better than target,0.714285714,,0.714285714,8,8,100,Point,Point,Point,Point,100, better than target,40, better than target,0,100,100,9200,14000,,,,7,7,7,,True,True,,,,14.285714286,0
?,False,6/4/2023,"June 4, 2023",2023 W22,,Maintenance,Mia Smith,9,grey,color,,Line 5,Total,Total,,True,True,,Challenging,0,100%,88%,100%,5.9%,0%,94%,79%,69%,100%,+18.0%,118.0%,,,,1,1, better than target,( better than target ),560,,, worse than target,2.932203390,7,18,0,18,0.940677966,,,,0,,0, better than target,3,111,118,118,45073,Point,Point,Point,Point,Point,Point,Point,0,, better than target,14.285714286,,0.842857143,8,8,100,Point,Point,Point,Point,118, better than target,40, better than target,18,118,118,11100,14000,,,,7,7,7,,True,True,,,,16.857142857,0
?,False,6/5/2023,"June 5, 2023",2023 W23,,Other,Eli Brown,4,grey,color,,Line 5,Total,Total,,True,True,,Normal,0,100%,88%,0%,12.4%,0%,88%,66%,58%,100%,+5.0%,105.0%,,,,1,1, better than target,( better than target ),1040,,, worse than critical,5.380952381,13,5,0,5,0.876190476,,,,0,,0, better than target,3,92,105,105,45080,Point,Point,Point,Point,Point,Point,Point,0,, better than target,0.714285714,,0.75,8,8,100,Point,Point,Point,Point,105, better than target,40, better than target,5,105,105,9200,14000,,,,7,7,7,,True,True,,,,15,0
?,False,6/6/2023,"June 6, 2023",2023 W23,,Tech Issue,Owen Taylor,7,grey,color,,Line 5,Total,Total,,True,True,,Normal,0,100%,88%,0%,7.6%,0%,92%,69%,61%,100%,+5.0%,105.0%,,,,1,1, better than target,( better than target ),640,,, worse than critical,0.619047619,8,5,0,5,0.923809524,,,,0,,0, better than target,3,97,105,105,45080,Point,Point,Point,Point,Point,Point,Point,0,, better than target,4.285714286,,0.75,8,8,100,Point,Point,Point,Point,105, better than target,40, better than target,5,105,105,9700,14000,,,,7,7,7,,True,True,,,,15,0
?,False,6/7/2023,"June 7, 2023",2023 W23,,Maintenance,Finn Sullivan,9,grey,color,,Line 5,Total,Total,,True,False,,Challenging,0,100%,88%,100%,13.5%,0%,87%,55%,48%,0%,-11%,89.0%,,,,1,1, worse than target,( worse than target ),960,,, worse than critical,6.483146067,12,-11,0,-11,0.865168539,,,,0,,0, better than target,3,77,89,89,45080,Point,Point,Point,Point,Point,Point,Point,0,, worse than target,10,,0.635714286,8,8,100,Point,Point,Point,Point,89, worse than critical,40, worse than target,11,89,89,7700,14000,,,,7,7,7,,False,False,,,,12.714285714,0
?,False,6/8/2023,"June 8, 2023",2023 W23,,Material Shortage,Eli Brown,8,grey,color,,Line 5,Total,Total,,True,True,,Normal,0,100%,88%,0%,4.3%,0%,96%,79%,69%,100%,+16.0%,116.0%,,,,1,1, better than target,( better than target ),400,,, worse than target,1.310344828,5,16,0,16,0.956896552,,,,0,,0, better than target,3,111,116,116,45080,Point,Point,Point,Point,Point,Point,Point,0,, better than target,14.285714286,,0.828571429,8,8,100,Point,Point,Point,Point,116, better than target,40, better than target,16,116,116,11100,14000,,,,7,7,7,,True,True,,,,16.571428571,0
?,False,6/9/2023,"June 9, 2023",2023 W23,,Maintenance,Finn Sullivan,1,grey,color,,Line 5,Total,Total,,True,True,,Normal,0,100%,88%,0%,5.1%,0%,95%,80%,70%,100%,+18.0%,118.0%,,,,1,1, better than target,( better than target ),480,,, worse than target,2.084745763,6,18,0,18,0.949152542,,,,0,,0, better than target,3,112,118,118,45080,Point,Point,Point,Point,Point,Point,Point,0,, better than target,15,,0.842857143,8,8,100,Point,Point,Point,Point,118, better than target,40, better than target,18,118,118,11200,14000,,,,7,7,7,,True,True,,,,16.857142857,0
?,False,6/10/2023,"June 10, 2023",2023 W23,,Tech Issue,Luna Garcia,8,grey,color,,Line 5,Total,Total,,True,True,,Normal,0,100%,88%,0%,12.1%,0%,88%,73%,64%,100%,+16.0%,116.0%,,,,1,1, better than target,( better than target ),1120,,, worse than critical,5.068965517,14,16,0,16,0.879310345,,,,0,,0, better than target,3,102,116,116,45080,Point,Point,Point,Point,Point,Point,Point,0,, better than target,7.857142857,,0.828571429,8,8,100,Point,Point,Point,Point,116, better than target,40, better than target,16,116,116,10200,14000,,,,7,7,7,,True,True,,,,16.571428571,0
?,False,6/11/2023,"June 11, 2023",2023 W23,,Tech Issue,Luna Garcia,9,grey,color,,Line 5,Total,Total,,True,False,,Normal,0,100%,88%,0%,14.1%,0%,86%,56%,49%,0%,-08%,92.0%,,,,1,1, worse than target,( worse than target ),1040,,, worse than critical,7.130434783,13,-8,0,-8,0.858695652,,,,0,,0, better than target,3,79,92,92,45080,Point,Point,Point,Point,Point,Point,Point,0,, worse than target,8.571428571,,0.657142857,8,8,100,Point,Point,Point,Point,92, worse than critical,40, worse than target,8,92,92,7900,14000,,,,7,7,7,,False,False,,,,13.142857143,0
?,False,6/12/2023,"June 12, 2023",2023 W24,,Material Shortage,Finn Sullivan,9,grey,color,,Line 5,Total,Total,,True,False,,Normal,0,100%,88%,0%,13.0%,0%,87%,57%,50%,0%,-08%,92.0%,,,,1,1, worse than target,( worse than target ),960,,, worse than critical,6.043478261,12,-8,0,-8,0.869565217,,,,0,,0, better than target,3,80,92,92,45087,Point,Point,Point,Point,Point,Point,Point,0,, worse than target,7.857142857,,0.657142857,8,8,100,Point,Point,Point,Point,92, worse than critical,40, worse than target,8,92,92,8000,14000,,,,7,7,7,,False,False,,,,13.142857143,0
?,False,6/13/2023,"June 13, 2023",2023 W24,,Material Shortage,Ava White,2,grey,color,,Line 5,Total,Total,,True,False,,Challenging,0,100%,88%,100%,7.9%,0%,92%,59%,51%,0%,-11%,89.0%,,,,1,1, worse than target,( worse than target ),560,,, worse than critical,0.865168539,7,-11,0,-11,0.921348315,,,,0,,0, better than target,3,82,89,89,45087,Point,Point,Point,Point,Point,Point,Point,0,, worse than target,6.428571429,,0.635714286,8,8,100,Point,Point,Point,Point,89, worse than critical,40, worse than target,11,89,89,8200,14000,,,,7,7,7,,False,False,,,,12.714285714,0
?,False,6/14/2023,"June 14, 2023",2023 W24,,Other,Leo Johnson,3,grey,color,,Line 5,Total,Total,,True,True,,Normal,0,100%,88%,0%,11.7%,0%,88%,65%,57%,100%,+3.0%,103.0%,,,,1,1, better than target,( better than target ),960,,, worse than critical,4.650485437,12,3,0,3,0.883495146,,,,0,,0, better than target,3,91,103,103,45087,Point,Point,Point,Point,Point,Point,Point,0,, better than target,0,,0.735714286,8,8,100,Point,Point,Point,Point,103, better than target,40, better than target,3,103,103,9100,14000,,,,7,7,7,,True,True,,,,14.714285714,0
?,False,6/15/2023,"June 15, 2023",2023 W24,,Material Shortage,Max Parker,9,grey,color,,Line 5,Total,Total,,True,True,,Challenging,0,100%,88%,100%,6.0%,0%,94%,79%,69%,100%,+17.0%,117.0%,,,,1,1, better than target,( better than target ),560,,, worse than target,2.982905983,7,17,0,17,0.940170940,,,,0,,0, better than target,3,110,117,117,45087,Point,Point,Point,Point,Point,Point,Point,0,, better than target,13.571428571,,0.835714286,8,8,100,Point,Point,Point,Point,117, better than target,40, better than target,17,117,117,11000,14000,,,,7,7,7,,True,True,,,,16.714285714,0
?,False,6/16/2023,"June 16, 2023",2023 W24,,Material Shortage,Finn Sullivan,6,grey,color,,Line 5,Total,Total,,True,False,,Challenging,0,100%,88%,100%,11.5%,0%,89%,55%,48%,0%,-13%,87.0%,,,,1,1, worse than target,( worse than target ),800,,, worse than critical,4.494252874,10,-13,0,-13,0.885057471,,,,0,,0, better than target,3,77,87,87,45087,Point,Point,Point,Point,Point,Point,Point,0,, worse than target,10,,0.621428571,8,8,100,Point,Point,Point,Point,87, worse than critical,40, worse than target,13,87,87,7700,14000,,,,7,7,7,,False,False,,,,12.428571429,0
?,False,6/17/2023,"June 17, 2023",2023 W24,,Other,Mia Smith,7,grey,color,,Line 5,Total,Total,,True,False,,Challenging,0,100%,88%,100%,14.7%,0%,85%,58%,51%,0%,-05%,95.0%,,,,1,1, worse than target,( worse than target ),1120,,, worse than critical,7.736842105,14,-5,0,-5,0.852631579,,,,0,,0, better than target,3,81,95,95,45087,Point,Point,Point,Point,Point,Point,Point,0,, worse than target,7.142857143,,0.678571429,8,8,100,Point,Point,Point,Point,95, worse than critical,40, worse than target,5,95,95,8100,14000,,,,7,7,7,,False,False,,,,13.571428571,0
?,False,6/18/2023,"June 18, 2023",2023 W24,,Material Shortage,Ava White,6,grey,color,,Line 5,Total,Total,,True,True,,Normal,0,100%,88%,0%,13.6%,0%,86%,64%,56%,100%,+3.0%,103.0%,,,,1,1, better than target,( better than target ),1120,,, worse than critical,6.592233010,14,3,0,3,0.864077670,,,,0,,0, better than target,3,89,103,103,45087,Point,Point,Point,Point,Point,Point,Point,0,, worse than target,1.428571429,,0.735714286,8,8,100,Point,Point,Point,Point,103, better than target,40, better than target,3,103,103,8900,14000,,,,7,7,7,,True,True,,,,14.714285714,0
?,False,6/19/2023,"June 19, 2023",2023 W25,,Material Shortage,Mia Smith,6,grey,color,,Line 5,Total,Total,,True,True,,Normal,0,100%,88%,0%,9.3%,0%,91%,76%,67%,100%,+18.0%,118.0%,,,,1,1, better than target,( better than target ),880,,, worse than critical,2.322033898,11,18,0,18,0.906779661,,,,0,,0, better than target,3,107,118,118,45094,Point,Point,Point,Point,Point,Point,Point,0,, better than target,11.428571429,,0.842857143,8,8,100,Point,Point,Point,Point,118, better than target,40, better than target,18,118,118,10700,14000,,,,7,7,7,,True,True,,,,16.857142857,0
?,False,6/20/2023,"June 20, 2023",2023 W25,,Tech Issue,Max Parker,7,grey,color,,Line 5,Total,Total,,True,True,,Normal,0,100%,88%,0%,11.7%,0%,88%,70%,61%,100%,+11.0%,111.0%,,,,1,1, better than target,( better than target ),1040,,, worse than critical,4.711711712,13,11,0,11,0.882882883,,,,0,,0, better than target,3,98,111,111,45094,Point,Point,Point,Point,Point,Point,Point,0,, better than target,5,,0.792857143,8,8,100,Point,Point,Point,Point,111, better than target,40, better than target,11,111,111,9800,14000,,,,7,7,7,,True,True,,,,15.857142857,0
?,False,6/21/2023,"June 21, 2023",2023 W25,,Other,Max Parker,4,grey,color,,Line 5,Total,Total,,True,True,,Normal,0,100%,88%,0%,5.0%,0%,95%,81%,71%,100%,+19.0%,119.0%,,,,1,1, better than target,( better than target ),480,,, worse than target,2.042016807,6,19,0,19,0.949579832,,,,0,,0, better than target,3,113,119,119,45094,Point,Point,Point,Point,Point,Point,Point,0,, better than target,15.714285714,,0.85,8,8,100,Point,Point,Point,Point,119, better than target,40, better than target,19,119,119,11300,14000,,,,7,7,7,,True,True,,,,17,0
?,False,6/22/2023,"June 22, 2023",2023 W25,,Tech Issue,Eli Brown,9,grey,color,,Line 5,Total,Total,,True,False,,Normal,0,100%,88%,0%,16.3%,0%,84%,51%,45%,0%,-14%,86.0%,,,,1,1, worse than target,( worse than target ),1120,,, worse than critical,9.279069767,14,-14,0,-14,0.837209302,,,,0,,0, better than target,3,72,86,86,45094,Point,Point,Point,Point,Point,Point,Point,0,, worse than target,13.571428571,,0.614285714,8,8,100,Point,Point,Point,Point,86, worse than critical,40, worse than target,14,86,86,7200,14000,,,,7,7,7,,False,False,,,,12.285714286,0
?,False,6/23/2023,"June 23, 2023",2023 W25,,Tech Issue,Owen Taylor,3,grey,color,,Line 5,Total,Total,,True,True,,Challenging,0,100%,88%,100%,6.7%,0%,93%,79%,69%,100%,+19.0%,119.0%,,,,1,1, better than target,( better than target ),640,,, worse than target,3.722689076,8,19,0,19,0.932773109,,,,0,,0, better than target,3,111,119,119,45094,Point,Point,Point,Point,Point,Point,Point,0,, better than target,14.285714286,,0.85,8,8,100,Point,Point,Point,Point,119, better than target,40, better than target,19,119,119,11100,14000,,,,7,7,7,,True,True,,,,17,0
?,False,6/24/2023,"June 24, 2023",2023 W25,,Maintenance,Mia Smith,9,grey,color,,Line 5,Total,Total,,True,True,,Challenging,0,100%,88%,100%,13.2%,0%,87%,66%,58%,100%,+6.0%,106.0%,,,,1,1, better than target,( better than target ),1120,,, worse than critical,6.207547170,14,6,0,6,0.867924528,,,,0,,0, better than target,3,92,106,106,45094,Point,Point,Point,Point,Point,Point,Point,0,, better than target,0.714285714,,0.757142857,8,8,100,Point,Point,Point,Point,106, better than target,40, better than target,6.000000000,106,106,9200,14000,,,,7,7,7,,True,True,,,,15.142857143,0
?,False,6/25/2023,"June 25, 2023",2023 W25,,Other,Zoe Martinez,4,grey,color,,Line 5,Total,Total,,True,False,,Normal,0,100%,88%,0%,12.8%,0%,87%,54%,47%,0%,-14%,86.0%,,,,1,1, worse than target,( worse than target ),880,,, worse than critical,5.790697674,11,-14,0,-14,0.872093023,,,,0,,0, better than target,3,75,86,86,45094,Point,Point,Point,Point,Point,Point,Point,0,, worse than target,11.428571429,,0.614285714,8,8,100,Point,Point,Point,Point,86, worse than critical,40, worse than target,14,86,86,7500,14000,,,,7,7,7,,False,False,,,,12.285714286,0
?,False,6/26/2023,"June 26, 2023",2023 W26,,Material Shortage,Leo Johnson,4,grey,color,,Line 5,Total,Total,,True,False,,Normal,0,100%,88%,0%,16.9%,0%,83%,49%,43%,0%,-17%,83.0%,,,,1,1, worse than target,( worse than target ),1120,,, worse than critical,9.867469880,14,-17,0,-17,0.831325301,,,,0,,0, better than target,3,69,83,83,45101,Point,Point,Point,Point,Point,Point,Point,0,, worse than target,15.714285714,,0.592857143,8,8,100,Point,Point,Point,Point,83, worse than critical,40, worse than target,17,83,83,6900,14000,,,,7,7,7,,False,False,,,,11.857142857,0
?,False,6/27/2023,"June 27, 2023",2023 W26,,Other,Eli Brown,4,grey,color,,Line 5,Total,Total,,True,True,,Challenging,0,100%,88%,100%,11.4%,0%,89%,72%,63%,100%,+14.0%,114.0%,,,,1,1, better than target,( better than target ),1040,,, worse than critical,4.403508772,13,14,0,14,0.885964912,,,,0,,0, better than target,3,101,114,114,45101,Point,Point,Point,Point,Point,Point,Point,0,, better than target,7.142857143,,0.814285714,8,8,100,Point,Point,Point,Point,114, better than target,40, better than target,14,114,114,10100,14000,,,,7,7,7,,True,True,,,,16.285714286,0
?,False,6/28/2023,"June 28, 2023",2023 W26,,Tech Issue,Owen Taylor,9,grey,color,,Line 5,Total,Total,,True,False,,Challenging,0,100%,88%,100%,10.2%,0%,90%,63%,55%,0%,-02%,98.0%,,,,1,1, worse than target,( worse than target ),800,,, worse than critical,3.204081633,10,-2,0,-2,0.897959184,,,,0,,0, better than target,3,88,98,98,45101,Point,Point,Point,Point,Point,Point,Point,0,, worse than target,2.142857143,,0.7,8,8,100,Point,Point,Point,Point,98, worse than critical,40, worse than target,2,98,98,8800,14000,,,,7,7,7,,False,False,,,,14,0
?,False,6/29/2023,"June 29, 2023",2023 W26,,Other,Mia Smith,5,grey,color,,Line 5,Total,Total,,True,False,,Challenging,0,100%,88%,100%,7.1%,0%,93%,56%,49%,0%,-16%,84.0%,,,,1,1, worse than target,( worse than target ),480,,, worse than critical,0.142857143,6,-16,0,-16,0.928571429,,,,0,,0, better than target,3,78,84,84,45101,Point,Point,Point,Point,Point,Point,Point,0,, worse than target,9.285714286,,0.6,8,8,100,Point,Point,Point,Point,84, worse than critical,40, worse than target,16,84,84,7800,14000,,,,7,7,7,,False,False,,,,12,0
